revenue_id,revenue_month,customer_id,product_id,revenue_type,opening_mrr_inr,movement_mrr_inr,closing_mrr_inr,recognized_revenue_inr,arr_run_rate_inr
R000001,2023-01-01,C0001,P001,Recurring,95000,0,95000,95000,1140000
R000002,2023-02-01,C0001,P001,Recurring,95000,0,95000,95000,1140000
R000003,2023-03-01,C0001,P001,Recurring,95000,0,95000,95000,1140000
R000004,2023-04-01,C0001,P001,Recurring,95000,0,95000,95000,1140000
R000005,2023-05-01,C0001,P001,Recurring,95000,0,95000,95000,1140000
R000006,2023-06-01,C0001,P001,Recurring,95000,0,95000,95000,1140000
R000007,2023-07-01,C0001,P001,Recurring,95000,0,95000,95000,1140000
R000008,2023-08-01,C0001,P001,Expansion,95000,10000,105000,105000,1260000
R000009,2023-09-01,C0001,P001,Recurring,105000,0,105000,105000,1260000
R000010,2023-10-01,C0001,P001,Recurring,105000,0,105000,105000,1260000
R000011,2023-11-01,C0001,P001,Recurring,105000,0,105000,105000,1260000
R000012,2023-12-01,C0001,P001,Recurring,105000,0,105000,105000,1260000
R000013,2024-01-01,C0001,P001,Recurring,105000,0,105000,105000,1260000
R000014,2024-02-01,C0001,P001,Recurring,105000,0,105000,105000,1260000
R000015,2024-03-01,C0001,P001,Recurring,105000,0,105000,105000,1260000
R000016,2024-04-01,C0001,P001,Recurring,105000,0,105000,105000,1260000
R000017,2024-05-01,C0001,P001,Recurring,105000,0,105000,105000,1260000
R000018,2024-06-01,C0001,P001,Recurring,105000,0,105000,105000,1260000
R000019,2024-07-01,C0001,P001,Recurring,105000,0,105000,105000,1260000
R000020,2024-08-01,C0001,P001,Recurring,105000,0,105000,105000,1260000
R000021,2024-09-01,C0001,P001,Recurring,105000,0,105000,105000,1260000
R000022,2024-10-01,C0001,P001,Recurring,105000,0,105000,105000,1260000
R000023,2024-11-01,C0001,P001,Recurring,105000,0,105000,105000,1260000
R000024,2024-12-01,C0001,P001,Recurring,105000,0,105000,105000,1260000
R000025,2025-01-01,C0001,P001,Recurring,105000,0,105000,105000,1260000
R000026,2025-02-01,C0001,P001,Recurring,105000,0,105000,105000,1260000
R000027,2025-03-01,C0001,P001,Recurring,105000,0,105000,105000,1260000
R000028,2025-04-01,C0001,P001,Recurring,105000,0,105000,105000,1260000
R000029,2025-05-01,C0001,P001,Recurring,105000,0,105000,105000,1260000
R000030,2025-06-01,C0001,P001,Recurring,105000,0,105000,105000,1260000
R000031,2025-07-01,C0001,P001,Recurring,105000,0,105000,105000,1260000
R000032,2025-08-01,C0001,P001,Recurring,105000,0,105000,105000,1260000
R000033,2025-09-01,C0001,P001,Recurring,105000,0,105000,105000,1260000
R000034,2025-10-01,C0001,P001,Recurring,105000,0,105000,105000,1260000
R000035,2025-11-01,C0001,P001,Recurring,105000,0,105000,105000,1260000
R000036,2025-12-01,C0001,P001,Recurring,105000,0,105000,105000,1260000
R000037,2023-01-01,C0002,P002,Recurring,400000,0,400000,400000,4800000
R000038,2023-02-01,C0002,P002,Recurring,400000,0,400000,400000,4800000
R000039,2023-03-01,C0002,P002,Recurring,400000,0,400000,400000,4800000
R000040,2023-04-01,C0002,P002,Recurring,400000,0,400000,400000,4800000
R000041,2023-05-01,C0002,P002,Recurring,400000,0,400000,400000,4800000
R000042,2023-06-01,C0002,P002,Recurring,400000,0,400000,400000,4800000
R000043,2023-07-01,C0002,P002,Recurring,400000,0,400000,400000,4800000
R000044,2023-08-01,C0002,P002,Recurring,400000,0,400000,400000,4800000
R000045,2023-09-01,C0002,P002,Recurring,400000,0,400000,400000,4800000
R000046,2023-10-01,C0002,P002,Recurring,400000,0,400000,400000,4800000
R000047,2023-11-01,C0002,P002,Recurring,400000,0,400000,400000,4800000
R000048,2023-12-01,C0002,P002,Recurring,400000,0,400000,400000,4800000
R000049,2024-01-01,C0002,P002,Recurring,400000,0,400000,400000,4800000
R000050,2024-02-01,C0002,P002,Recurring,400000,0,400000,400000,4800000
R000051,2024-03-01,C0002,P002,Recurring,400000,0,400000,400000,4800000
R000052,2024-04-01,C0002,P002,Recurring,400000,0,400000,400000,4800000
R000053,2024-05-01,C0002,P002,Recurring,400000,0,400000,400000,4800000
R000054,2024-06-01,C0002,P002,Recurring,400000,0,400000,400000,4800000
R000055,2024-07-01,C0002,P002,Recurring,400000,0,400000,400000,4800000
R000056,2024-08-01,C0002,P002,Recurring,400000,0,400000,400000,4800000
R000057,2024-09-01,C0002,P002,Recurring,400000,0,400000,400000,4800000
R000058,2024-10-01,C0002,P002,Recurring,400000,0,400000,400000,4800000
R000059,2024-11-01,C0002,P002,Recurring,400000,0,400000,400000,4800000
R000060,2024-12-01,C0002,P002,Recurring,400000,0,400000,400000,4800000
R000061,2025-01-01,C0002,P002,Recurring,400000,0,400000,400000,4800000
R000062,2025-02-01,C0002,P002,Recurring,400000,0,400000,400000,4800000
R000063,2025-03-01,C0002,P002,Recurring,400000,0,400000,400000,4800000
R000064,2025-04-01,C0002,P002,Recurring,400000,0,400000,400000,4800000
R000065,2025-05-01,C0002,P002,Recurring,400000,0,400000,400000,4800000
R000066,2025-06-01,C0002,P002,Recurring,400000,0,400000,400000,4800000
R000067,2025-07-01,C0002,P002,Recurring,400000,0,400000,400000,4800000
R000068,2025-08-01,C0002,P002,Recurring,400000,0,400000,400000,4800000
R000069,2025-09-01,C0002,P002,Recurring,400000,0,400000,400000,4800000
R000070,2025-10-01,C0002,P002,Recurring,400000,0,400000,400000,4800000
R000071,2025-11-01,C0002,P002,Recurring,400000,0,400000,400000,4800000
R000072,2025-12-01,C0002,P002,Recurring,400000,0,400000,400000,4800000
R000073,2023-01-01,C0003,P001,Recurring,125000,0,125000,125000,1500000
R000074,2023-02-01,C0003,P001,Recurring,125000,0,125000,125000,1500000
R000075,2023-03-01,C0003,P001,Recurring,125000,0,125000,125000,1500000
R000076,2023-04-01,C0003,P001,Recurring,125000,0,125000,125000,1500000
R000077,2023-05-01,C0003,P001,Recurring,125000,0,125000,125000,1500000
R000078,2023-06-01,C0003,P001,Recurring,125000,0,125000,125000,1500000
R000079,2023-07-01,C0003,P001,Recurring,125000,0,125000,125000,1500000
R000080,2023-08-01,C0003,P001,Recurring,125000,0,125000,125000,1500000
R000081,2023-09-01,C0003,P001,Recurring,125000,0,125000,125000,1500000
R000082,2023-10-01,C0003,P001,Recurring,125000,0,125000,125000,1500000
R000083,2023-11-01,C0003,P001,Expansion,125000,10000,135000,135000,1620000
R000084,2024-02-01,C0003,P001,Reactivation,0,135000,135000,135000,1620000
R000085,2024-03-01,C0003,P001,Recurring,135000,0,135000,135000,1620000
R000086,2024-04-01,C0003,P001,Recurring,135000,0,135000,135000,1620000
R000087,2024-05-01,C0003,P001,Recurring,135000,0,135000,135000,1620000
R000088,2024-06-01,C0003,P001,Recurring,135000,0,135000,135000,1620000
R000089,2024-07-01,C0003,P001,Recurring,135000,0,135000,135000,1620000
R000090,2024-08-01,C0003,P001,Recurring,135000,0,135000,135000,1620000
R000091,2024-09-01,C0003,P001,Recurring,135000,0,135000,135000,1620000
R000092,2024-10-01,C0003,P001,Recurring,135000,0,135000,135000,1620000
R000093,2024-11-01,C0003,P001,Recurring,135000,0,135000,135000,1620000
R000094,2024-12-01,C0003,P001,Recurring,135000,0,135000,135000,1620000
R000095,2025-01-01,C0003,P001,Recurring,135000,0,135000,135000,1620000
R000096,2025-02-01,C0003,P001,Recurring,135000,0,135000,135000,1620000
R000097,2025-03-01,C0003,P001,Recurring,135000,0,135000,135000,1620000
R000098,2025-04-01,C0003,P001,Recurring,135000,0,135000,135000,1620000
R000099,2025-05-01,C0003,P001,Recurring,135000,0,135000,135000,1620000
R000100,2025-06-01,C0003,P001,Recurring,135000,0,135000,135000,1620000
R000101,2025-07-01,C0003,P001,Recurring,135000,0,135000,135000,1620000
R000102,2025-08-01,C0003,P001,Recurring,135000,0,135000,135000,1620000
R000103,2025-09-01,C0003,P001,Recurring,135000,0,135000,135000,1620000
R000104,2025-10-01,C0003,P001,Recurring,135000,0,135000,135000,1620000
R000105,2025-11-01,C0003,P001,Recurring,135000,0,135000,135000,1620000
R000106,2025-12-01,C0003,P001,Recurring,135000,0,135000,135000,1620000
R000107,2023-01-01,C0004,P001,Recurring,90000,0,90000,90000,1080000
R000108,2023-02-01,C0004,P001,Recurring,90000,0,90000,90000,1080000
R000109,2023-03-01,C0004,P001,Recurring,90000,0,90000,90000,1080000
R000110,2023-04-01,C0004,P001,Recurring,90000,0,90000,90000,1080000
R000111,2023-05-01,C0004,P001,Recurring,90000,0,90000,90000,1080000
R000112,2023-06-01,C0004,P001,Recurring,90000,0,90000,90000,1080000
R000113,2023-07-01,C0004,P001,Recurring,90000,0,90000,90000,1080000
R000114,2023-08-01,C0004,P001,Recurring,90000,0,90000,90000,1080000
R000115,2023-09-01,C0004,P001,Recurring,90000,0,90000,90000,1080000
R000116,2023-10-01,C0004,P001,Recurring,90000,0,90000,90000,1080000
R000117,2023-11-01,C0004,P001,Recurring,90000,0,90000,90000,1080000
R000118,2023-12-01,C0004,P001,Recurring,90000,0,90000,90000,1080000
R000119,2024-01-01,C0004,P001,Recurring,90000,0,90000,90000,1080000
R000120,2024-02-01,C0004,P001,Recurring,90000,0,90000,90000,1080000
R000121,2024-03-01,C0004,P001,Recurring,90000,0,90000,90000,1080000
R000122,2024-04-01,C0004,P001,Recurring,90000,0,90000,90000,1080000
R000123,2024-05-01,C0004,P001,Recurring,90000,0,90000,90000,1080000
R000124,2024-06-01,C0004,P001,Recurring,90000,0,90000,90000,1080000
R000125,2024-07-01,C0004,P001,Recurring,90000,0,90000,90000,1080000
R000126,2024-08-01,C0004,P001,Recurring,90000,0,90000,90000,1080000
R000127,2024-09-01,C0004,P001,Recurring,90000,0,90000,90000,1080000
R000128,2024-10-01,C0004,P001,Recurring,90000,0,90000,90000,1080000
R000129,2024-11-01,C0004,P001,Recurring,90000,0,90000,90000,1080000
R000130,2024-12-01,C0004,P001,Recurring,90000,0,90000,90000,1080000
R000131,2025-01-01,C0004,P001,Recurring,90000,0,90000,90000,1080000
R000132,2025-02-01,C0004,P001,Recurring,90000,0,90000,90000,1080000
R000133,2025-03-01,C0004,P001,Recurring,90000,0,90000,90000,1080000
R000134,2025-04-01,C0004,P001,Recurring,90000,0,90000,90000,1080000
R000135,2025-05-01,C0004,P001,Recurring,90000,0,90000,90000,1080000
R000136,2025-06-01,C0004,P001,Recurring,90000,0,90000,90000,1080000
R000137,2025-07-01,C0004,P001,Recurring,90000,0,90000,90000,1080000
R000138,2025-08-01,C0004,P001,Recurring,90000,0,90000,90000,1080000
R000139,2025-09-01,C0004,P001,Recurring,90000,0,90000,90000,1080000
R000140,2025-10-01,C0004,P001,Recurring,90000,0,90000,90000,1080000
R000141,2025-11-01,C0004,P001,Recurring,90000,0,90000,90000,1080000
R000142,2025-12-01,C0004,P001,Recurring,90000,0,90000,90000,1080000
R000143,2023-01-01,C0005,P001,Recurring,130000,0,130000,130000,1560000
R000144,2023-02-01,C0005,P001,Recurring,130000,0,130000,130000,1560000
R000145,2023-03-01,C0005,P001,Recurring,130000,0,130000,130000,1560000
R000146,2023-04-01,C0005,P001,Recurring,130000,0,130000,130000,1560000
R000147,2023-05-01,C0005,P001,Recurring,130000,0,130000,130000,1560000
R000148,2023-06-01,C0005,P001,Recurring,130000,0,130000,130000,1560000
R000149,2023-07-01,C0005,P001,Recurring,130000,0,130000,130000,1560000
R000150,2023-08-01,C0005,P001,Expansion,130000,20000,150000,150000,1800000
R000151,2023-09-01,C0005,P001,Recurring,150000,0,150000,150000,1800000
R000152,2023-10-01,C0005,P002,Upgrade,150000,105000,255000,255000,3060000
R000153,2023-11-01,C0005,P002,Recurring,255000,0,255000,255000,3060000
R000154,2023-12-01,C0005,P002,Recurring,255000,0,255000,255000,3060000
R000155,2024-01-01,C0005,P002,Recurring,255000,0,255000,255000,3060000
R000156,2024-02-01,C0005,P002,Recurring,255000,0,255000,255000,3060000
R000157,2024-03-01,C0005,P002,Recurring,255000,0,255000,255000,3060000
R000158,2024-04-01,C0005,P002,Recurring,255000,0,255000,255000,3060000
R000159,2024-05-01,C0005,P002,Recurring,255000,0,255000,255000,3060000
R000160,2024-06-01,C0005,P002,Recurring,255000,0,255000,255000,3060000
R000161,2024-07-01,C0005,P002,Recurring,255000,0,255000,255000,3060000
R000162,2024-08-01,C0005,P002,Recurring,255000,0,255000,255000,3060000
R000163,2024-09-01,C0005,P002,Recurring,255000,0,255000,255000,3060000
R000164,2024-10-01,C0005,P002,Recurring,255000,0,255000,255000,3060000
R000165,2024-11-01,C0005,P002,Recurring,255000,0,255000,255000,3060000
R000166,2024-12-01,C0005,P002,Recurring,255000,0,255000,255000,3060000
R000167,2025-01-01,C0005,P002,Recurring,255000,0,255000,255000,3060000
R000168,2025-02-01,C0005,P002,Recurring,255000,0,255000,255000,3060000
R000169,2025-03-01,C0005,P002,Recurring,255000,0,255000,255000,3060000
R000170,2025-04-01,C0005,P002,Recurring,255000,0,255000,255000,3060000
R000171,2025-05-01,C0005,P002,Recurring,255000,0,255000,255000,3060000
R000172,2025-06-01,C0005,P002,Recurring,255000,0,255000,255000,3060000
R000173,2025-07-01,C0005,P002,Recurring,255000,0,255000,255000,3060000
R000174,2025-08-01,C0005,P002,Recurring,255000,0,255000,255000,3060000
R000175,2025-09-01,C0005,P002,Recurring,255000,0,255000,255000,3060000
R000176,2025-10-01,C0005,P002,Recurring,255000,0,255000,255000,3060000
R000177,2025-11-01,C0005,P002,Recurring,255000,0,255000,255000,3060000
R000178,2025-12-01,C0005,P002,Recurring,255000,0,255000,255000,3060000
R000179,2023-01-01,C0006,P001,Recurring,125000,0,125000,125000,1500000
R000180,2023-02-01,C0006,P001,Recurring,125000,0,125000,125000,1500000
R000181,2023-03-01,C0006,P001,Recurring,125000,0,125000,125000,1500000
R000182,2023-04-01,C0006,P001,Recurring,125000,0,125000,125000,1500000
R000183,2023-05-01,C0006,P001,Recurring,125000,0,125000,125000,1500000
R000184,2023-06-01,C0006,P001,Recurring,125000,0,125000,125000,1500000
R000185,2023-07-01,C0006,P001,Recurring,125000,0,125000,125000,1500000
R000186,2023-08-01,C0006,P001,Recurring,125000,0,125000,125000,1500000
R000187,2023-09-01,C0006,P001,Recurring,125000,0,125000,125000,1500000
R000188,2023-10-01,C0006,P001,Recurring,125000,0,125000,125000,1500000
R000189,2023-11-01,C0006,P001,Recurring,125000,0,125000,125000,1500000
R000190,2023-12-01,C0006,P001,Recurring,125000,0,125000,125000,1500000
R000191,2024-01-01,C0006,P001,Recurring,125000,0,125000,125000,1500000
R000192,2024-02-01,C0006,P001,Recurring,125000,0,125000,125000,1500000
R000193,2024-03-01,C0006,P001,Recurring,125000,0,125000,125000,1500000
R000194,2024-04-01,C0006,P001,Recurring,125000,0,125000,125000,1500000
R000195,2024-05-01,C0006,P001,Recurring,125000,0,125000,125000,1500000
R000196,2024-06-01,C0006,P001,Recurring,125000,0,125000,125000,1500000
R000197,2024-07-01,C0006,P001,Recurring,125000,0,125000,125000,1500000
R000198,2024-08-01,C0006,P001,Recurring,125000,0,125000,125000,1500000
R000199,2024-09-01,C0006,P001,Recurring,125000,0,125000,125000,1500000
R000200,2024-10-01,C0006,P001,Recurring,125000,0,125000,125000,1500000
R000201,2024-11-01,C0006,P001,Recurring,125000,0,125000,125000,1500000
R000202,2024-12-01,C0006,P001,Recurring,125000,0,125000,125000,1500000
R000203,2025-01-01,C0006,P001,Recurring,125000,0,125000,125000,1500000
R000204,2025-02-01,C0006,P001,Recurring,125000,0,125000,125000,1500000
R000205,2025-03-01,C0006,P001,Recurring,125000,0,125000,125000,1500000
R000206,2025-04-01,C0006,P001,Recurring,125000,0,125000,125000,1500000
R000207,2025-05-01,C0006,P001,Recurring,125000,0,125000,125000,1500000
R000208,2025-06-01,C0006,P001,Recurring,125000,0,125000,125000,1500000
R000209,2025-07-01,C0006,P001,Recurring,125000,0,125000,125000,1500000
R000210,2025-08-01,C0006,P001,Recurring,125000,0,125000,125000,1500000
R000211,2025-09-01,C0006,P001,Recurring,125000,0,125000,125000,1500000
R000212,2025-10-01,C0006,P001,Recurring,125000,0,125000,125000,1500000
R000213,2025-11-01,C0006,P001,Recurring,125000,0,125000,125000,1500000
R000214,2025-12-01,C0006,P001,Recurring,125000,0,125000,125000,1500000
R000215,2023-01-01,C0007,P001,Recurring,170000,0,170000,170000,2040000
R000216,2023-02-01,C0007,P001,Recurring,170000,0,170000,170000,2040000
R000217,2023-03-01,C0007,P001,Recurring,170000,0,170000,170000,2040000
R000218,2023-04-01,C0007,P001,Recurring,170000,0,170000,170000,2040000
R000219,2023-05-01,C0007,P001,Recurring,170000,0,170000,170000,2040000
R000220,2023-06-01,C0007,P001,Recurring,170000,0,170000,170000,2040000
R000221,2023-07-01,C0007,P001,Recurring,170000,0,170000,170000,2040000
R000222,2023-08-01,C0007,P001,Recurring,170000,0,170000,170000,2040000
R000223,2023-09-01,C0007,P001,Expansion,170000,20000,190000,190000,2280000
R000224,2023-10-01,C0007,P001,Recurring,190000,0,190000,190000,2280000
R000225,2023-11-01,C0007,P001,Recurring,190000,0,190000,190000,2280000
R000226,2023-12-01,C0007,P001,Recurring,190000,0,190000,190000,2280000
R000227,2024-01-01,C0007,P001,Recurring,190000,0,190000,190000,2280000
R000228,2024-02-01,C0007,P001,Recurring,190000,0,190000,190000,2280000
R000229,2024-03-01,C0007,P001,Recurring,190000,0,190000,190000,2280000
R000230,2024-04-01,C0007,P001,Recurring,190000,0,190000,190000,2280000
R000231,2024-05-01,C0007,P001,Recurring,190000,0,190000,190000,2280000
R000232,2024-06-01,C0007,P001,Recurring,190000,0,190000,190000,2280000
R000233,2024-07-01,C0007,P001,Recurring,190000,0,190000,190000,2280000
R000234,2024-08-01,C0007,P001,Recurring,190000,0,190000,190000,2280000
R000235,2024-09-01,C0007,P001,Recurring,190000,0,190000,190000,2280000
R000236,2024-10-01,C0007,P001,Recurring,190000,0,190000,190000,2280000
R000237,2024-11-01,C0007,P001,Recurring,190000,0,190000,190000,2280000
R000238,2024-12-01,C0007,P001,Recurring,190000,0,190000,190000,2280000
R000239,2025-01-01,C0007,P001,Recurring,190000,0,190000,190000,2280000
R000240,2025-02-01,C0007,P001,Recurring,190000,0,190000,190000,2280000
R000241,2025-03-01,C0007,P001,Recurring,190000,0,190000,190000,2280000
R000242,2025-04-01,C0007,P001,Recurring,190000,0,190000,190000,2280000
R000243,2025-05-01,C0007,P001,Recurring,190000,0,190000,190000,2280000
R000244,2025-06-01,C0007,P001,Recurring,190000,0,190000,190000,2280000
R000245,2025-07-01,C0007,P001,Recurring,190000,0,190000,190000,2280000
R000246,2025-08-01,C0007,P001,Recurring,190000,0,190000,190000,2280000
R000247,2025-09-01,C0007,P001,Recurring,190000,0,190000,190000,2280000
R000248,2025-10-01,C0007,P001,Recurring,190000,0,190000,190000,2280000
R000249,2025-11-01,C0007,P001,Recurring,190000,0,190000,190000,2280000
R000250,2025-12-01,C0007,P001,Recurring,190000,0,190000,190000,2280000
R000251,2023-01-01,C0008,P001,Recurring,135000,0,135000,135000,1620000
R000252,2023-02-01,C0008,P001,Recurring,135000,0,135000,135000,1620000
R000253,2023-03-01,C0008,P001,Recurring,135000,0,135000,135000,1620000
R000254,2023-04-01,C0008,P001,Recurring,135000,0,135000,135000,1620000
R000255,2023-05-01,C0008,P001,Recurring,135000,0,135000,135000,1620000
R000256,2023-06-01,C0008,P001,Recurring,135000,0,135000,135000,1620000
R000257,2023-07-01,C0008,P001,Recurring,135000,0,135000,135000,1620000
R000258,2023-08-01,C0008,P001,Recurring,135000,0,135000,135000,1620000
R000259,2023-09-01,C0008,P001,Recurring,135000,0,135000,135000,1620000
R000260,2023-10-01,C0008,P001,Recurring,135000,0,135000,135000,1620000
R000261,2023-11-01,C0008,P001,Recurring,135000,0,135000,135000,1620000
R000262,2023-12-01,C0008,P002,Upgrade,135000,115000,250000,250000,3000000
R000263,2024-01-01,C0008,P002,Recurring,250000,0,250000,250000,3000000
R000264,2024-02-01,C0008,P002,Recurring,250000,0,250000,250000,3000000
R000265,2024-03-01,C0008,P002,Recurring,250000,0,250000,250000,3000000
R000266,2024-04-01,C0008,P002,Recurring,250000,0,250000,250000,3000000
R000267,2024-05-01,C0008,P002,Recurring,250000,0,250000,250000,3000000
R000268,2024-06-01,C0008,P002,Recurring,250000,0,250000,250000,3000000
R000269,2024-07-01,C0008,P002,Recurring,250000,0,250000,250000,3000000
R000270,2024-08-01,C0008,P002,Recurring,250000,0,250000,250000,3000000
R000271,2024-09-01,C0008,P002,Recurring,250000,0,250000,250000,3000000
R000272,2024-10-01,C0008,P002,Recurring,250000,0,250000,250000,3000000
R000273,2024-11-01,C0008,P002,Recurring,250000,0,250000,250000,3000000
R000274,2024-12-01,C0008,P002,Recurring,250000,0,250000,250000,3000000
R000275,2025-01-01,C0008,P002,Recurring,250000,0,250000,250000,3000000
R000276,2025-02-01,C0008,P002,Recurring,250000,0,250000,250000,3000000
R000277,2025-03-01,C0008,P002,Recurring,250000,0,250000,250000,3000000
R000278,2025-04-01,C0008,P002,Recurring,250000,0,250000,250000,3000000
R000279,2025-05-01,C0008,P002,Recurring,250000,0,250000,250000,3000000
R000280,2025-06-01,C0008,P002,Recurring,250000,0,250000,250000,3000000
R000281,2025-07-01,C0008,P002,Recurring,250000,0,250000,250000,3000000
R000282,2025-08-01,C0008,P002,Recurring,250000,0,250000,250000,3000000
R000283,2025-09-01,C0008,P002,Recurring,250000,0,250000,250000,3000000
R000284,2025-10-01,C0008,P002,Recurring,250000,0,250000,250000,3000000
R000285,2025-11-01,C0008,P002,Recurring,250000,0,250000,250000,3000000
R000286,2025-12-01,C0008,P002,Recurring,250000,0,250000,250000,3000000
R000287,2023-01-01,C0009,P001,Recurring,90000,0,90000,90000,1080000
R000288,2023-02-01,C0009,P001,Recurring,90000,0,90000,90000,1080000
R000289,2023-03-01,C0009,P001,Recurring,90000,0,90000,90000,1080000
R000290,2023-04-01,C0009,P001,Recurring,90000,0,90000,90000,1080000
R000291,2023-05-01,C0009,P001,Recurring,90000,0,90000,90000,1080000
R000292,2023-06-01,C0009,P001,Recurring,90000,0,90000,90000,1080000
R000293,2023-07-01,C0009,P001,Recurring,90000,0,90000,90000,1080000
R000294,2023-08-01,C0009,P001,Recurring,90000,0,90000,90000,1080000
R000295,2023-09-01,C0009,P001,Recurring,90000,0,90000,90000,1080000
R000296,2023-10-01,C0009,P001,Recurring,90000,0,90000,90000,1080000
R000297,2023-11-01,C0009,P001,Recurring,90000,0,90000,90000,1080000
R000298,2023-12-01,C0009,P001,Recurring,90000,0,90000,90000,1080000
R000299,2024-01-01,C0009,P001,Recurring,90000,0,90000,90000,1080000
R000300,2024-02-01,C0009,P001,Recurring,90000,0,90000,90000,1080000
R000301,2024-03-01,C0009,P001,Recurring,90000,0,90000,90000,1080000
R000302,2024-04-01,C0009,P001,Recurring,90000,0,90000,90000,1080000
R000303,2024-05-01,C0009,P001,Recurring,90000,0,90000,90000,1080000
R000304,2024-06-01,C0009,P001,Recurring,90000,0,90000,90000,1080000
R000305,2024-07-01,C0009,P001,Recurring,90000,0,90000,90000,1080000
R000306,2024-08-01,C0009,P001,Recurring,90000,0,90000,90000,1080000
R000307,2024-09-01,C0009,P001,Recurring,90000,0,90000,90000,1080000
R000308,2024-10-01,C0009,P001,Recurring,90000,0,90000,90000,1080000
R000309,2024-11-01,C0009,P001,Recurring,90000,0,90000,90000,1080000
R000310,2024-12-01,C0009,P001,Recurring,90000,0,90000,90000,1080000
R000311,2025-01-01,C0009,P001,Expansion,90000,15000,105000,105000,1260000
R000312,2025-02-01,C0009,P001,Recurring,105000,0,105000,105000,1260000
R000313,2025-03-01,C0009,P001,Recurring,105000,0,105000,105000,1260000
R000314,2025-04-01,C0009,P001,Recurring,105000,0,105000,105000,1260000
R000315,2025-05-01,C0009,P001,Recurring,105000,0,105000,105000,1260000
R000316,2025-06-01,C0009,P001,Recurring,105000,0,105000,105000,1260000
R000317,2025-07-01,C0009,P001,Recurring,105000,0,105000,105000,1260000
R000318,2025-08-01,C0009,P001,Recurring,105000,0,105000,105000,1260000
R000319,2025-09-01,C0009,P001,Recurring,105000,0,105000,105000,1260000
R000320,2025-10-01,C0009,P001,Recurring,105000,0,105000,105000,1260000
R000321,2025-11-01,C0009,P001,Recurring,105000,0,105000,105000,1260000
R000322,2025-12-01,C0009,P001,Recurring,105000,0,105000,105000,1260000
R000323,2023-01-01,C0010,P002,Recurring,420000,0,420000,420000,5040000
R000324,2023-02-01,C0010,P002,Recurring,420000,0,420000,420000,5040000
R000325,2023-03-01,C0010,P002,Recurring,420000,0,420000,420000,5040000
R000326,2023-04-01,C0010,P002,Recurring,420000,0,420000,420000,5040000
R000327,2023-05-01,C0010,P002,Recurring,420000,0,420000,420000,5040000
R000328,2023-06-01,C0010,P002,Recurring,420000,0,420000,420000,5040000
R000329,2023-07-01,C0010,P002,Recurring,420000,0,420000,420000,5040000
R000330,2023-08-01,C0010,P002,Expansion,420000,45000,465000,465000,5580000
R000331,2023-09-01,C0010,P002,Recurring,465000,0,465000,465000,5580000
R000332,2023-10-01,C0010,P002,Recurring,465000,0,465000,465000,5580000
R000333,2023-11-01,C0010,P002,Recurring,465000,0,465000,465000,5580000
R000334,2023-12-01,C0010,P002,Recurring,465000,0,465000,465000,5580000
R000335,2024-01-01,C0010,P002,Recurring,465000,0,465000,465000,5580000
R000336,2024-02-01,C0010,P002,Recurring,465000,0,465000,465000,5580000
R000337,2024-03-01,C0010,P002,Recurring,465000,0,465000,465000,5580000
R000338,2024-04-01,C0010,P002,Recurring,465000,0,465000,465000,5580000
R000339,2024-05-01,C0010,P002,Recurring,465000,0,465000,465000,5580000
R000340,2024-06-01,C0010,P002,Recurring,465000,0,465000,465000,5580000
R000341,2024-07-01,C0010,P002,Recurring,465000,0,465000,465000,5580000
R000342,2024-08-01,C0010,P002,Recurring,465000,0,465000,465000,5580000
R000343,2024-09-01,C0010,P002,Recurring,465000,0,465000,465000,5580000
R000344,2024-10-01,C0010,P002,Recurring,465000,0,465000,465000,5580000
R000345,2024-11-01,C0010,P002,Recurring,465000,0,465000,465000,5580000
R000346,2024-12-01,C0010,P002,Recurring,465000,0,465000,465000,5580000
R000347,2025-01-01,C0010,P002,Recurring,465000,0,465000,465000,5580000
R000348,2025-02-01,C0010,P002,Recurring,465000,0,465000,465000,5580000
R000349,2025-03-01,C0010,P002,Recurring,465000,0,465000,465000,5580000
R000350,2025-04-01,C0010,P002,Recurring,465000,0,465000,465000,5580000
R000351,2025-05-01,C0010,P002,Recurring,465000,0,465000,465000,5580000
R000352,2025-06-01,C0010,P002,Recurring,465000,0,465000,465000,5580000
R000353,2025-07-01,C0010,P002,Recurring,465000,0,465000,465000,5580000
R000354,2025-08-01,C0010,P002,Recurring,465000,0,465000,465000,5580000
R000355,2025-09-01,C0010,P002,Recurring,465000,0,465000,465000,5580000
R000356,2025-10-01,C0010,P002,Recurring,465000,0,465000,465000,5580000
R000357,2025-11-01,C0010,P002,Recurring,465000,0,465000,465000,5580000
R000358,2025-12-01,C0010,P002,Recurring,465000,0,465000,465000,5580000
R000359,2023-01-01,C0011,P002,Recurring,340000,0,340000,340000,4080000
R000360,2023-02-01,C0011,P002,Recurring,340000,0,340000,340000,4080000
R000361,2023-03-01,C0011,P002,Recurring,340000,0,340000,340000,4080000
R000362,2023-04-01,C0011,P002,Recurring,340000,0,340000,340000,4080000
R000363,2023-05-01,C0011,P002,Recurring,340000,0,340000,340000,4080000
R000364,2023-06-01,C0011,P002,Recurring,340000,0,340000,340000,4080000
R000365,2023-07-01,C0011,P002,Recurring,340000,0,340000,340000,4080000
R000366,2023-08-01,C0011,P002,Expansion,340000,50000,390000,390000,4680000
R000367,2023-09-01,C0011,P002,Recurring,390000,0,390000,390000,4680000
R000368,2023-10-01,C0011,P002,Recurring,390000,0,390000,390000,4680000
R000369,2023-11-01,C0011,P002,Recurring,390000,0,390000,390000,4680000
R000370,2023-12-01,C0011,P002,Recurring,390000,0,390000,390000,4680000
R000371,2024-01-01,C0011,P002,Recurring,390000,0,390000,390000,4680000
R000372,2024-02-01,C0011,P002,Recurring,390000,0,390000,390000,4680000
R000373,2024-03-01,C0011,P002,Recurring,390000,0,390000,390000,4680000
R000374,2024-04-01,C0011,P002,Recurring,390000,0,390000,390000,4680000
R000375,2024-05-01,C0011,P002,Recurring,390000,0,390000,390000,4680000
R000376,2024-06-01,C0011,P002,Recurring,390000,0,390000,390000,4680000
R000377,2024-07-01,C0011,P002,Recurring,390000,0,390000,390000,4680000
R000378,2024-08-01,C0011,P002,Recurring,390000,0,390000,390000,4680000
R000379,2024-09-01,C0011,P002,Recurring,390000,0,390000,390000,4680000
R000380,2024-10-01,C0011,P002,Recurring,390000,0,390000,390000,4680000
R000381,2024-11-01,C0011,P002,Recurring,390000,0,390000,390000,4680000
R000382,2024-12-01,C0011,P002,Recurring,390000,0,390000,390000,4680000
R000383,2025-01-01,C0011,P002,Recurring,390000,0,390000,390000,4680000
R000384,2025-02-01,C0011,P002,Recurring,390000,0,390000,390000,4680000
R000385,2025-03-01,C0011,P002,Recurring,390000,0,390000,390000,4680000
R000386,2025-04-01,C0011,P002,Recurring,390000,0,390000,390000,4680000
R000387,2025-05-01,C0011,P002,Recurring,390000,0,390000,390000,4680000
R000388,2025-06-01,C0011,P002,Recurring,390000,0,390000,390000,4680000
R000389,2025-07-01,C0011,P002,Recurring,390000,0,390000,390000,4680000
R000390,2025-08-01,C0011,P002,Recurring,390000,0,390000,390000,4680000
R000391,2025-09-01,C0011,P002,Recurring,390000,0,390000,390000,4680000
R000392,2025-10-01,C0011,P002,Recurring,390000,0,390000,390000,4680000
R000393,2025-11-01,C0011,P002,Recurring,390000,0,390000,390000,4680000
R000394,2025-12-01,C0011,P002,Recurring,390000,0,390000,390000,4680000
R000395,2023-01-01,C0012,P001,Recurring,95000,0,95000,95000,1140000
R000396,2023-02-01,C0012,P001,Recurring,95000,0,95000,95000,1140000
R000397,2023-03-01,C0012,P001,Recurring,95000,0,95000,95000,1140000
R000398,2023-04-01,C0012,P001,Recurring,95000,0,95000,95000,1140000
R000399,2023-05-01,C0012,P001,Recurring,95000,0,95000,95000,1140000
R000400,2023-06-01,C0012,P001,Recurring,95000,0,95000,95000,1140000
R000401,2023-07-01,C0012,P001,Recurring,95000,0,95000,95000,1140000
R000402,2023-08-01,C0012,P001,Recurring,95000,0,95000,95000,1140000
R000403,2023-09-01,C0012,P001,Recurring,95000,0,95000,95000,1140000
R000404,2023-10-01,C0012,P001,Recurring,95000,0,95000,95000,1140000
R000405,2023-11-01,C0012,P001,Recurring,95000,0,95000,95000,1140000
R000406,2023-12-01,C0012,P001,Recurring,95000,0,95000,95000,1140000
R000407,2024-01-01,C0012,P001,Recurring,95000,0,95000,95000,1140000
R000408,2024-02-01,C0012,P001,Recurring,95000,0,95000,95000,1140000
R000409,2024-03-01,C0012,P001,Recurring,95000,0,95000,95000,1140000
R000410,2024-04-01,C0012,P001,Recurring,95000,0,95000,95000,1140000
R000411,2024-05-01,C0012,P001,Recurring,95000,0,95000,95000,1140000
R000412,2024-06-01,C0012,P001,Recurring,95000,0,95000,95000,1140000
R000413,2024-07-01,C0012,P001,Recurring,95000,0,95000,95000,1140000
R000414,2024-08-01,C0012,P001,Recurring,95000,0,95000,95000,1140000
R000415,2024-09-01,C0012,P001,Recurring,95000,0,95000,95000,1140000
R000416,2024-10-01,C0012,P001,Recurring,95000,0,95000,95000,1140000
R000417,2024-11-01,C0012,P001,Recurring,95000,0,95000,95000,1140000
R000418,2024-12-01,C0012,P001,Recurring,95000,0,95000,95000,1140000
R000419,2025-01-01,C0012,P001,Recurring,95000,0,95000,95000,1140000
R000420,2025-02-01,C0012,P001,Recurring,95000,0,95000,95000,1140000
R000421,2025-03-01,C0012,P001,Recurring,95000,0,95000,95000,1140000
R000422,2025-04-01,C0012,P001,Recurring,95000,0,95000,95000,1140000
R000423,2025-05-01,C0012,P001,Recurring,95000,0,95000,95000,1140000
R000424,2025-06-01,C0012,P001,Recurring,95000,0,95000,95000,1140000
R000425,2025-07-01,C0012,P001,Recurring,95000,0,95000,95000,1140000
R000426,2025-08-01,C0012,P001,Recurring,95000,0,95000,95000,1140000
R000427,2025-09-01,C0012,P001,Recurring,95000,0,95000,95000,1140000
R000428,2025-10-01,C0012,P001,Recurring,95000,0,95000,95000,1140000
R000429,2025-11-01,C0012,P001,Recurring,95000,0,95000,95000,1140000
R000430,2025-12-01,C0012,P001,Recurring,95000,0,95000,95000,1140000
R000431,2023-01-01,C0013,P001,Recurring,100000,0,100000,100000,1200000
R000432,2023-02-01,C0013,P001,Recurring,100000,0,100000,100000,1200000
R000433,2023-03-01,C0013,P001,Recurring,100000,0,100000,100000,1200000
R000434,2023-04-01,C0013,P001,Recurring,100000,0,100000,100000,1200000
R000435,2023-05-01,C0013,P001,Recurring,100000,0,100000,100000,1200000
R000436,2023-06-01,C0013,P001,Recurring,100000,0,100000,100000,1200000
R000437,2023-07-01,C0013,P001,Recurring,100000,0,100000,100000,1200000
R000438,2023-08-01,C0013,P001,Recurring,100000,0,100000,100000,1200000
R000439,2023-09-01,C0013,P001,Recurring,100000,0,100000,100000,1200000
R000440,2023-10-01,C0013,P001,Recurring,100000,0,100000,100000,1200000
R000441,2023-11-01,C0013,P001,Recurring,100000,0,100000,100000,1200000
R000442,2023-12-01,C0013,P001,Recurring,100000,0,100000,100000,1200000
R000443,2024-01-01,C0013,P001,Recurring,100000,0,100000,100000,1200000
R000444,2024-02-01,C0013,P001,Recurring,100000,0,100000,100000,1200000
R000445,2024-03-01,C0013,P001,Recurring,100000,0,100000,100000,1200000
R000446,2024-04-01,C0013,P001,Recurring,100000,0,100000,100000,1200000
R000447,2024-05-01,C0013,P001,Recurring,100000,0,100000,100000,1200000
R000448,2024-06-01,C0013,P001,Recurring,100000,0,100000,100000,1200000
R000449,2024-07-01,C0013,P001,Recurring,100000,0,100000,100000,1200000
R000450,2024-08-01,C0013,P001,Recurring,100000,0,100000,100000,1200000
R000451,2024-09-01,C0013,P001,Recurring,100000,0,100000,100000,1200000
R000452,2024-10-01,C0013,P001,Recurring,100000,0,100000,100000,1200000
R000453,2024-11-01,C0013,P001,Recurring,100000,0,100000,100000,1200000
R000454,2024-12-01,C0013,P001,Recurring,100000,0,100000,100000,1200000
R000455,2025-01-01,C0013,P001,Recurring,100000,0,100000,100000,1200000
R000456,2025-02-01,C0013,P001,Recurring,100000,0,100000,100000,1200000
R000457,2025-03-01,C0013,P001,Recurring,100000,0,100000,100000,1200000
R000458,2025-04-01,C0013,P001,Recurring,100000,0,100000,100000,1200000
R000459,2025-05-01,C0013,P001,Recurring,100000,0,100000,100000,1200000
R000460,2025-06-01,C0013,P001,Recurring,100000,0,100000,100000,1200000
R000461,2025-07-01,C0013,P001,Recurring,100000,0,100000,100000,1200000
R000462,2025-08-01,C0013,P001,Recurring,100000,0,100000,100000,1200000
R000463,2025-09-01,C0013,P001,Recurring,100000,0,100000,100000,1200000
R000464,2025-10-01,C0013,P001,Recurring,100000,0,100000,100000,1200000
R000465,2025-11-01,C0013,P001,Recurring,100000,0,100000,100000,1200000
R000466,2025-12-01,C0013,P001,Recurring,100000,0,100000,100000,1200000
R000467,2023-01-01,C0014,P001,Recurring,95000,0,95000,95000,1140000
R000468,2023-02-01,C0014,P001,Recurring,95000,0,95000,95000,1140000
R000469,2023-03-01,C0014,P001,Recurring,95000,0,95000,95000,1140000
R000470,2023-04-01,C0014,P001,Recurring,95000,0,95000,95000,1140000
R000471,2023-05-01,C0014,P001,Recurring,95000,0,95000,95000,1140000
R000472,2023-06-01,C0014,P001,Expansion,95000,15000,110000,110000,1320000
R000473,2023-07-01,C0014,P001,Recurring,110000,0,110000,110000,1320000
R000474,2023-08-01,C0014,P001,Recurring,110000,0,110000,110000,1320000
R000475,2023-09-01,C0014,P001,Recurring,110000,0,110000,110000,1320000
R000476,2023-10-01,C0014,P001,Recurring,110000,0,110000,110000,1320000
R000477,2023-11-01,C0014,P001,Recurring,110000,0,110000,110000,1320000
R000478,2023-12-01,C0014,P001,Recurring,110000,0,110000,110000,1320000
R000479,2024-01-01,C0014,P001,Recurring,110000,0,110000,110000,1320000
R000480,2024-02-01,C0014,P001,Recurring,110000,0,110000,110000,1320000
R000481,2024-03-01,C0014,P001,Recurring,110000,0,110000,110000,1320000
R000482,2024-04-01,C0014,P001,Recurring,110000,0,110000,110000,1320000
R000483,2024-05-01,C0014,P001,Recurring,110000,0,110000,110000,1320000
R000484,2024-06-01,C0014,P001,Recurring,110000,0,110000,110000,1320000
R000485,2024-07-01,C0014,P001,Recurring,110000,0,110000,110000,1320000
R000486,2024-08-01,C0014,P001,Recurring,110000,0,110000,110000,1320000
R000487,2024-09-01,C0014,P001,Recurring,110000,0,110000,110000,1320000
R000488,2024-10-01,C0014,P001,Recurring,110000,0,110000,110000,1320000
R000489,2024-11-01,C0014,P001,Recurring,110000,0,110000,110000,1320000
R000490,2024-12-01,C0014,P001,Recurring,110000,0,110000,110000,1320000
R000491,2025-01-01,C0014,P001,Recurring,110000,0,110000,110000,1320000
R000492,2025-02-01,C0014,P001,Recurring,110000,0,110000,110000,1320000
R000493,2025-03-01,C0014,P001,Recurring,110000,0,110000,110000,1320000
R000494,2025-04-01,C0014,P001,Recurring,110000,0,110000,110000,1320000
R000495,2025-05-01,C0014,P001,Recurring,110000,0,110000,110000,1320000
R000496,2025-06-01,C0014,P001,Recurring,110000,0,110000,110000,1320000
R000497,2025-07-01,C0014,P001,Recurring,110000,0,110000,110000,1320000
R000498,2025-08-01,C0014,P001,Recurring,110000,0,110000,110000,1320000
R000499,2025-09-01,C0014,P001,Recurring,110000,0,110000,110000,1320000
R000500,2025-10-01,C0014,P001,Recurring,110000,0,110000,110000,1320000
R000501,2025-11-01,C0014,P001,Recurring,110000,0,110000,110000,1320000
R000502,2025-12-01,C0014,P001,Recurring,110000,0,110000,110000,1320000
R000503,2023-01-01,C0015,P001,Recurring,165000,0,165000,165000,1980000
R000504,2023-02-01,C0015,P001,Recurring,165000,0,165000,165000,1980000
R000505,2023-03-01,C0015,P001,Recurring,165000,0,165000,165000,1980000
R000506,2023-04-01,C0015,P001,Recurring,165000,0,165000,165000,1980000
R000507,2023-05-01,C0015,P001,Recurring,165000,0,165000,165000,1980000
R000508,2023-06-01,C0015,P001,Recurring,165000,0,165000,165000,1980000
R000509,2023-07-01,C0015,P001,Recurring,165000,0,165000,165000,1980000
R000510,2023-08-01,C0015,P001,Recurring,165000,0,165000,165000,1980000
R000511,2023-09-01,C0015,P001,Recurring,165000,0,165000,165000,1980000
R000512,2023-10-01,C0015,P001,Expansion,165000,15000,180000,180000,2160000
R000513,2023-11-01,C0015,P001,Recurring,180000,0,180000,180000,2160000
R000514,2023-12-01,C0015,P001,Recurring,180000,0,180000,180000,2160000
R000515,2024-01-01,C0015,P001,Recurring,180000,0,180000,180000,2160000
R000516,2024-02-01,C0015,P001,Recurring,180000,0,180000,180000,2160000
R000517,2024-03-01,C0015,P001,Recurring,180000,0,180000,180000,2160000
R000518,2024-04-01,C0015,P002,Upgrade,180000,115000,295000,295000,3540000
R000519,2024-05-01,C0015,P002,Recurring,295000,0,295000,295000,3540000
R000520,2024-06-01,C0015,P002,Recurring,295000,0,295000,295000,3540000
R000521,2024-07-01,C0015,P002,Recurring,295000,0,295000,295000,3540000
R000522,2024-08-01,C0015,P002,Recurring,295000,0,295000,295000,3540000
R000523,2024-09-01,C0015,P002,Recurring,295000,0,295000,295000,3540000
R000524,2024-10-01,C0015,P002,Recurring,295000,0,295000,295000,3540000
R000525,2024-11-01,C0015,P002,Recurring,295000,0,295000,295000,3540000
R000526,2024-12-01,C0015,P002,Recurring,295000,0,295000,295000,3540000
R000527,2025-01-01,C0015,P002,Recurring,295000,0,295000,295000,3540000
R000528,2025-02-01,C0015,P002,Recurring,295000,0,295000,295000,3540000
R000529,2025-03-01,C0015,P002,Recurring,295000,0,295000,295000,3540000
R000530,2025-04-01,C0015,P002,Recurring,295000,0,295000,295000,3540000
R000531,2025-05-01,C0015,P002,Recurring,295000,0,295000,295000,3540000
R000532,2025-06-01,C0015,P002,Recurring,295000,0,295000,295000,3540000
R000533,2025-07-01,C0015,P002,Recurring,295000,0,295000,295000,3540000
R000534,2025-08-01,C0015,P002,Recurring,295000,0,295000,295000,3540000
R000535,2025-09-01,C0015,P002,Recurring,295000,0,295000,295000,3540000
R000536,2025-10-01,C0015,P002,Recurring,295000,0,295000,295000,3540000
R000537,2025-11-01,C0015,P002,Recurring,295000,0,295000,295000,3540000
R000538,2025-12-01,C0015,P002,Recurring,295000,0,295000,295000,3540000
R000539,2023-01-01,C0016,P002,Recurring,350000,0,350000,350000,4200000
R000540,2023-02-01,C0016,P002,Recurring,350000,0,350000,350000,4200000
R000541,2023-03-01,C0016,P002,Recurring,350000,0,350000,350000,4200000
R000542,2023-04-01,C0016,P002,Recurring,350000,0,350000,350000,4200000
R000543,2023-05-01,C0016,P002,Recurring,350000,0,350000,350000,4200000
R000544,2023-06-01,C0016,P002,Recurring,350000,0,350000,350000,4200000
R000545,2023-07-01,C0016,P002,Recurring,350000,0,350000,350000,4200000
R000546,2023-08-01,C0016,P002,Recurring,350000,0,350000,350000,4200000
R000547,2023-09-01,C0016,P002,Recurring,350000,0,350000,350000,4200000
R000548,2023-10-01,C0016,P002,Recurring,350000,0,350000,350000,4200000
R000549,2023-11-01,C0016,P002,Recurring,350000,0,350000,350000,4200000
R000550,2023-12-01,C0016,P002,Recurring,350000,0,350000,350000,4200000
R000551,2024-01-01,C0016,P002,Recurring,350000,0,350000,350000,4200000
R000552,2024-02-01,C0016,P002,Recurring,350000,0,350000,350000,4200000
R000553,2024-03-01,C0016,P002,Recurring,350000,0,350000,350000,4200000
R000554,2024-04-01,C0016,P002,Recurring,350000,0,350000,350000,4200000
R000555,2024-05-01,C0016,P002,Recurring,350000,0,350000,350000,4200000
R000556,2024-06-01,C0016,P002,Recurring,350000,0,350000,350000,4200000
R000557,2024-07-01,C0016,P002,Recurring,350000,0,350000,350000,4200000
R000558,2024-08-01,C0016,P002,Expansion,350000,55000,405000,405000,4860000
R000559,2025-01-01,C0016,P002,Reactivation,0,405000,405000,405000,4860000
R000560,2025-02-01,C0016,P002,Recurring,405000,0,405000,405000,4860000
R000561,2025-03-01,C0016,P002,Recurring,405000,0,405000,405000,4860000
R000562,2025-04-01,C0016,P002,Recurring,405000,0,405000,405000,4860000
R000563,2025-05-01,C0016,P002,Recurring,405000,0,405000,405000,4860000
R000564,2025-06-01,C0016,P002,Recurring,405000,0,405000,405000,4860000
R000565,2025-07-01,C0016,P002,Recurring,405000,0,405000,405000,4860000
R000566,2025-08-01,C0016,P002,Recurring,405000,0,405000,405000,4860000
R000567,2025-09-01,C0016,P002,Recurring,405000,0,405000,405000,4860000
R000568,2025-10-01,C0016,P002,Recurring,405000,0,405000,405000,4860000
R000569,2025-11-01,C0016,P002,Recurring,405000,0,405000,405000,4860000
R000570,2025-12-01,C0016,P002,Recurring,405000,0,405000,405000,4860000
R000571,2023-01-01,C0017,P002,Recurring,460000,0,460000,460000,5520000
R000572,2023-02-01,C0017,P002,Recurring,460000,0,460000,460000,5520000
R000573,2023-03-01,C0017,P002,Recurring,460000,0,460000,460000,5520000
R000574,2023-04-01,C0017,P002,Recurring,460000,0,460000,460000,5520000
R000575,2023-05-01,C0017,P002,Recurring,460000,0,460000,460000,5520000
R000576,2023-06-01,C0017,P002,Recurring,460000,0,460000,460000,5520000
R000577,2023-07-01,C0017,P002,Recurring,460000,0,460000,460000,5520000
R000578,2023-08-01,C0017,P002,Recurring,460000,0,460000,460000,5520000
R000579,2023-09-01,C0017,P002,Recurring,460000,0,460000,460000,5520000
R000580,2023-01-01,C0018,P002,Recurring,310000,0,310000,310000,3720000
R000581,2023-02-01,C0018,P002,Recurring,310000,0,310000,310000,3720000
R000582,2023-03-01,C0018,P002,Recurring,310000,0,310000,310000,3720000
R000583,2023-04-01,C0018,P002,Recurring,310000,0,310000,310000,3720000
R000584,2023-05-01,C0018,P002,Recurring,310000,0,310000,310000,3720000
R000585,2023-06-01,C0018,P002,Recurring,310000,0,310000,310000,3720000
R000586,2023-07-01,C0018,P002,Recurring,310000,0,310000,310000,3720000
R000587,2023-08-01,C0018,P002,Recurring,310000,0,310000,310000,3720000
R000588,2023-09-01,C0018,P002,Recurring,310000,0,310000,310000,3720000
R000589,2023-10-01,C0018,P002,Recurring,310000,0,310000,310000,3720000
R000590,2023-11-01,C0018,P002,Recurring,310000,0,310000,310000,3720000
R000591,2023-12-01,C0018,P002,Recurring,310000,0,310000,310000,3720000
R000592,2024-01-01,C0018,P002,Recurring,310000,0,310000,310000,3720000
R000593,2024-02-01,C0018,P002,Recurring,310000,0,310000,310000,3720000
R000594,2024-03-01,C0018,P002,Recurring,310000,0,310000,310000,3720000
R000595,2024-04-01,C0018,P002,Recurring,310000,0,310000,310000,3720000
R000596,2024-05-01,C0018,P002,Expansion,310000,25000,335000,335000,4020000
R000597,2024-06-01,C0018,P002,Recurring,335000,0,335000,335000,4020000
R000598,2024-07-01,C0018,P002,Recurring,335000,0,335000,335000,4020000
R000599,2024-08-01,C0018,P002,Recurring,335000,0,335000,335000,4020000
R000600,2024-09-01,C0018,P002,Recurring,335000,0,335000,335000,4020000
R000601,2024-10-01,C0018,P002,Recurring,335000,0,335000,335000,4020000
R000602,2024-11-01,C0018,P002,Recurring,335000,0,335000,335000,4020000
R000603,2024-12-01,C0018,P002,Recurring,335000,0,335000,335000,4020000
R000604,2025-01-01,C0018,P002,Recurring,335000,0,335000,335000,4020000
R000605,2025-02-01,C0018,P002,Recurring,335000,0,335000,335000,4020000
R000606,2025-03-01,C0018,P002,Recurring,335000,0,335000,335000,4020000
R000607,2025-04-01,C0018,P002,Recurring,335000,0,335000,335000,4020000
R000608,2025-05-01,C0018,P002,Recurring,335000,0,335000,335000,4020000
R000609,2025-06-01,C0018,P002,Recurring,335000,0,335000,335000,4020000
R000610,2025-07-01,C0018,P002,Recurring,335000,0,335000,335000,4020000
R000611,2025-08-01,C0018,P002,Recurring,335000,0,335000,335000,4020000
R000612,2025-09-01,C0018,P002,Recurring,335000,0,335000,335000,4020000
R000613,2025-10-01,C0018,P002,Recurring,335000,0,335000,335000,4020000
R000614,2025-11-01,C0018,P002,Recurring,335000,0,335000,335000,4020000
R000615,2025-12-01,C0018,P002,Recurring,335000,0,335000,335000,4020000
R000616,2023-01-01,C0019,P002,Recurring,470000,0,470000,470000,5640000
R000617,2023-02-01,C0019,P002,Recurring,470000,0,470000,470000,5640000
R000618,2023-03-01,C0019,P002,Recurring,470000,0,470000,470000,5640000
R000619,2023-04-01,C0019,P002,Recurring,470000,0,470000,470000,5640000
R000620,2023-05-01,C0019,P002,Recurring,470000,0,470000,470000,5640000
R000621,2023-06-01,C0019,P002,Recurring,470000,0,470000,470000,5640000
R000622,2023-07-01,C0019,P002,Recurring,470000,0,470000,470000,5640000
R000623,2023-08-01,C0019,P002,Recurring,470000,0,470000,470000,5640000
R000624,2023-09-01,C0019,P002,Recurring,470000,0,470000,470000,5640000
R000625,2023-10-01,C0019,P002,Recurring,470000,0,470000,470000,5640000
R000626,2023-11-01,C0019,P002,Recurring,470000,0,470000,470000,5640000
R000627,2023-12-01,C0019,P002,Recurring,470000,0,470000,470000,5640000
R000628,2024-01-01,C0019,P002,Recurring,470000,0,470000,470000,5640000
R000629,2024-02-01,C0019,P002,Recurring,470000,0,470000,470000,5640000
R000630,2024-03-01,C0019,P002,Recurring,470000,0,470000,470000,5640000
R000631,2024-04-01,C0019,P002,Recurring,470000,0,470000,470000,5640000
R000632,2024-05-01,C0019,P002,Recurring,470000,0,470000,470000,5640000
R000633,2024-06-01,C0019,P002,Recurring,470000,0,470000,470000,5640000
R000634,2024-07-01,C0019,P002,Recurring,470000,0,470000,470000,5640000
R000635,2024-08-01,C0019,P002,Recurring,470000,0,470000,470000,5640000
R000636,2024-09-01,C0019,P002,Recurring,470000,0,470000,470000,5640000
R000637,2024-10-01,C0019,P002,Recurring,470000,0,470000,470000,5640000
R000638,2024-11-01,C0019,P002,Recurring,470000,0,470000,470000,5640000
R000639,2024-12-01,C0019,P002,Recurring,470000,0,470000,470000,5640000
R000640,2025-01-01,C0019,P002,Recurring,470000,0,470000,470000,5640000
R000641,2025-02-01,C0019,P002,Recurring,470000,0,470000,470000,5640000
R000642,2025-03-01,C0019,P002,Recurring,470000,0,470000,470000,5640000
R000643,2025-04-01,C0019,P002,Recurring,470000,0,470000,470000,5640000
R000644,2025-05-01,C0019,P002,Recurring,470000,0,470000,470000,5640000
R000645,2025-06-01,C0019,P002,Recurring,470000,0,470000,470000,5640000
R000646,2025-07-01,C0019,P002,Recurring,470000,0,470000,470000,5640000
R000647,2025-08-01,C0019,P002,Recurring,470000,0,470000,470000,5640000
R000648,2025-09-01,C0019,P002,Recurring,470000,0,470000,470000,5640000
R000649,2025-10-01,C0019,P002,Recurring,470000,0,470000,470000,5640000
R000650,2025-11-01,C0019,P002,Recurring,470000,0,470000,470000,5640000
R000651,2025-12-01,C0019,P002,Recurring,470000,0,470000,470000,5640000
R000652,2023-01-01,C0020,P001,Recurring,145000,0,145000,145000,1740000
R000653,2023-02-01,C0020,P001,Recurring,145000,0,145000,145000,1740000
R000654,2023-03-01,C0020,P001,Recurring,145000,0,145000,145000,1740000
R000655,2023-04-01,C0020,P001,Recurring,145000,0,145000,145000,1740000
R000656,2023-05-01,C0020,P001,Recurring,145000,0,145000,145000,1740000
R000657,2023-06-01,C0020,P001,Recurring,145000,0,145000,145000,1740000
R000658,2023-07-01,C0020,P001,Recurring,145000,0,145000,145000,1740000
R000659,2023-08-01,C0020,P001,Recurring,145000,0,145000,145000,1740000
R000660,2023-09-01,C0020,P001,Recurring,145000,0,145000,145000,1740000
R000661,2023-10-01,C0020,P001,Recurring,145000,0,145000,145000,1740000
R000662,2023-11-01,C0020,P001,Recurring,145000,0,145000,145000,1740000
R000663,2023-12-01,C0020,P001,Recurring,145000,0,145000,145000,1740000
R000664,2024-01-01,C0020,P001,Recurring,145000,0,145000,145000,1740000
R000665,2024-02-01,C0020,P002,Upgrade,145000,105000,250000,250000,3000000
R000666,2024-03-01,C0020,P002,Expansion,250000,20000,270000,270000,3240000
R000667,2024-04-01,C0020,P002,Recurring,270000,0,270000,270000,3240000
R000668,2024-05-01,C0020,P002,Recurring,270000,0,270000,270000,3240000
R000669,2024-06-01,C0020,P002,Recurring,270000,0,270000,270000,3240000
R000670,2024-07-01,C0020,P002,Recurring,270000,0,270000,270000,3240000
R000671,2024-08-01,C0020,P002,Recurring,270000,0,270000,270000,3240000
R000672,2024-09-01,C0020,P002,Recurring,270000,0,270000,270000,3240000
R000673,2024-10-01,C0020,P002,Recurring,270000,0,270000,270000,3240000
R000674,2024-11-01,C0020,P002,Recurring,270000,0,270000,270000,3240000
R000675,2024-12-01,C0020,P002,Recurring,270000,0,270000,270000,3240000
R000676,2025-01-01,C0020,P002,Recurring,270000,0,270000,270000,3240000
R000677,2025-02-01,C0020,P002,Recurring,270000,0,270000,270000,3240000
R000678,2025-03-01,C0020,P002,Recurring,270000,0,270000,270000,3240000
R000679,2025-04-01,C0020,P002,Recurring,270000,0,270000,270000,3240000
R000680,2025-05-01,C0020,P002,Recurring,270000,0,270000,270000,3240000
R000681,2025-06-01,C0020,P002,Recurring,270000,0,270000,270000,3240000
R000682,2025-07-01,C0020,P002,Recurring,270000,0,270000,270000,3240000
R000683,2025-08-01,C0020,P002,Recurring,270000,0,270000,270000,3240000
R000684,2025-09-01,C0020,P002,Recurring,270000,0,270000,270000,3240000
R000685,2025-10-01,C0020,P002,Recurring,270000,0,270000,270000,3240000
R000686,2025-11-01,C0020,P002,Recurring,270000,0,270000,270000,3240000
R000687,2025-12-01,C0020,P002,Recurring,270000,0,270000,270000,3240000
R000688,2023-01-01,C0021,P001,Recurring,120000,0,120000,120000,1440000
R000689,2023-02-01,C0021,P001,Recurring,120000,0,120000,120000,1440000
R000690,2023-03-01,C0021,P001,Recurring,120000,0,120000,120000,1440000
R000691,2023-04-01,C0021,P001,Recurring,120000,0,120000,120000,1440000
R000692,2023-05-01,C0021,P001,Recurring,120000,0,120000,120000,1440000
R000693,2023-06-01,C0021,P001,Recurring,120000,0,120000,120000,1440000
R000694,2023-10-01,C0021,P001,Reactivation,0,120000,120000,120000,1440000
R000695,2023-11-01,C0021,P001,Recurring,120000,0,120000,120000,1440000
R000696,2023-12-01,C0021,P001,Expansion,120000,20000,140000,140000,1680000
R000697,2024-01-01,C0021,P001,Recurring,140000,0,140000,140000,1680000
R000698,2024-02-01,C0021,P001,Recurring,140000,0,140000,140000,1680000
R000699,2024-03-01,C0021,P002,Upgrade,140000,125000,265000,265000,3180000
R000700,2024-04-01,C0021,P002,Recurring,265000,0,265000,265000,3180000
R000701,2024-05-01,C0021,P002,Recurring,265000,0,265000,265000,3180000
R000702,2024-06-01,C0021,P002,Recurring,265000,0,265000,265000,3180000
R000703,2024-07-01,C0021,P002,Recurring,265000,0,265000,265000,3180000
R000704,2024-08-01,C0021,P002,Recurring,265000,0,265000,265000,3180000
R000705,2024-09-01,C0021,P002,Recurring,265000,0,265000,265000,3180000
R000706,2024-10-01,C0021,P002,Recurring,265000,0,265000,265000,3180000
R000707,2024-11-01,C0021,P002,Recurring,265000,0,265000,265000,3180000
R000708,2024-12-01,C0021,P002,Recurring,265000,0,265000,265000,3180000
R000709,2025-01-01,C0021,P002,Recurring,265000,0,265000,265000,3180000
R000710,2025-02-01,C0021,P002,Recurring,265000,0,265000,265000,3180000
R000711,2025-03-01,C0021,P002,Recurring,265000,0,265000,265000,3180000
R000712,2025-04-01,C0021,P002,Recurring,265000,0,265000,265000,3180000
R000713,2025-05-01,C0021,P002,Recurring,265000,0,265000,265000,3180000
R000714,2025-06-01,C0021,P002,Recurring,265000,0,265000,265000,3180000
R000715,2025-07-01,C0021,P002,Recurring,265000,0,265000,265000,3180000
R000716,2025-08-01,C0021,P002,Recurring,265000,0,265000,265000,3180000
R000717,2025-09-01,C0021,P002,Recurring,265000,0,265000,265000,3180000
R000718,2025-10-01,C0021,P002,Recurring,265000,0,265000,265000,3180000
R000719,2025-11-01,C0021,P002,Recurring,265000,0,265000,265000,3180000
R000720,2025-12-01,C0021,P002,Recurring,265000,0,265000,265000,3180000
R000721,2023-01-01,C0022,P002,Recurring,300000,0,300000,300000,3600000
R000722,2023-02-01,C0022,P002,Recurring,300000,0,300000,300000,3600000
R000723,2023-03-01,C0022,P002,Recurring,300000,0,300000,300000,3600000
R000724,2023-04-01,C0022,P002,Recurring,300000,0,300000,300000,3600000
R000725,2023-05-01,C0022,P002,Recurring,300000,0,300000,300000,3600000
R000726,2023-06-01,C0022,P002,Recurring,300000,0,300000,300000,3600000
R000727,2023-07-01,C0022,P002,Recurring,300000,0,300000,300000,3600000
R000728,2023-08-01,C0022,P002,Recurring,300000,0,300000,300000,3600000
R000729,2023-09-01,C0022,P002,Recurring,300000,0,300000,300000,3600000
R000730,2023-10-01,C0022,P002,Recurring,300000,0,300000,300000,3600000
R000731,2023-11-01,C0022,P002,Recurring,300000,0,300000,300000,3600000
R000732,2023-12-01,C0022,P002,Recurring,300000,0,300000,300000,3600000
R000733,2024-01-01,C0022,P002,Recurring,300000,0,300000,300000,3600000
R000734,2024-02-01,C0022,P002,Recurring,300000,0,300000,300000,3600000
R000735,2024-03-01,C0022,P002,Recurring,300000,0,300000,300000,3600000
R000736,2024-04-01,C0022,P002,Recurring,300000,0,300000,300000,3600000
R000737,2024-05-01,C0022,P002,Recurring,300000,0,300000,300000,3600000
R000738,2024-06-01,C0022,P002,Recurring,300000,0,300000,300000,3600000
R000739,2024-07-01,C0022,P002,Recurring,300000,0,300000,300000,3600000
R000740,2024-08-01,C0022,P002,Recurring,300000,0,300000,300000,3600000
R000741,2024-09-01,C0022,P002,Recurring,300000,0,300000,300000,3600000
R000742,2024-10-01,C0022,P002,Recurring,300000,0,300000,300000,3600000
R000743,2024-11-01,C0022,P002,Recurring,300000,0,300000,300000,3600000
R000744,2024-12-01,C0022,P002,Recurring,300000,0,300000,300000,3600000
R000745,2025-01-01,C0022,P002,Expansion,300000,55000,355000,355000,4260000
R000746,2025-02-01,C0022,P002,Recurring,355000,0,355000,355000,4260000
R000747,2025-03-01,C0022,P002,Recurring,355000,0,355000,355000,4260000
R000748,2025-04-01,C0022,P002,Recurring,355000,0,355000,355000,4260000
R000749,2025-05-01,C0022,P002,Recurring,355000,0,355000,355000,4260000
R000750,2025-06-01,C0022,P002,Recurring,355000,0,355000,355000,4260000
R000751,2025-07-01,C0022,P002,Recurring,355000,0,355000,355000,4260000
R000752,2025-08-01,C0022,P002,Recurring,355000,0,355000,355000,4260000
R000753,2025-09-01,C0022,P002,Recurring,355000,0,355000,355000,4260000
R000754,2025-10-01,C0022,P002,Recurring,355000,0,355000,355000,4260000
R000755,2025-11-01,C0022,P002,Recurring,355000,0,355000,355000,4260000
R000756,2025-12-01,C0022,P002,Recurring,355000,0,355000,355000,4260000
R000757,2023-01-01,C0023,P001,Recurring,145000,0,145000,145000,1740000
R000758,2023-02-01,C0023,P001,Recurring,145000,0,145000,145000,1740000
R000759,2023-03-01,C0023,P001,Recurring,145000,0,145000,145000,1740000
R000760,2023-04-01,C0023,P001,Recurring,145000,0,145000,145000,1740000
R000761,2023-05-01,C0023,P001,Recurring,145000,0,145000,145000,1740000
R000762,2023-06-01,C0023,P001,Recurring,145000,0,145000,145000,1740000
R000763,2023-07-01,C0023,P001,Recurring,145000,0,145000,145000,1740000
R000764,2023-08-01,C0023,P001,Recurring,145000,0,145000,145000,1740000
R000765,2023-09-01,C0023,P001,Recurring,145000,0,145000,145000,1740000
R000766,2023-10-01,C0023,P001,Recurring,145000,0,145000,145000,1740000
R000767,2023-11-01,C0023,P001,Recurring,145000,0,145000,145000,1740000
R000768,2023-12-01,C0023,P001,Recurring,145000,0,145000,145000,1740000
R000769,2024-01-01,C0023,P001,Recurring,145000,0,145000,145000,1740000
R000770,2024-02-01,C0023,P001,Recurring,145000,0,145000,145000,1740000
R000771,2024-03-01,C0023,P001,Recurring,145000,0,145000,145000,1740000
R000772,2024-04-01,C0023,P001,Recurring,145000,0,145000,145000,1740000
R000773,2024-05-01,C0023,P001,Recurring,145000,0,145000,145000,1740000
R000774,2024-06-01,C0023,P001,Recurring,145000,0,145000,145000,1740000
R000775,2024-07-01,C0023,P001,Recurring,145000,0,145000,145000,1740000
R000776,2024-08-01,C0023,P001,Recurring,145000,0,145000,145000,1740000
R000777,2024-09-01,C0023,P001,Recurring,145000,0,145000,145000,1740000
R000778,2024-10-01,C0023,P001,Recurring,145000,0,145000,145000,1740000
R000779,2024-11-01,C0023,P001,Recurring,145000,0,145000,145000,1740000
R000780,2024-12-01,C0023,P001,Recurring,145000,0,145000,145000,1740000
R000781,2025-01-01,C0023,P001,Recurring,145000,0,145000,145000,1740000
R000782,2025-02-01,C0023,P001,Recurring,145000,0,145000,145000,1740000
R000783,2025-03-01,C0023,P001,Recurring,145000,0,145000,145000,1740000
R000784,2025-04-01,C0023,P001,Recurring,145000,0,145000,145000,1740000
R000785,2025-05-01,C0023,P001,Recurring,145000,0,145000,145000,1740000
R000786,2025-06-01,C0023,P001,Recurring,145000,0,145000,145000,1740000
R000787,2025-07-01,C0023,P001,Recurring,145000,0,145000,145000,1740000
R000788,2025-08-01,C0023,P001,Recurring,145000,0,145000,145000,1740000
R000789,2025-09-01,C0023,P001,Recurring,145000,0,145000,145000,1740000
R000790,2025-10-01,C0023,P001,Recurring,145000,0,145000,145000,1740000
R000791,2025-11-01,C0023,P001,Recurring,145000,0,145000,145000,1740000
R000792,2025-12-01,C0023,P001,Recurring,145000,0,145000,145000,1740000
R000793,2023-01-01,C0024,P002,Expansion,350000,65000,415000,415000,4980000
R000794,2023-02-01,C0024,P002,Recurring,415000,0,415000,415000,4980000
R000795,2023-03-01,C0024,P002,Recurring,415000,0,415000,415000,4980000
R000796,2023-04-01,C0024,P002,Recurring,415000,0,415000,415000,4980000
R000797,2023-05-01,C0024,P002,Recurring,415000,0,415000,415000,4980000
R000798,2023-06-01,C0024,P002,Recurring,415000,0,415000,415000,4980000
R000799,2023-07-01,C0024,P002,Recurring,415000,0,415000,415000,4980000
R000800,2023-08-01,C0024,P002,Recurring,415000,0,415000,415000,4980000
R000801,2023-09-01,C0024,P002,Recurring,415000,0,415000,415000,4980000
R000802,2023-10-01,C0024,P002,Recurring,415000,0,415000,415000,4980000
R000803,2023-11-01,C0024,P002,Recurring,415000,0,415000,415000,4980000
R000804,2023-12-01,C0024,P002,Recurring,415000,0,415000,415000,4980000
R000805,2024-01-01,C0024,P002,Recurring,415000,0,415000,415000,4980000
R000806,2024-02-01,C0024,P002,Recurring,415000,0,415000,415000,4980000
R000807,2024-03-01,C0024,P002,Recurring,415000,0,415000,415000,4980000
R000808,2024-04-01,C0024,P002,Recurring,415000,0,415000,415000,4980000
R000809,2024-05-01,C0024,P002,Recurring,415000,0,415000,415000,4980000
R000810,2024-06-01,C0024,P002,Recurring,415000,0,415000,415000,4980000
R000811,2024-07-01,C0024,P002,Recurring,415000,0,415000,415000,4980000
R000812,2024-08-01,C0024,P002,Recurring,415000,0,415000,415000,4980000
R000813,2024-09-01,C0024,P002,Recurring,415000,0,415000,415000,4980000
R000814,2024-10-01,C0024,P002,Recurring,415000,0,415000,415000,4980000
R000815,2024-11-01,C0024,P002,Recurring,415000,0,415000,415000,4980000
R000816,2024-12-01,C0024,P002,Recurring,415000,0,415000,415000,4980000
R000817,2025-01-01,C0024,P002,Recurring,415000,0,415000,415000,4980000
R000818,2025-02-01,C0024,P002,Recurring,415000,0,415000,415000,4980000
R000819,2025-03-01,C0024,P002,Recurring,415000,0,415000,415000,4980000
R000820,2025-04-01,C0024,P002,Recurring,415000,0,415000,415000,4980000
R000821,2025-05-01,C0024,P002,Recurring,415000,0,415000,415000,4980000
R000822,2025-06-01,C0024,P002,Recurring,415000,0,415000,415000,4980000
R000823,2025-07-01,C0024,P002,Recurring,415000,0,415000,415000,4980000
R000824,2025-08-01,C0024,P002,Recurring,415000,0,415000,415000,4980000
R000825,2025-09-01,C0024,P002,Recurring,415000,0,415000,415000,4980000
R000826,2025-10-01,C0024,P002,Recurring,415000,0,415000,415000,4980000
R000827,2025-11-01,C0024,P002,Recurring,415000,0,415000,415000,4980000
R000828,2025-12-01,C0024,P002,Recurring,415000,0,415000,415000,4980000
R000829,2023-01-01,C0025,P001,Recurring,155000,0,155000,155000,1860000
R000830,2023-02-01,C0025,P001,Recurring,155000,0,155000,155000,1860000
R000831,2023-03-01,C0025,P001,Recurring,155000,0,155000,155000,1860000
R000832,2023-04-01,C0025,P001,Recurring,155000,0,155000,155000,1860000
R000833,2023-05-01,C0025,P001,Recurring,155000,0,155000,155000,1860000
R000834,2023-06-01,C0025,P001,Recurring,155000,0,155000,155000,1860000
R000835,2023-07-01,C0025,P001,Recurring,155000,0,155000,155000,1860000
R000836,2023-08-01,C0025,P001,Recurring,155000,0,155000,155000,1860000
R000837,2023-09-01,C0025,P001,Recurring,155000,0,155000,155000,1860000
R000838,2023-10-01,C0025,P001,Recurring,155000,0,155000,155000,1860000
R000839,2023-11-01,C0025,P001,Recurring,155000,0,155000,155000,1860000
R000840,2023-12-01,C0025,P001,Recurring,155000,0,155000,155000,1860000
R000841,2024-01-01,C0025,P001,Recurring,155000,0,155000,155000,1860000
R000842,2024-02-01,C0025,P001,Recurring,155000,0,155000,155000,1860000
R000843,2024-03-01,C0025,P001,Recurring,155000,0,155000,155000,1860000
R000844,2024-04-01,C0025,P001,Recurring,155000,0,155000,155000,1860000
R000845,2024-05-01,C0025,P001,Recurring,155000,0,155000,155000,1860000
R000846,2024-06-01,C0025,P001,Recurring,155000,0,155000,155000,1860000
R000847,2024-07-01,C0025,P001,Recurring,155000,0,155000,155000,1860000
R000848,2024-08-01,C0025,P001,Recurring,155000,0,155000,155000,1860000
R000849,2024-09-01,C0025,P001,Recurring,155000,0,155000,155000,1860000
R000850,2024-10-01,C0025,P001,Recurring,155000,0,155000,155000,1860000
R000851,2024-11-01,C0025,P001,Recurring,155000,0,155000,155000,1860000
R000852,2024-12-01,C0025,P001,Recurring,155000,0,155000,155000,1860000
R000853,2025-01-01,C0025,P001,Recurring,155000,0,155000,155000,1860000
R000854,2025-02-01,C0025,P001,Recurring,155000,0,155000,155000,1860000
R000855,2025-03-01,C0025,P001,Recurring,155000,0,155000,155000,1860000
R000856,2025-04-01,C0025,P001,Recurring,155000,0,155000,155000,1860000
R000857,2025-05-01,C0025,P001,Recurring,155000,0,155000,155000,1860000
R000858,2025-06-01,C0025,P001,Recurring,155000,0,155000,155000,1860000
R000859,2025-07-01,C0025,P001,Recurring,155000,0,155000,155000,1860000
R000860,2025-08-01,C0025,P001,Recurring,155000,0,155000,155000,1860000
R000861,2025-09-01,C0025,P001,Recurring,155000,0,155000,155000,1860000
R000862,2025-10-01,C0025,P001,Recurring,155000,0,155000,155000,1860000
R000863,2025-11-01,C0025,P001,Recurring,155000,0,155000,155000,1860000
R000864,2025-12-01,C0025,P001,Recurring,155000,0,155000,155000,1860000
R000865,2023-01-01,C0026,P002,Recurring,360000,0,360000,360000,4320000
R000866,2023-02-01,C0026,P002,Recurring,360000,0,360000,360000,4320000
R000867,2023-03-01,C0026,P002,Recurring,360000,0,360000,360000,4320000
R000868,2023-04-01,C0026,P002,Recurring,360000,0,360000,360000,4320000
R000869,2023-05-01,C0026,P002,Recurring,360000,0,360000,360000,4320000
R000870,2023-06-01,C0026,P002,Recurring,360000,0,360000,360000,4320000
R000871,2023-07-01,C0026,P002,Recurring,360000,0,360000,360000,4320000
R000872,2023-08-01,C0026,P002,Recurring,360000,0,360000,360000,4320000
R000873,2023-09-01,C0026,P002,Recurring,360000,0,360000,360000,4320000
R000874,2023-10-01,C0026,P002,Recurring,360000,0,360000,360000,4320000
R000875,2023-11-01,C0026,P002,Recurring,360000,0,360000,360000,4320000
R000876,2023-12-01,C0026,P002,Recurring,360000,0,360000,360000,4320000
R000877,2024-01-01,C0026,P002,Recurring,360000,0,360000,360000,4320000
R000878,2024-02-01,C0026,P002,Recurring,360000,0,360000,360000,4320000
R000879,2024-03-01,C0026,P002,Recurring,360000,0,360000,360000,4320000
R000880,2024-04-01,C0026,P002,Recurring,360000,0,360000,360000,4320000
R000881,2024-05-01,C0026,P002,Recurring,360000,0,360000,360000,4320000
R000882,2024-06-01,C0026,P002,Recurring,360000,0,360000,360000,4320000
R000883,2024-07-01,C0026,P002,Recurring,360000,0,360000,360000,4320000
R000884,2024-08-01,C0026,P002,Recurring,360000,0,360000,360000,4320000
R000885,2024-09-01,C0026,P002,Recurring,360000,0,360000,360000,4320000
R000886,2024-10-01,C0026,P002,Recurring,360000,0,360000,360000,4320000
R000887,2024-11-01,C0026,P002,Recurring,360000,0,360000,360000,4320000
R000888,2024-12-01,C0026,P002,Recurring,360000,0,360000,360000,4320000
R000889,2025-01-01,C0026,P002,Recurring,360000,0,360000,360000,4320000
R000890,2025-02-01,C0026,P002,Recurring,360000,0,360000,360000,4320000
R000891,2025-03-01,C0026,P002,Recurring,360000,0,360000,360000,4320000
R000892,2025-04-01,C0026,P002,Recurring,360000,0,360000,360000,4320000
R000893,2025-05-01,C0026,P002,Recurring,360000,0,360000,360000,4320000
R000894,2025-06-01,C0026,P002,Recurring,360000,0,360000,360000,4320000
R000895,2025-07-01,C0026,P002,Expansion,360000,70000,430000,430000,5160000
R000896,2025-08-01,C0026,P002,Recurring,430000,0,430000,430000,5160000
R000897,2025-09-01,C0026,P002,Recurring,430000,0,430000,430000,5160000
R000898,2025-10-01,C0026,P002,Recurring,430000,0,430000,430000,5160000
R000899,2025-11-01,C0026,P002,Recurring,430000,0,430000,430000,5160000
R000900,2025-12-01,C0026,P002,Recurring,430000,0,430000,430000,5160000
R000901,2023-01-01,C0027,P002,Recurring,310000,0,310000,310000,3720000
R000902,2023-02-01,C0027,P002,Recurring,310000,0,310000,310000,3720000
R000903,2023-03-01,C0027,P002,Recurring,310000,0,310000,310000,3720000
R000904,2023-04-01,C0027,P002,Recurring,310000,0,310000,310000,3720000
R000905,2023-05-01,C0027,P002,Recurring,310000,0,310000,310000,3720000
R000906,2023-06-01,C0027,P002,Recurring,310000,0,310000,310000,3720000
R000907,2023-07-01,C0027,P002,Recurring,310000,0,310000,310000,3720000
R000908,2023-08-01,C0027,P002,Recurring,310000,0,310000,310000,3720000
R000909,2023-09-01,C0027,P002,Recurring,310000,0,310000,310000,3720000
R000910,2023-10-01,C0027,P002,Expansion,310000,35000,345000,345000,4140000
R000911,2023-11-01,C0027,P002,Recurring,345000,0,345000,345000,4140000
R000912,2023-12-01,C0027,P002,Recurring,345000,0,345000,345000,4140000
R000913,2024-01-01,C0027,P002,Recurring,345000,0,345000,345000,4140000
R000914,2024-02-01,C0027,P002,Recurring,345000,0,345000,345000,4140000
R000915,2024-03-01,C0027,P002,Recurring,345000,0,345000,345000,4140000
R000916,2024-04-01,C0027,P002,Recurring,345000,0,345000,345000,4140000
R000917,2024-05-01,C0027,P002,Recurring,345000,0,345000,345000,4140000
R000918,2024-06-01,C0027,P002,Recurring,345000,0,345000,345000,4140000
R000919,2024-07-01,C0027,P002,Recurring,345000,0,345000,345000,4140000
R000920,2024-08-01,C0027,P002,Recurring,345000,0,345000,345000,4140000
R000921,2024-09-01,C0027,P002,Recurring,345000,0,345000,345000,4140000
R000922,2024-10-01,C0027,P002,Recurring,345000,0,345000,345000,4140000
R000923,2024-11-01,C0027,P002,Recurring,345000,0,345000,345000,4140000
R000924,2024-12-01,C0027,P002,Recurring,345000,0,345000,345000,4140000
R000925,2025-01-01,C0027,P002,Recurring,345000,0,345000,345000,4140000
R000926,2025-02-01,C0027,P002,Recurring,345000,0,345000,345000,4140000
R000927,2025-03-01,C0027,P002,Recurring,345000,0,345000,345000,4140000
R000928,2025-04-01,C0027,P002,Recurring,345000,0,345000,345000,4140000
R000929,2025-05-01,C0027,P002,Recurring,345000,0,345000,345000,4140000
R000930,2025-06-01,C0027,P002,Recurring,345000,0,345000,345000,4140000
R000931,2025-07-01,C0027,P002,Recurring,345000,0,345000,345000,4140000
R000932,2025-08-01,C0027,P002,Recurring,345000,0,345000,345000,4140000
R000933,2025-09-01,C0027,P002,Recurring,345000,0,345000,345000,4140000
R000934,2025-10-01,C0027,P002,Recurring,345000,0,345000,345000,4140000
R000935,2025-11-01,C0027,P002,Recurring,345000,0,345000,345000,4140000
R000936,2025-12-01,C0027,P002,Recurring,345000,0,345000,345000,4140000
R000937,2023-01-01,C0028,P001,Recurring,130000,0,130000,130000,1560000
R000938,2023-02-01,C0028,P001,Recurring,130000,0,130000,130000,1560000
R000939,2023-03-01,C0028,P001,Recurring,130000,0,130000,130000,1560000
R000940,2023-04-01,C0028,P001,Recurring,130000,0,130000,130000,1560000
R000941,2023-05-01,C0028,P001,Recurring,130000,0,130000,130000,1560000
R000942,2023-06-01,C0028,P001,Recurring,130000,0,130000,130000,1560000
R000943,2023-07-01,C0028,P001,Recurring,130000,0,130000,130000,1560000
R000944,2023-08-01,C0028,P001,Recurring,130000,0,130000,130000,1560000
R000945,2023-09-01,C0028,P001,Recurring,130000,0,130000,130000,1560000
R000946,2023-10-01,C0028,P001,Recurring,130000,0,130000,130000,1560000
R000947,2023-11-01,C0028,P001,Recurring,130000,0,130000,130000,1560000
R000948,2024-02-01,C0028,P001,Reactivation,0,130000,130000,130000,1560000
R000949,2024-03-01,C0028,P001,Recurring,130000,0,130000,130000,1560000
R000950,2024-04-01,C0028,P001,Recurring,130000,0,130000,130000,1560000
R000951,2024-05-01,C0028,P001,Recurring,130000,0,130000,130000,1560000
R000952,2024-06-01,C0028,P001,Recurring,130000,0,130000,130000,1560000
R000953,2024-07-01,C0028,P001,Recurring,130000,0,130000,130000,1560000
R000954,2024-08-01,C0028,P001,Recurring,130000,0,130000,130000,1560000
R000955,2024-09-01,C0028,P001,Recurring,130000,0,130000,130000,1560000
R000956,2024-10-01,C0028,P001,Recurring,130000,0,130000,130000,1560000
R000957,2024-11-01,C0028,P001,Recurring,130000,0,130000,130000,1560000
R000958,2024-12-01,C0028,P001,Recurring,130000,0,130000,130000,1560000
R000959,2025-01-01,C0028,P001,Recurring,130000,0,130000,130000,1560000
R000960,2025-02-01,C0028,P001,Recurring,130000,0,130000,130000,1560000
R000961,2025-03-01,C0028,P001,Recurring,130000,0,130000,130000,1560000
R000962,2025-04-01,C0028,P001,Recurring,130000,0,130000,130000,1560000
R000963,2025-05-01,C0028,P001,Recurring,130000,0,130000,130000,1560000
R000964,2025-06-01,C0028,P001,Recurring,130000,0,130000,130000,1560000
R000965,2025-07-01,C0028,P001,Recurring,130000,0,130000,130000,1560000
R000966,2025-08-01,C0028,P001,Recurring,130000,0,130000,130000,1560000
R000967,2025-09-01,C0028,P001,Recurring,130000,0,130000,130000,1560000
R000968,2025-10-01,C0028,P001,Recurring,130000,0,130000,130000,1560000
R000969,2025-11-01,C0028,P001,Recurring,130000,0,130000,130000,1560000
R000970,2025-12-01,C0028,P001,Recurring,130000,0,130000,130000,1560000
R000971,2023-01-01,C0029,P001,Recurring,110000,0,110000,110000,1320000
R000972,2023-02-01,C0029,P001,Recurring,110000,0,110000,110000,1320000
R000973,2023-03-01,C0029,P001,Recurring,110000,0,110000,110000,1320000
R000974,2023-04-01,C0029,P001,Recurring,110000,0,110000,110000,1320000
R000975,2023-05-01,C0029,P001,Recurring,110000,0,110000,110000,1320000
R000976,2023-06-01,C0029,P001,Recurring,110000,0,110000,110000,1320000
R000977,2023-07-01,C0029,P001,Recurring,110000,0,110000,110000,1320000
R000978,2023-08-01,C0029,P001,Recurring,110000,0,110000,110000,1320000
R000979,2023-09-01,C0029,P001,Recurring,110000,0,110000,110000,1320000
R000980,2023-10-01,C0029,P001,Recurring,110000,0,110000,110000,1320000
R000981,2023-11-01,C0029,P001,Recurring,110000,0,110000,110000,1320000
R000982,2023-12-01,C0029,P001,Recurring,110000,0,110000,110000,1320000
R000983,2024-01-01,C0029,P001,Recurring,110000,0,110000,110000,1320000
R000984,2024-02-01,C0029,P001,Recurring,110000,0,110000,110000,1320000
R000985,2024-03-01,C0029,P001,Recurring,110000,0,110000,110000,1320000
R000986,2024-04-01,C0029,P001,Recurring,110000,0,110000,110000,1320000
R000987,2024-05-01,C0029,P001,Expansion,110000,10000,120000,120000,1440000
R000988,2024-06-01,C0029,P001,Recurring,120000,0,120000,120000,1440000
R000989,2024-07-01,C0029,P001,Recurring,120000,0,120000,120000,1440000
R000990,2024-08-01,C0029,P001,Recurring,120000,0,120000,120000,1440000
R000991,2024-09-01,C0029,P001,Recurring,120000,0,120000,120000,1440000
R000992,2024-10-01,C0029,P001,Recurring,120000,0,120000,120000,1440000
R000993,2024-11-01,C0029,P001,Recurring,120000,0,120000,120000,1440000
R000994,2024-12-01,C0029,P001,Recurring,120000,0,120000,120000,1440000
R000995,2025-01-01,C0029,P001,Recurring,120000,0,120000,120000,1440000
R000996,2025-02-01,C0029,P001,Recurring,120000,0,120000,120000,1440000
R000997,2025-03-01,C0029,P001,Recurring,120000,0,120000,120000,1440000
R000998,2025-04-01,C0029,P001,Recurring,120000,0,120000,120000,1440000
R000999,2025-05-01,C0029,P001,Recurring,120000,0,120000,120000,1440000
R001000,2025-06-01,C0029,P001,Recurring,120000,0,120000,120000,1440000
R001001,2025-07-01,C0029,P001,Recurring,120000,0,120000,120000,1440000
R001002,2025-08-01,C0029,P001,Recurring,120000,0,120000,120000,1440000
R001003,2025-09-01,C0029,P001,Recurring,120000,0,120000,120000,1440000
R001004,2025-10-01,C0029,P001,Recurring,120000,0,120000,120000,1440000
R001005,2025-11-01,C0029,P001,Recurring,120000,0,120000,120000,1440000
R001006,2025-12-01,C0029,P001,Recurring,120000,0,120000,120000,1440000
R001007,2023-01-01,C0030,P002,Recurring,490000,0,490000,490000,5880000
R001008,2023-02-01,C0030,P002,Recurring,490000,0,490000,490000,5880000
R001009,2023-03-01,C0030,P002,Recurring,490000,0,490000,490000,5880000
R001010,2023-04-01,C0030,P002,Recurring,490000,0,490000,490000,5880000
R001011,2023-05-01,C0030,P002,Recurring,490000,0,490000,490000,5880000
R001012,2023-06-01,C0030,P002,Recurring,490000,0,490000,490000,5880000
R001013,2023-07-01,C0030,P002,Recurring,490000,0,490000,490000,5880000
R001014,2023-08-01,C0030,P002,Recurring,490000,0,490000,490000,5880000
R001015,2023-09-01,C0030,P002,Recurring,490000,0,490000,490000,5880000
R001016,2023-10-01,C0030,P002,Recurring,490000,0,490000,490000,5880000
R001017,2023-11-01,C0030,P002,Recurring,490000,0,490000,490000,5880000
R001018,2023-12-01,C0030,P002,Recurring,490000,0,490000,490000,5880000
R001019,2024-01-01,C0030,P002,Recurring,490000,0,490000,490000,5880000
R001020,2024-02-01,C0030,P002,Recurring,490000,0,490000,490000,5880000
R001021,2024-03-01,C0030,P002,Recurring,490000,0,490000,490000,5880000
R001022,2024-04-01,C0030,P002,Recurring,490000,0,490000,490000,5880000
R001023,2024-05-01,C0030,P002,Recurring,490000,0,490000,490000,5880000
R001024,2024-06-01,C0030,P002,Recurring,490000,0,490000,490000,5880000
R001025,2024-07-01,C0030,P002,Recurring,490000,0,490000,490000,5880000
R001026,2024-08-01,C0030,P002,Recurring,490000,0,490000,490000,5880000
R001027,2024-09-01,C0030,P002,Recurring,490000,0,490000,490000,5880000
R001028,2024-10-01,C0030,P002,Recurring,490000,0,490000,490000,5880000
R001029,2024-11-01,C0030,P002,Recurring,490000,0,490000,490000,5880000
R001030,2024-12-01,C0030,P002,Recurring,490000,0,490000,490000,5880000
R001031,2025-01-01,C0030,P002,Recurring,490000,0,490000,490000,5880000
R001032,2025-02-01,C0030,P002,Recurring,490000,0,490000,490000,5880000
R001033,2025-03-01,C0030,P002,Recurring,490000,0,490000,490000,5880000
R001034,2025-04-01,C0030,P002,Recurring,490000,0,490000,490000,5880000
R001035,2025-05-01,C0030,P002,Recurring,490000,0,490000,490000,5880000
R001036,2025-06-01,C0030,P002,Recurring,490000,0,490000,490000,5880000
R001037,2025-07-01,C0030,P002,Recurring,490000,0,490000,490000,5880000
R001038,2025-08-01,C0030,P002,Recurring,490000,0,490000,490000,5880000
R001039,2025-09-01,C0030,P002,Recurring,490000,0,490000,490000,5880000
R001040,2025-10-01,C0030,P002,Recurring,490000,0,490000,490000,5880000
R001041,2025-11-01,C0030,P002,Recurring,490000,0,490000,490000,5880000
R001042,2025-12-01,C0030,P002,Recurring,490000,0,490000,490000,5880000
R001043,2023-01-01,C0031,P002,Recurring,300000,0,300000,300000,3600000
R001044,2023-02-01,C0031,P002,Recurring,300000,0,300000,300000,3600000
R001045,2023-03-01,C0031,P002,Recurring,300000,0,300000,300000,3600000
R001046,2023-04-01,C0031,P002,Recurring,300000,0,300000,300000,3600000
R001047,2023-05-01,C0031,P002,Recurring,300000,0,300000,300000,3600000
R001048,2023-06-01,C0031,P002,Recurring,300000,0,300000,300000,3600000
R001049,2023-07-01,C0031,P002,Recurring,300000,0,300000,300000,3600000
R001050,2023-08-01,C0031,P002,Recurring,300000,0,300000,300000,3600000
R001051,2023-09-01,C0031,P002,Recurring,300000,0,300000,300000,3600000
R001052,2023-10-01,C0031,P002,Recurring,300000,0,300000,300000,3600000
R001053,2023-11-01,C0031,P002,Recurring,300000,0,300000,300000,3600000
R001054,2023-12-01,C0031,P002,Recurring,300000,0,300000,300000,3600000
R001055,2024-01-01,C0031,P002,Recurring,300000,0,300000,300000,3600000
R001056,2024-02-01,C0031,P002,Recurring,300000,0,300000,300000,3600000
R001057,2024-03-01,C0031,P002,Recurring,300000,0,300000,300000,3600000
R001058,2024-04-01,C0031,P002,Recurring,300000,0,300000,300000,3600000
R001059,2024-05-01,C0031,P002,Recurring,300000,0,300000,300000,3600000
R001060,2024-06-01,C0031,P002,Recurring,300000,0,300000,300000,3600000
R001061,2024-07-01,C0031,P002,Recurring,300000,0,300000,300000,3600000
R001062,2024-08-01,C0031,P002,Recurring,300000,0,300000,300000,3600000
R001063,2024-09-01,C0031,P002,Recurring,300000,0,300000,300000,3600000
R001064,2024-10-01,C0031,P002,Recurring,300000,0,300000,300000,3600000
R001065,2024-11-01,C0031,P002,Recurring,300000,0,300000,300000,3600000
R001066,2024-12-01,C0031,P002,Recurring,300000,0,300000,300000,3600000
R001067,2025-01-01,C0031,P002,Recurring,300000,0,300000,300000,3600000
R001068,2025-02-01,C0031,P002,Recurring,300000,0,300000,300000,3600000
R001069,2025-03-01,C0031,P002,Recurring,300000,0,300000,300000,3600000
R001070,2025-04-01,C0031,P002,Recurring,300000,0,300000,300000,3600000
R001071,2025-05-01,C0031,P002,Recurring,300000,0,300000,300000,3600000
R001072,2025-06-01,C0031,P002,Recurring,300000,0,300000,300000,3600000
R001073,2025-07-01,C0031,P002,Recurring,300000,0,300000,300000,3600000
R001074,2025-08-01,C0031,P002,Recurring,300000,0,300000,300000,3600000
R001075,2025-09-01,C0031,P002,Recurring,300000,0,300000,300000,3600000
R001076,2025-10-01,C0031,P002,Recurring,300000,0,300000,300000,3600000
R001077,2025-11-01,C0031,P002,Recurring,300000,0,300000,300000,3600000
R001078,2025-12-01,C0031,P002,Recurring,300000,0,300000,300000,3600000
R001079,2023-01-01,C0032,P002,Recurring,310000,0,310000,310000,3720000
R001080,2023-02-01,C0032,P002,Recurring,310000,0,310000,310000,3720000
R001081,2023-03-01,C0032,P002,Recurring,310000,0,310000,310000,3720000
R001082,2023-04-01,C0032,P002,Recurring,310000,0,310000,310000,3720000
R001083,2023-05-01,C0032,P002,Recurring,310000,0,310000,310000,3720000
R001084,2023-06-01,C0032,P002,Recurring,310000,0,310000,310000,3720000
R001085,2023-07-01,C0032,P002,Recurring,310000,0,310000,310000,3720000
R001086,2023-08-01,C0032,P002,Recurring,310000,0,310000,310000,3720000
R001087,2023-09-01,C0032,P002,Recurring,310000,0,310000,310000,3720000
R001088,2023-10-01,C0032,P002,Expansion,310000,25000,335000,335000,4020000
R001089,2023-11-01,C0032,P002,Recurring,335000,0,335000,335000,4020000
R001090,2023-12-01,C0032,P002,Recurring,335000,0,335000,335000,4020000
R001091,2024-01-01,C0032,P002,Recurring,335000,0,335000,335000,4020000
R001092,2024-02-01,C0032,P002,Recurring,335000,0,335000,335000,4020000
R001093,2024-03-01,C0032,P002,Recurring,335000,0,335000,335000,4020000
R001094,2024-04-01,C0032,P002,Recurring,335000,0,335000,335000,4020000
R001095,2024-05-01,C0032,P002,Recurring,335000,0,335000,335000,4020000
R001096,2024-06-01,C0032,P002,Recurring,335000,0,335000,335000,4020000
R001097,2024-07-01,C0032,P002,Recurring,335000,0,335000,335000,4020000
R001098,2024-08-01,C0032,P002,Recurring,335000,0,335000,335000,4020000
R001099,2024-09-01,C0032,P002,Recurring,335000,0,335000,335000,4020000
R001100,2024-10-01,C0032,P002,Recurring,335000,0,335000,335000,4020000
R001101,2024-11-01,C0032,P002,Recurring,335000,0,335000,335000,4020000
R001102,2024-12-01,C0032,P002,Recurring,335000,0,335000,335000,4020000
R001103,2025-01-01,C0032,P002,Recurring,335000,0,335000,335000,4020000
R001104,2025-02-01,C0032,P002,Recurring,335000,0,335000,335000,4020000
R001105,2025-03-01,C0032,P002,Recurring,335000,0,335000,335000,4020000
R001106,2025-04-01,C0032,P002,Recurring,335000,0,335000,335000,4020000
R001107,2025-05-01,C0032,P002,Recurring,335000,0,335000,335000,4020000
R001108,2025-06-01,C0032,P002,Recurring,335000,0,335000,335000,4020000
R001109,2025-07-01,C0032,P002,Recurring,335000,0,335000,335000,4020000
R001110,2025-08-01,C0032,P002,Recurring,335000,0,335000,335000,4020000
R001111,2025-09-01,C0032,P002,Recurring,335000,0,335000,335000,4020000
R001112,2025-10-01,C0032,P002,Recurring,335000,0,335000,335000,4020000
R001113,2025-11-01,C0032,P002,Recurring,335000,0,335000,335000,4020000
R001114,2025-12-01,C0032,P002,Recurring,335000,0,335000,335000,4020000
R001115,2023-01-01,C0033,P002,Recurring,430000,0,430000,430000,5160000
R001116,2023-02-01,C0033,P002,Recurring,430000,0,430000,430000,5160000
R001117,2023-03-01,C0033,P002,Recurring,430000,0,430000,430000,5160000
R001118,2023-04-01,C0033,P002,Recurring,430000,0,430000,430000,5160000
R001119,2023-05-01,C0033,P002,Expansion,430000,55000,485000,485000,5820000
R001120,2023-06-01,C0033,P002,Recurring,485000,0,485000,485000,5820000
R001121,2023-07-01,C0033,P002,Recurring,485000,0,485000,485000,5820000
R001122,2023-08-01,C0033,P002,Recurring,485000,0,485000,485000,5820000
R001123,2023-09-01,C0033,P002,Recurring,485000,0,485000,485000,5820000
R001124,2023-10-01,C0033,P002,Recurring,485000,0,485000,485000,5820000
R001125,2023-11-01,C0033,P002,Recurring,485000,0,485000,485000,5820000
R001126,2023-12-01,C0033,P002,Recurring,485000,0,485000,485000,5820000
R001127,2024-01-01,C0033,P002,Recurring,485000,0,485000,485000,5820000
R001128,2024-02-01,C0033,P002,Recurring,485000,0,485000,485000,5820000
R001129,2024-03-01,C0033,P002,Recurring,485000,0,485000,485000,5820000
R001130,2024-04-01,C0033,P002,Recurring,485000,0,485000,485000,5820000
R001131,2024-05-01,C0033,P002,Recurring,485000,0,485000,485000,5820000
R001132,2024-06-01,C0033,P002,Recurring,485000,0,485000,485000,5820000
R001133,2024-07-01,C0033,P002,Recurring,485000,0,485000,485000,5820000
R001134,2024-08-01,C0033,P002,Recurring,485000,0,485000,485000,5820000
R001135,2024-09-01,C0033,P002,Recurring,485000,0,485000,485000,5820000
R001136,2024-10-01,C0033,P002,Recurring,485000,0,485000,485000,5820000
R001137,2024-11-01,C0033,P002,Recurring,485000,0,485000,485000,5820000
R001138,2023-01-01,C0034,P002,Recurring,350000,0,350000,350000,4200000
R001139,2023-02-01,C0034,P002,Recurring,350000,0,350000,350000,4200000
R001140,2023-03-01,C0034,P002,Recurring,350000,0,350000,350000,4200000
R001141,2023-01-01,C0035,P002,Recurring,460000,0,460000,460000,5520000
R001142,2023-02-01,C0035,P002,Expansion,460000,65000,525000,525000,6300000
R001143,2023-03-01,C0035,P002,Recurring,525000,0,525000,525000,6300000
R001144,2023-04-01,C0035,P002,Recurring,525000,0,525000,525000,6300000
R001145,2023-05-01,C0035,P002,Recurring,525000,0,525000,525000,6300000
R001146,2023-06-01,C0035,P002,Recurring,525000,0,525000,525000,6300000
R001147,2023-07-01,C0035,P002,Recurring,525000,0,525000,525000,6300000
R001148,2023-08-01,C0035,P002,Recurring,525000,0,525000,525000,6300000
R001149,2023-09-01,C0035,P002,Recurring,525000,0,525000,525000,6300000
R001150,2023-10-01,C0035,P002,Recurring,525000,0,525000,525000,6300000
R001151,2023-11-01,C0035,P002,Recurring,525000,0,525000,525000,6300000
R001152,2023-12-01,C0035,P002,Recurring,525000,0,525000,525000,6300000
R001153,2024-01-01,C0035,P002,Recurring,525000,0,525000,525000,6300000
R001154,2024-02-01,C0035,P002,Recurring,525000,0,525000,525000,6300000
R001155,2024-03-01,C0035,P002,Recurring,525000,0,525000,525000,6300000
R001156,2024-04-01,C0035,P002,Recurring,525000,0,525000,525000,6300000
R001157,2024-05-01,C0035,P002,Recurring,525000,0,525000,525000,6300000
R001158,2024-06-01,C0035,P002,Recurring,525000,0,525000,525000,6300000
R001159,2024-07-01,C0035,P002,Recurring,525000,0,525000,525000,6300000
R001160,2024-08-01,C0035,P002,Recurring,525000,0,525000,525000,6300000
R001161,2024-09-01,C0035,P002,Recurring,525000,0,525000,525000,6300000
R001162,2024-10-01,C0035,P002,Recurring,525000,0,525000,525000,6300000
R001163,2024-11-01,C0035,P002,Recurring,525000,0,525000,525000,6300000
R001164,2024-12-01,C0035,P002,Recurring,525000,0,525000,525000,6300000
R001165,2025-01-01,C0035,P002,Recurring,525000,0,525000,525000,6300000
R001166,2025-02-01,C0035,P002,Recurring,525000,0,525000,525000,6300000
R001167,2025-03-01,C0035,P002,Recurring,525000,0,525000,525000,6300000
R001168,2025-04-01,C0035,P002,Recurring,525000,0,525000,525000,6300000
R001169,2025-05-01,C0035,P002,Recurring,525000,0,525000,525000,6300000
R001170,2025-06-01,C0035,P002,Recurring,525000,0,525000,525000,6300000
R001171,2025-07-01,C0035,P002,Recurring,525000,0,525000,525000,6300000
R001172,2025-08-01,C0035,P002,Recurring,525000,0,525000,525000,6300000
R001173,2025-09-01,C0035,P002,Recurring,525000,0,525000,525000,6300000
R001174,2025-10-01,C0035,P002,Recurring,525000,0,525000,525000,6300000
R001175,2025-11-01,C0035,P002,Recurring,525000,0,525000,525000,6300000
R001176,2025-12-01,C0035,P002,Recurring,525000,0,525000,525000,6300000
R001177,2023-01-01,C0036,P001,Recurring,150000,0,150000,150000,1800000
R001178,2023-02-01,C0036,P002,Upgrade,150000,145000,295000,295000,3540000
R001179,2023-03-01,C0036,P002,Recurring,295000,0,295000,295000,3540000
R001180,2023-04-01,C0036,P002,Recurring,295000,0,295000,295000,3540000
R001181,2023-05-01,C0036,P002,Recurring,295000,0,295000,295000,3540000
R001182,2023-06-01,C0036,P002,Recurring,295000,0,295000,295000,3540000
R001183,2023-07-01,C0036,P002,Recurring,295000,0,295000,295000,3540000
R001184,2023-08-01,C0036,P002,Recurring,295000,0,295000,295000,3540000
R001185,2023-09-01,C0036,P002,Recurring,295000,0,295000,295000,3540000
R001186,2023-10-01,C0036,P002,Recurring,295000,0,295000,295000,3540000
R001187,2023-11-01,C0036,P002,Recurring,295000,0,295000,295000,3540000
R001188,2023-12-01,C0036,P002,Recurring,295000,0,295000,295000,3540000
R001189,2024-01-01,C0036,P002,Recurring,295000,0,295000,295000,3540000
R001190,2024-02-01,C0036,P002,Recurring,295000,0,295000,295000,3540000
R001191,2024-03-01,C0036,P002,Recurring,295000,0,295000,295000,3540000
R001192,2024-04-01,C0036,P002,Recurring,295000,0,295000,295000,3540000
R001193,2024-05-01,C0036,P002,Recurring,295000,0,295000,295000,3540000
R001194,2024-06-01,C0036,P002,Recurring,295000,0,295000,295000,3540000
R001195,2024-07-01,C0036,P002,Recurring,295000,0,295000,295000,3540000
R001196,2024-08-01,C0036,P002,Recurring,295000,0,295000,295000,3540000
R001197,2024-09-01,C0036,P002,Recurring,295000,0,295000,295000,3540000
R001198,2024-10-01,C0036,P002,Recurring,295000,0,295000,295000,3540000
R001199,2024-11-01,C0036,P002,Recurring,295000,0,295000,295000,3540000
R001200,2024-12-01,C0036,P002,Recurring,295000,0,295000,295000,3540000
R001201,2025-01-01,C0036,P002,Recurring,295000,0,295000,295000,3540000
R001202,2025-02-01,C0036,P002,Recurring,295000,0,295000,295000,3540000
R001203,2025-03-01,C0036,P002,Recurring,295000,0,295000,295000,3540000
R001204,2025-04-01,C0036,P002,Recurring,295000,0,295000,295000,3540000
R001205,2025-05-01,C0036,P002,Recurring,295000,0,295000,295000,3540000
R001206,2025-06-01,C0036,P002,Recurring,295000,0,295000,295000,3540000
R001207,2025-07-01,C0036,P002,Recurring,295000,0,295000,295000,3540000
R001208,2025-08-01,C0036,P002,Recurring,295000,0,295000,295000,3540000
R001209,2025-09-01,C0036,P002,Recurring,295000,0,295000,295000,3540000
R001210,2025-10-01,C0036,P002,Recurring,295000,0,295000,295000,3540000
R001211,2025-11-01,C0036,P002,Recurring,295000,0,295000,295000,3540000
R001212,2025-12-01,C0036,P002,Recurring,295000,0,295000,295000,3540000
R001213,2023-01-01,C0037,P001,Recurring,95000,0,95000,95000,1140000
R001214,2023-02-01,C0037,P001,Recurring,95000,0,95000,95000,1140000
R001215,2023-03-01,C0037,P001,Recurring,95000,0,95000,95000,1140000
R001216,2023-04-01,C0037,P001,Recurring,95000,0,95000,95000,1140000
R001217,2023-05-01,C0037,P001,Recurring,95000,0,95000,95000,1140000
R001218,2023-06-01,C0037,P001,Recurring,95000,0,95000,95000,1140000
R001219,2023-07-01,C0037,P001,Recurring,95000,0,95000,95000,1140000
R001220,2023-08-01,C0037,P001,Recurring,95000,0,95000,95000,1140000
R001221,2023-09-01,C0037,P001,Recurring,95000,0,95000,95000,1140000
R001222,2023-10-01,C0037,P001,Recurring,95000,0,95000,95000,1140000
R001223,2023-11-01,C0037,P001,Recurring,95000,0,95000,95000,1140000
R001224,2023-12-01,C0037,P001,Recurring,95000,0,95000,95000,1140000
R001225,2024-01-01,C0037,P001,Recurring,95000,0,95000,95000,1140000
R001226,2024-02-01,C0037,P001,Recurring,95000,0,95000,95000,1140000
R001227,2024-03-01,C0037,P001,Recurring,95000,0,95000,95000,1140000
R001228,2024-04-01,C0037,P001,Expansion,95000,15000,110000,110000,1320000
R001229,2024-05-01,C0037,P001,Recurring,110000,0,110000,110000,1320000
R001230,2024-06-01,C0037,P001,Recurring,110000,0,110000,110000,1320000
R001231,2024-07-01,C0037,P001,Recurring,110000,0,110000,110000,1320000
R001232,2024-08-01,C0037,P001,Recurring,110000,0,110000,110000,1320000
R001233,2024-09-01,C0037,P001,Recurring,110000,0,110000,110000,1320000
R001234,2024-10-01,C0037,P001,Recurring,110000,0,110000,110000,1320000
R001235,2024-11-01,C0037,P001,Recurring,110000,0,110000,110000,1320000
R001236,2024-12-01,C0037,P001,Recurring,110000,0,110000,110000,1320000
R001237,2025-01-01,C0037,P001,Recurring,110000,0,110000,110000,1320000
R001238,2025-02-01,C0037,P001,Recurring,110000,0,110000,110000,1320000
R001239,2025-03-01,C0037,P001,Recurring,110000,0,110000,110000,1320000
R001240,2025-04-01,C0037,P001,Recurring,110000,0,110000,110000,1320000
R001241,2025-05-01,C0037,P001,Recurring,110000,0,110000,110000,1320000
R001242,2025-06-01,C0037,P001,Recurring,110000,0,110000,110000,1320000
R001243,2025-07-01,C0037,P001,Recurring,110000,0,110000,110000,1320000
R001244,2025-08-01,C0037,P001,Recurring,110000,0,110000,110000,1320000
R001245,2025-09-01,C0037,P001,Recurring,110000,0,110000,110000,1320000
R001246,2025-10-01,C0037,P001,Recurring,110000,0,110000,110000,1320000
R001247,2025-11-01,C0037,P001,Recurring,110000,0,110000,110000,1320000
R001248,2025-12-01,C0037,P001,Recurring,110000,0,110000,110000,1320000
R001249,2023-01-01,C0038,P002,Recurring,330000,0,330000,330000,3960000
R001250,2023-02-01,C0038,P002,Recurring,330000,0,330000,330000,3960000
R001251,2023-03-01,C0038,P002,Recurring,330000,0,330000,330000,3960000
R001252,2023-04-01,C0038,P002,Recurring,330000,0,330000,330000,3960000
R001253,2023-05-01,C0038,P002,Recurring,330000,0,330000,330000,3960000
R001254,2023-06-01,C0038,P002,Recurring,330000,0,330000,330000,3960000
R001255,2023-07-01,C0038,P002,Recurring,330000,0,330000,330000,3960000
R001256,2023-08-01,C0038,P002,Recurring,330000,0,330000,330000,3960000
R001257,2023-09-01,C0038,P002,Recurring,330000,0,330000,330000,3960000
R001258,2023-10-01,C0038,P002,Recurring,330000,0,330000,330000,3960000
R001259,2023-11-01,C0038,P002,Recurring,330000,0,330000,330000,3960000
R001260,2023-12-01,C0038,P002,Recurring,330000,0,330000,330000,3960000
R001261,2024-01-01,C0038,P002,Recurring,330000,0,330000,330000,3960000
R001262,2024-02-01,C0038,P002,Recurring,330000,0,330000,330000,3960000
R001263,2024-03-01,C0038,P002,Recurring,330000,0,330000,330000,3960000
R001264,2024-04-01,C0038,P002,Recurring,330000,0,330000,330000,3960000
R001265,2024-05-01,C0038,P002,Recurring,330000,0,330000,330000,3960000
R001266,2024-06-01,C0038,P002,Recurring,330000,0,330000,330000,3960000
R001267,2024-07-01,C0038,P002,Recurring,330000,0,330000,330000,3960000
R001268,2024-08-01,C0038,P002,Recurring,330000,0,330000,330000,3960000
R001269,2024-09-01,C0038,P002,Recurring,330000,0,330000,330000,3960000
R001270,2024-10-01,C0038,P002,Recurring,330000,0,330000,330000,3960000
R001271,2024-11-01,C0038,P002,Recurring,330000,0,330000,330000,3960000
R001272,2024-12-01,C0038,P002,Recurring,330000,0,330000,330000,3960000
R001273,2025-01-01,C0038,P002,Recurring,330000,0,330000,330000,3960000
R001274,2025-02-01,C0038,P002,Recurring,330000,0,330000,330000,3960000
R001275,2025-03-01,C0038,P002,Recurring,330000,0,330000,330000,3960000
R001276,2025-04-01,C0038,P002,Recurring,330000,0,330000,330000,3960000
R001277,2025-05-01,C0038,P002,Recurring,330000,0,330000,330000,3960000
R001278,2025-06-01,C0038,P002,Recurring,330000,0,330000,330000,3960000
R001279,2025-07-01,C0038,P002,Recurring,330000,0,330000,330000,3960000
R001280,2025-08-01,C0038,P002,Recurring,330000,0,330000,330000,3960000
R001281,2025-09-01,C0038,P002,Recurring,330000,0,330000,330000,3960000
R001282,2025-10-01,C0038,P002,Recurring,330000,0,330000,330000,3960000
R001283,2025-11-01,C0038,P002,Recurring,330000,0,330000,330000,3960000
R001284,2025-12-01,C0038,P002,Recurring,330000,0,330000,330000,3960000
R001285,2023-01-01,C0039,P001,Recurring,150000,0,150000,150000,1800000
R001286,2023-02-01,C0039,P001,Recurring,150000,0,150000,150000,1800000
R001287,2023-03-01,C0039,P001,Recurring,150000,0,150000,150000,1800000
R001288,2023-04-01,C0039,P001,Recurring,150000,0,150000,150000,1800000
R001289,2023-05-01,C0039,P001,Recurring,150000,0,150000,150000,1800000
R001290,2023-06-01,C0039,P001,Recurring,150000,0,150000,150000,1800000
R001291,2023-07-01,C0039,P001,Recurring,150000,0,150000,150000,1800000
R001292,2023-08-01,C0039,P001,Recurring,150000,0,150000,150000,1800000
R001293,2023-09-01,C0039,P001,Recurring,150000,0,150000,150000,1800000
R001294,2023-10-01,C0039,P001,Recurring,150000,0,150000,150000,1800000
R001295,2023-11-01,C0039,P001,Recurring,150000,0,150000,150000,1800000
R001296,2023-12-01,C0039,P001,Recurring,150000,0,150000,150000,1800000
R001297,2024-01-01,C0039,P001,Recurring,150000,0,150000,150000,1800000
R001298,2024-02-01,C0039,P001,Recurring,150000,0,150000,150000,1800000
R001299,2024-03-01,C0039,P001,Recurring,150000,0,150000,150000,1800000
R001300,2024-04-01,C0039,P001,Recurring,150000,0,150000,150000,1800000
R001301,2024-05-01,C0039,P001,Recurring,150000,0,150000,150000,1800000
R001302,2024-06-01,C0039,P001,Recurring,150000,0,150000,150000,1800000
R001303,2024-07-01,C0039,P001,Recurring,150000,0,150000,150000,1800000
R001304,2024-08-01,C0039,P001,Recurring,150000,0,150000,150000,1800000
R001305,2024-09-01,C0039,P001,Recurring,150000,0,150000,150000,1800000
R001306,2024-10-01,C0039,P001,Recurring,150000,0,150000,150000,1800000
R001307,2024-11-01,C0039,P001,Recurring,150000,0,150000,150000,1800000
R001308,2024-12-01,C0039,P001,Recurring,150000,0,150000,150000,1800000
R001309,2025-01-01,C0039,P001,Recurring,150000,0,150000,150000,1800000
R001310,2025-02-01,C0039,P001,Recurring,150000,0,150000,150000,1800000
R001311,2025-03-01,C0039,P001,Recurring,150000,0,150000,150000,1800000
R001312,2025-04-01,C0039,P001,Recurring,150000,0,150000,150000,1800000
R001313,2025-05-01,C0039,P001,Recurring,150000,0,150000,150000,1800000
R001314,2025-06-01,C0039,P001,Recurring,150000,0,150000,150000,1800000
R001315,2025-07-01,C0039,P001,Recurring,150000,0,150000,150000,1800000
R001316,2025-08-01,C0039,P001,Recurring,150000,0,150000,150000,1800000
R001317,2025-09-01,C0039,P001,Recurring,150000,0,150000,150000,1800000
R001318,2025-10-01,C0039,P001,Recurring,150000,0,150000,150000,1800000
R001319,2025-11-01,C0039,P001,Recurring,150000,0,150000,150000,1800000
R001320,2025-12-01,C0039,P001,Recurring,150000,0,150000,150000,1800000
R001321,2023-01-01,C0040,P001,Recurring,145000,0,145000,145000,1740000
R001322,2023-02-01,C0040,P001,Recurring,145000,0,145000,145000,1740000
R001323,2023-03-01,C0040,P001,Recurring,145000,0,145000,145000,1740000
R001324,2023-04-01,C0040,P001,Recurring,145000,0,145000,145000,1740000
R001325,2023-05-01,C0040,P001,Recurring,145000,0,145000,145000,1740000
R001326,2023-06-01,C0040,P001,Recurring,145000,0,145000,145000,1740000
R001327,2023-07-01,C0040,P001,Recurring,145000,0,145000,145000,1740000
R001328,2023-08-01,C0040,P001,Recurring,145000,0,145000,145000,1740000
R001329,2023-09-01,C0040,P002,Upgrade,145000,105000,250000,250000,3000000
R001330,2023-10-01,C0040,P002,Recurring,250000,0,250000,250000,3000000
R001331,2023-11-01,C0040,P002,Recurring,250000,0,250000,250000,3000000
R001332,2023-12-01,C0040,P002,Recurring,250000,0,250000,250000,3000000
R001333,2024-01-01,C0040,P002,Recurring,250000,0,250000,250000,3000000
R001334,2024-02-01,C0040,P002,Recurring,250000,0,250000,250000,3000000
R001335,2024-03-01,C0040,P002,Recurring,250000,0,250000,250000,3000000
R001336,2024-04-01,C0040,P002,Recurring,250000,0,250000,250000,3000000
R001337,2024-05-01,C0040,P002,Recurring,250000,0,250000,250000,3000000
R001338,2024-06-01,C0040,P002,Recurring,250000,0,250000,250000,3000000
R001339,2024-07-01,C0040,P002,Recurring,250000,0,250000,250000,3000000
R001340,2024-08-01,C0040,P002,Recurring,250000,0,250000,250000,3000000
R001341,2024-09-01,C0040,P002,Recurring,250000,0,250000,250000,3000000
R001342,2024-10-01,C0040,P002,Recurring,250000,0,250000,250000,3000000
R001343,2024-11-01,C0040,P002,Recurring,250000,0,250000,250000,3000000
R001344,2024-12-01,C0040,P002,Recurring,250000,0,250000,250000,3000000
R001345,2025-01-01,C0040,P002,Recurring,250000,0,250000,250000,3000000
R001346,2025-02-01,C0040,P002,Recurring,250000,0,250000,250000,3000000
R001347,2025-03-01,C0040,P002,Recurring,250000,0,250000,250000,3000000
R001348,2025-04-01,C0040,P002,Recurring,250000,0,250000,250000,3000000
R001349,2025-05-01,C0040,P002,Recurring,250000,0,250000,250000,3000000
R001350,2025-06-01,C0040,P002,Recurring,250000,0,250000,250000,3000000
R001351,2025-07-01,C0040,P002,Recurring,250000,0,250000,250000,3000000
R001352,2025-08-01,C0040,P002,Recurring,250000,0,250000,250000,3000000
R001353,2025-09-01,C0040,P002,Recurring,250000,0,250000,250000,3000000
R001354,2025-10-01,C0040,P002,Recurring,250000,0,250000,250000,3000000
R001355,2025-11-01,C0040,P002,Recurring,250000,0,250000,250000,3000000
R001356,2025-12-01,C0040,P002,Recurring,250000,0,250000,250000,3000000
R001357,2023-01-01,C0041,P001,Recurring,90000,0,90000,90000,1080000
R001358,2023-02-01,C0041,P001,Recurring,90000,0,90000,90000,1080000
R001359,2023-03-01,C0041,P001,Recurring,90000,0,90000,90000,1080000
R001360,2023-04-01,C0041,P001,Recurring,90000,0,90000,90000,1080000
R001361,2023-05-01,C0041,P001,Recurring,90000,0,90000,90000,1080000
R001362,2023-06-01,C0041,P001,Expansion,90000,10000,100000,100000,1200000
R001363,2023-07-01,C0041,P001,Recurring,100000,0,100000,100000,1200000
R001364,2023-08-01,C0041,P001,Recurring,100000,0,100000,100000,1200000
R001365,2023-09-01,C0041,P001,Recurring,100000,0,100000,100000,1200000
R001366,2023-10-01,C0041,P001,Recurring,100000,0,100000,100000,1200000
R001367,2023-11-01,C0041,P001,Recurring,100000,0,100000,100000,1200000
R001368,2023-12-01,C0041,P001,Recurring,100000,0,100000,100000,1200000
R001369,2024-01-01,C0041,P001,Recurring,100000,0,100000,100000,1200000
R001370,2024-02-01,C0041,P001,Recurring,100000,0,100000,100000,1200000
R001371,2024-03-01,C0041,P001,Recurring,100000,0,100000,100000,1200000
R001372,2024-04-01,C0041,P001,Recurring,100000,0,100000,100000,1200000
R001373,2024-05-01,C0041,P001,Recurring,100000,0,100000,100000,1200000
R001374,2024-06-01,C0041,P001,Recurring,100000,0,100000,100000,1200000
R001375,2024-07-01,C0041,P001,Recurring,100000,0,100000,100000,1200000
R001376,2024-08-01,C0041,P001,Recurring,100000,0,100000,100000,1200000
R001377,2024-09-01,C0041,P001,Recurring,100000,0,100000,100000,1200000
R001378,2024-10-01,C0041,P001,Recurring,100000,0,100000,100000,1200000
R001379,2024-11-01,C0041,P001,Recurring,100000,0,100000,100000,1200000
R001380,2024-12-01,C0041,P001,Expansion,100000,10000,110000,110000,1320000
R001381,2025-01-01,C0041,P001,Recurring,110000,0,110000,110000,1320000
R001382,2025-02-01,C0041,P001,Recurring,110000,0,110000,110000,1320000
R001383,2025-03-01,C0041,P001,Recurring,110000,0,110000,110000,1320000
R001384,2025-04-01,C0041,P001,Recurring,110000,0,110000,110000,1320000
R001385,2025-05-01,C0041,P001,Recurring,110000,0,110000,110000,1320000
R001386,2025-06-01,C0041,P001,Recurring,110000,0,110000,110000,1320000
R001387,2025-07-01,C0041,P001,Recurring,110000,0,110000,110000,1320000
R001388,2025-08-01,C0041,P001,Recurring,110000,0,110000,110000,1320000
R001389,2025-09-01,C0041,P001,Recurring,110000,0,110000,110000,1320000
R001390,2025-10-01,C0041,P001,Recurring,110000,0,110000,110000,1320000
R001391,2025-11-01,C0041,P001,Recurring,110000,0,110000,110000,1320000
R001392,2025-12-01,C0041,P001,Recurring,110000,0,110000,110000,1320000
R001393,2023-01-01,C0042,P001,Recurring,120000,0,120000,120000,1440000
R001394,2023-02-01,C0042,P001,Recurring,120000,0,120000,120000,1440000
R001395,2023-03-01,C0042,P001,Recurring,120000,0,120000,120000,1440000
R001396,2023-04-01,C0042,P001,Recurring,120000,0,120000,120000,1440000
R001397,2023-05-01,C0042,P001,Recurring,120000,0,120000,120000,1440000
R001398,2023-06-01,C0042,P001,Recurring,120000,0,120000,120000,1440000
R001399,2023-07-01,C0042,P001,Recurring,120000,0,120000,120000,1440000
R001400,2023-08-01,C0042,P001,Recurring,120000,0,120000,120000,1440000
R001401,2023-09-01,C0042,P001,Recurring,120000,0,120000,120000,1440000
R001402,2023-10-01,C0042,P001,Recurring,120000,0,120000,120000,1440000
R001403,2024-02-01,C0042,P001,Reactivation,0,120000,120000,120000,1440000
R001404,2024-03-01,C0042,P001,Recurring,120000,0,120000,120000,1440000
R001405,2024-04-01,C0042,P001,Recurring,120000,0,120000,120000,1440000
R001406,2024-05-01,C0042,P001,Recurring,120000,0,120000,120000,1440000
R001407,2024-06-01,C0042,P001,Recurring,120000,0,120000,120000,1440000
R001408,2024-07-01,C0042,P001,Recurring,120000,0,120000,120000,1440000
R001409,2024-08-01,C0042,P001,Recurring,120000,0,120000,120000,1440000
R001410,2024-09-01,C0042,P001,Recurring,120000,0,120000,120000,1440000
R001411,2024-10-01,C0042,P001,Recurring,120000,0,120000,120000,1440000
R001412,2024-11-01,C0042,P001,Recurring,120000,0,120000,120000,1440000
R001413,2024-12-01,C0042,P001,Recurring,120000,0,120000,120000,1440000
R001414,2025-01-01,C0042,P001,Recurring,120000,0,120000,120000,1440000
R001415,2025-02-01,C0042,P001,Recurring,120000,0,120000,120000,1440000
R001416,2025-03-01,C0042,P001,Recurring,120000,0,120000,120000,1440000
R001417,2025-04-01,C0042,P001,Recurring,120000,0,120000,120000,1440000
R001418,2025-05-01,C0042,P001,Recurring,120000,0,120000,120000,1440000
R001419,2025-06-01,C0042,P001,Recurring,120000,0,120000,120000,1440000
R001420,2025-07-01,C0042,P001,Recurring,120000,0,120000,120000,1440000
R001421,2025-08-01,C0042,P001,Recurring,120000,0,120000,120000,1440000
R001422,2025-09-01,C0042,P001,Recurring,120000,0,120000,120000,1440000
R001423,2025-10-01,C0042,P001,Recurring,120000,0,120000,120000,1440000
R001424,2025-11-01,C0042,P001,Recurring,120000,0,120000,120000,1440000
R001425,2025-12-01,C0042,P001,Recurring,120000,0,120000,120000,1440000
R001426,2023-01-01,C0043,P002,Recurring,360000,0,360000,360000,4320000
R001427,2023-02-01,C0043,P002,Recurring,360000,0,360000,360000,4320000
R001428,2023-03-01,C0043,P002,Recurring,360000,0,360000,360000,4320000
R001429,2023-04-01,C0043,P002,Recurring,360000,0,360000,360000,4320000
R001430,2023-05-01,C0043,P002,Recurring,360000,0,360000,360000,4320000
R001431,2023-06-01,C0043,P002,Recurring,360000,0,360000,360000,4320000
R001432,2023-07-01,C0043,P002,Recurring,360000,0,360000,360000,4320000
R001433,2023-08-01,C0043,P002,Recurring,360000,0,360000,360000,4320000
R001434,2023-09-01,C0043,P002,Recurring,360000,0,360000,360000,4320000
R001435,2023-10-01,C0043,P002,Recurring,360000,0,360000,360000,4320000
R001436,2023-11-01,C0043,P002,Recurring,360000,0,360000,360000,4320000
R001437,2023-12-01,C0043,P002,Recurring,360000,0,360000,360000,4320000
R001438,2024-01-01,C0043,P002,Recurring,360000,0,360000,360000,4320000
R001439,2024-02-01,C0043,P002,Recurring,360000,0,360000,360000,4320000
R001440,2024-03-01,C0043,P002,Recurring,360000,0,360000,360000,4320000
R001441,2024-04-01,C0043,P002,Recurring,360000,0,360000,360000,4320000
R001442,2024-05-01,C0043,P002,Recurring,360000,0,360000,360000,4320000
R001443,2024-06-01,C0043,P002,Recurring,360000,0,360000,360000,4320000
R001444,2024-07-01,C0043,P002,Recurring,360000,0,360000,360000,4320000
R001445,2024-08-01,C0043,P002,Recurring,360000,0,360000,360000,4320000
R001446,2024-09-01,C0043,P002,Recurring,360000,0,360000,360000,4320000
R001447,2024-10-01,C0043,P002,Recurring,360000,0,360000,360000,4320000
R001448,2024-11-01,C0043,P002,Recurring,360000,0,360000,360000,4320000
R001449,2024-12-01,C0043,P002,Recurring,360000,0,360000,360000,4320000
R001450,2025-01-01,C0043,P002,Recurring,360000,0,360000,360000,4320000
R001451,2025-02-01,C0043,P002,Recurring,360000,0,360000,360000,4320000
R001452,2025-03-01,C0043,P002,Recurring,360000,0,360000,360000,4320000
R001453,2025-04-01,C0043,P002,Recurring,360000,0,360000,360000,4320000
R001454,2025-05-01,C0043,P002,Recurring,360000,0,360000,360000,4320000
R001455,2025-06-01,C0043,P002,Recurring,360000,0,360000,360000,4320000
R001456,2025-07-01,C0043,P002,Recurring,360000,0,360000,360000,4320000
R001457,2025-08-01,C0043,P002,Recurring,360000,0,360000,360000,4320000
R001458,2025-09-01,C0043,P002,Recurring,360000,0,360000,360000,4320000
R001459,2025-10-01,C0043,P002,Recurring,360000,0,360000,360000,4320000
R001460,2025-11-01,C0043,P002,Recurring,360000,0,360000,360000,4320000
R001461,2025-12-01,C0043,P002,Recurring,360000,0,360000,360000,4320000
R001462,2023-01-01,C0044,P001,Recurring,115000,0,115000,115000,1380000
R001463,2023-02-01,C0044,P001,Recurring,115000,0,115000,115000,1380000
R001464,2023-03-01,C0044,P001,Recurring,115000,0,115000,115000,1380000
R001465,2023-04-01,C0044,P001,Recurring,115000,0,115000,115000,1380000
R001466,2023-05-01,C0044,P001,Expansion,115000,10000,125000,125000,1500000
R001467,2023-06-01,C0044,P001,Recurring,125000,0,125000,125000,1500000
R001468,2023-07-01,C0044,P001,Recurring,125000,0,125000,125000,1500000
R001469,2023-08-01,C0044,P001,Recurring,125000,0,125000,125000,1500000
R001470,2023-09-01,C0044,P001,Recurring,125000,0,125000,125000,1500000
R001471,2023-10-01,C0044,P001,Recurring,125000,0,125000,125000,1500000
R001472,2023-11-01,C0044,P001,Recurring,125000,0,125000,125000,1500000
R001473,2023-12-01,C0044,P001,Recurring,125000,0,125000,125000,1500000
R001474,2024-01-01,C0044,P001,Recurring,125000,0,125000,125000,1500000
R001475,2024-02-01,C0044,P001,Recurring,125000,0,125000,125000,1500000
R001476,2024-03-01,C0044,P001,Recurring,125000,0,125000,125000,1500000
R001477,2024-04-01,C0044,P001,Recurring,125000,0,125000,125000,1500000
R001478,2024-05-01,C0044,P001,Recurring,125000,0,125000,125000,1500000
R001479,2024-06-01,C0044,P001,Recurring,125000,0,125000,125000,1500000
R001480,2024-07-01,C0044,P001,Recurring,125000,0,125000,125000,1500000
R001481,2024-08-01,C0044,P001,Recurring,125000,0,125000,125000,1500000
R001482,2024-09-01,C0044,P001,Recurring,125000,0,125000,125000,1500000
R001483,2024-10-01,C0044,P001,Recurring,125000,0,125000,125000,1500000
R001484,2024-11-01,C0044,P001,Recurring,125000,0,125000,125000,1500000
R001485,2024-12-01,C0044,P001,Recurring,125000,0,125000,125000,1500000
R001486,2025-01-01,C0044,P001,Recurring,125000,0,125000,125000,1500000
R001487,2025-02-01,C0044,P001,Recurring,125000,0,125000,125000,1500000
R001488,2025-03-01,C0044,P001,Recurring,125000,0,125000,125000,1500000
R001489,2025-04-01,C0044,P001,Recurring,125000,0,125000,125000,1500000
R001490,2025-05-01,C0044,P001,Recurring,125000,0,125000,125000,1500000
R001491,2025-06-01,C0044,P001,Recurring,125000,0,125000,125000,1500000
R001492,2025-07-01,C0044,P001,Recurring,125000,0,125000,125000,1500000
R001493,2025-08-01,C0044,P001,Recurring,125000,0,125000,125000,1500000
R001494,2025-09-01,C0044,P001,Recurring,125000,0,125000,125000,1500000
R001495,2025-10-01,C0044,P001,Recurring,125000,0,125000,125000,1500000
R001496,2025-11-01,C0044,P001,Recurring,125000,0,125000,125000,1500000
R001497,2025-12-01,C0044,P001,Recurring,125000,0,125000,125000,1500000
R001498,2023-01-01,C0045,P001,Recurring,120000,0,120000,120000,1440000
R001499,2023-02-01,C0045,P001,Recurring,120000,0,120000,120000,1440000
R001500,2023-03-01,C0045,P001,Recurring,120000,0,120000,120000,1440000
R001501,2023-04-01,C0045,P001,Recurring,120000,0,120000,120000,1440000
R001502,2023-05-01,C0045,P001,Recurring,120000,0,120000,120000,1440000
R001503,2023-06-01,C0045,P001,Recurring,120000,0,120000,120000,1440000
R001504,2023-07-01,C0045,P001,Recurring,120000,0,120000,120000,1440000
R001505,2023-08-01,C0045,P001,Recurring,120000,0,120000,120000,1440000
R001506,2023-09-01,C0045,P001,Recurring,120000,0,120000,120000,1440000
R001507,2023-10-01,C0045,P001,Recurring,120000,0,120000,120000,1440000
R001508,2023-11-01,C0045,P001,Recurring,120000,0,120000,120000,1440000
R001509,2023-12-01,C0045,P001,Recurring,120000,0,120000,120000,1440000
R001510,2024-01-01,C0045,P001,Recurring,120000,0,120000,120000,1440000
R001511,2024-02-01,C0045,P001,Recurring,120000,0,120000,120000,1440000
R001512,2024-03-01,C0045,P001,Recurring,120000,0,120000,120000,1440000
R001513,2024-04-01,C0045,P001,Recurring,120000,0,120000,120000,1440000
R001514,2024-05-01,C0045,P001,Recurring,120000,0,120000,120000,1440000
R001515,2024-06-01,C0045,P001,Recurring,120000,0,120000,120000,1440000
R001516,2024-07-01,C0045,P001,Recurring,120000,0,120000,120000,1440000
R001517,2024-08-01,C0045,P001,Recurring,120000,0,120000,120000,1440000
R001518,2024-09-01,C0045,P001,Recurring,120000,0,120000,120000,1440000
R001519,2024-10-01,C0045,P001,Recurring,120000,0,120000,120000,1440000
R001520,2024-11-01,C0045,P001,Recurring,120000,0,120000,120000,1440000
R001521,2024-12-01,C0045,P001,Expansion,120000,15000,135000,135000,1620000
R001522,2025-01-01,C0045,P001,Recurring,135000,0,135000,135000,1620000
R001523,2025-02-01,C0045,P001,Recurring,135000,0,135000,135000,1620000
R001524,2025-03-01,C0045,P001,Recurring,135000,0,135000,135000,1620000
R001525,2025-04-01,C0045,P001,Recurring,135000,0,135000,135000,1620000
R001526,2025-05-01,C0045,P001,Recurring,135000,0,135000,135000,1620000
R001527,2025-06-01,C0045,P001,Recurring,135000,0,135000,135000,1620000
R001528,2025-07-01,C0045,P001,Recurring,135000,0,135000,135000,1620000
R001529,2025-08-01,C0045,P001,Recurring,135000,0,135000,135000,1620000
R001530,2025-09-01,C0045,P001,Recurring,135000,0,135000,135000,1620000
R001531,2025-10-01,C0045,P001,Recurring,135000,0,135000,135000,1620000
R001532,2025-11-01,C0045,P001,Recurring,135000,0,135000,135000,1620000
R001533,2025-12-01,C0045,P001,Recurring,135000,0,135000,135000,1620000
R001534,2023-01-01,C0046,P001,Recurring,165000,0,165000,165000,1980000
R001535,2023-02-01,C0046,P001,Recurring,165000,0,165000,165000,1980000
R001536,2023-03-01,C0046,P001,Recurring,165000,0,165000,165000,1980000
R001537,2023-04-01,C0046,P001,Recurring,165000,0,165000,165000,1980000
R001538,2023-05-01,C0046,P001,Recurring,165000,0,165000,165000,1980000
R001539,2023-06-01,C0046,P001,Recurring,165000,0,165000,165000,1980000
R001540,2023-07-01,C0046,P001,Recurring,165000,0,165000,165000,1980000
R001541,2023-08-01,C0046,P001,Recurring,165000,0,165000,165000,1980000
R001542,2023-09-01,C0046,P002,Upgrade,165000,110000,275000,275000,3300000
R001543,2023-10-01,C0046,P002,Recurring,275000,0,275000,275000,3300000
R001544,2023-11-01,C0046,P002,Recurring,275000,0,275000,275000,3300000
R001545,2023-12-01,C0046,P002,Recurring,275000,0,275000,275000,3300000
R001546,2024-01-01,C0046,P002,Recurring,275000,0,275000,275000,3300000
R001547,2024-02-01,C0046,P002,Recurring,275000,0,275000,275000,3300000
R001548,2024-03-01,C0046,P002,Expansion,275000,45000,320000,320000,3840000
R001549,2024-04-01,C0046,P002,Recurring,320000,0,320000,320000,3840000
R001550,2024-05-01,C0046,P002,Recurring,320000,0,320000,320000,3840000
R001551,2024-06-01,C0046,P002,Recurring,320000,0,320000,320000,3840000
R001552,2024-07-01,C0046,P002,Recurring,320000,0,320000,320000,3840000
R001553,2024-08-01,C0046,P002,Recurring,320000,0,320000,320000,3840000
R001554,2024-09-01,C0046,P002,Recurring,320000,0,320000,320000,3840000
R001555,2024-10-01,C0046,P002,Recurring,320000,0,320000,320000,3840000
R001556,2024-11-01,C0046,P002,Recurring,320000,0,320000,320000,3840000
R001557,2024-12-01,C0046,P002,Recurring,320000,0,320000,320000,3840000
R001558,2025-01-01,C0046,P002,Recurring,320000,0,320000,320000,3840000
R001559,2025-02-01,C0046,P002,Recurring,320000,0,320000,320000,3840000
R001560,2025-03-01,C0046,P002,Recurring,320000,0,320000,320000,3840000
R001561,2025-04-01,C0046,P002,Recurring,320000,0,320000,320000,3840000
R001562,2025-05-01,C0046,P002,Recurring,320000,0,320000,320000,3840000
R001563,2025-06-01,C0046,P002,Recurring,320000,0,320000,320000,3840000
R001564,2025-07-01,C0046,P002,Recurring,320000,0,320000,320000,3840000
R001565,2025-08-01,C0046,P002,Recurring,320000,0,320000,320000,3840000
R001566,2025-09-01,C0046,P002,Recurring,320000,0,320000,320000,3840000
R001567,2025-10-01,C0046,P002,Recurring,320000,0,320000,320000,3840000
R001568,2025-11-01,C0046,P002,Recurring,320000,0,320000,320000,3840000
R001569,2025-12-01,C0046,P002,Recurring,320000,0,320000,320000,3840000
R001570,2023-01-01,C0047,P002,Recurring,340000,0,340000,340000,4080000
R001571,2023-02-01,C0047,P002,Recurring,340000,0,340000,340000,4080000
R001572,2023-03-01,C0047,P002,Recurring,340000,0,340000,340000,4080000
R001573,2023-04-01,C0047,P002,Recurring,340000,0,340000,340000,4080000
R001574,2023-05-01,C0047,P002,Recurring,340000,0,340000,340000,4080000
R001575,2023-06-01,C0047,P002,Recurring,340000,0,340000,340000,4080000
R001576,2023-07-01,C0047,P002,Recurring,340000,0,340000,340000,4080000
R001577,2023-08-01,C0047,P002,Recurring,340000,0,340000,340000,4080000
R001578,2023-09-01,C0047,P002,Recurring,340000,0,340000,340000,4080000
R001579,2023-10-01,C0047,P002,Recurring,340000,0,340000,340000,4080000
R001580,2023-11-01,C0047,P002,Recurring,340000,0,340000,340000,4080000
R001581,2023-12-01,C0047,P002,Recurring,340000,0,340000,340000,4080000
R001582,2024-01-01,C0047,P002,Recurring,340000,0,340000,340000,4080000
R001583,2024-02-01,C0047,P002,Recurring,340000,0,340000,340000,4080000
R001584,2024-03-01,C0047,P002,Expansion,340000,60000,400000,400000,4800000
R001585,2024-04-01,C0047,P002,Recurring,400000,0,400000,400000,4800000
R001586,2023-01-01,C0048,P001,Recurring,155000,0,155000,155000,1860000
R001587,2023-02-01,C0048,P001,Recurring,155000,0,155000,155000,1860000
R001588,2023-03-01,C0048,P001,Recurring,155000,0,155000,155000,1860000
R001589,2023-04-01,C0048,P001,Expansion,155000,15000,170000,170000,2040000
R001590,2023-05-01,C0048,P001,Recurring,170000,0,170000,170000,2040000
R001591,2023-06-01,C0048,P001,Recurring,170000,0,170000,170000,2040000
R001592,2023-07-01,C0048,P001,Recurring,170000,0,170000,170000,2040000
R001593,2023-08-01,C0048,P001,Recurring,170000,0,170000,170000,2040000
R001594,2023-09-01,C0048,P001,Recurring,170000,0,170000,170000,2040000
R001595,2023-10-01,C0048,P001,Recurring,170000,0,170000,170000,2040000
R001596,2023-11-01,C0048,P001,Recurring,170000,0,170000,170000,2040000
R001597,2023-12-01,C0048,P001,Recurring,170000,0,170000,170000,2040000
R001598,2024-01-01,C0048,P001,Recurring,170000,0,170000,170000,2040000
R001599,2024-02-01,C0048,P001,Recurring,170000,0,170000,170000,2040000
R001600,2024-03-01,C0048,P001,Recurring,170000,0,170000,170000,2040000
R001601,2024-04-01,C0048,P001,Recurring,170000,0,170000,170000,2040000
R001602,2024-05-01,C0048,P001,Recurring,170000,0,170000,170000,2040000
R001603,2024-06-01,C0048,P001,Recurring,170000,0,170000,170000,2040000
R001604,2024-07-01,C0048,P001,Recurring,170000,0,170000,170000,2040000
R001605,2024-08-01,C0048,P001,Recurring,170000,0,170000,170000,2040000
R001606,2024-09-01,C0048,P001,Recurring,170000,0,170000,170000,2040000
R001607,2024-10-01,C0048,P001,Recurring,170000,0,170000,170000,2040000
R001608,2024-11-01,C0048,P001,Recurring,170000,0,170000,170000,2040000
R001609,2024-12-01,C0048,P001,Recurring,170000,0,170000,170000,2040000
R001610,2025-01-01,C0048,P001,Recurring,170000,0,170000,170000,2040000
R001611,2025-02-01,C0048,P001,Recurring,170000,0,170000,170000,2040000
R001612,2025-03-01,C0048,P001,Recurring,170000,0,170000,170000,2040000
R001613,2025-04-01,C0048,P001,Recurring,170000,0,170000,170000,2040000
R001614,2025-05-01,C0048,P001,Recurring,170000,0,170000,170000,2040000
R001615,2025-06-01,C0048,P001,Recurring,170000,0,170000,170000,2040000
R001616,2025-07-01,C0048,P001,Recurring,170000,0,170000,170000,2040000
R001617,2025-08-01,C0048,P001,Recurring,170000,0,170000,170000,2040000
R001618,2025-09-01,C0048,P001,Recurring,170000,0,170000,170000,2040000
R001619,2025-10-01,C0048,P001,Recurring,170000,0,170000,170000,2040000
R001620,2025-11-01,C0048,P001,Recurring,170000,0,170000,170000,2040000
R001621,2025-12-01,C0048,P001,Recurring,170000,0,170000,170000,2040000
R001622,2023-01-01,C0049,P001,Recurring,170000,0,170000,170000,2040000
R001623,2023-02-01,C0049,P001,Recurring,170000,0,170000,170000,2040000
R001624,2023-07-01,C0049,P001,Reactivation,0,170000,170000,170000,2040000
R001625,2023-08-01,C0049,P001,Recurring,170000,0,170000,170000,2040000
R001626,2023-09-01,C0049,P001,Recurring,170000,0,170000,170000,2040000
R001627,2023-10-01,C0049,P001,Recurring,170000,0,170000,170000,2040000
R001628,2023-11-01,C0049,P001,Recurring,170000,0,170000,170000,2040000
R001629,2023-12-01,C0049,P001,Recurring,170000,0,170000,170000,2040000
R001630,2024-01-01,C0049,P001,Recurring,170000,0,170000,170000,2040000
R001631,2024-02-01,C0049,P001,Recurring,170000,0,170000,170000,2040000
R001632,2024-03-01,C0049,P002,Upgrade,170000,145000,315000,315000,3780000
R001633,2024-04-01,C0049,P002,Recurring,315000,0,315000,315000,3780000
R001634,2024-05-01,C0049,P002,Recurring,315000,0,315000,315000,3780000
R001635,2024-06-01,C0049,P002,Recurring,315000,0,315000,315000,3780000
R001636,2024-07-01,C0049,P002,Recurring,315000,0,315000,315000,3780000
R001637,2024-08-01,C0049,P002,Recurring,315000,0,315000,315000,3780000
R001638,2024-09-01,C0049,P002,Recurring,315000,0,315000,315000,3780000
R001639,2024-10-01,C0049,P002,Recurring,315000,0,315000,315000,3780000
R001640,2024-11-01,C0049,P002,Recurring,315000,0,315000,315000,3780000
R001641,2024-12-01,C0049,P002,Recurring,315000,0,315000,315000,3780000
R001642,2025-01-01,C0049,P002,Recurring,315000,0,315000,315000,3780000
R001643,2025-02-01,C0049,P002,Recurring,315000,0,315000,315000,3780000
R001644,2025-03-01,C0049,P002,Recurring,315000,0,315000,315000,3780000
R001645,2025-04-01,C0049,P002,Recurring,315000,0,315000,315000,3780000
R001646,2025-05-01,C0049,P002,Recurring,315000,0,315000,315000,3780000
R001647,2025-06-01,C0049,P002,Recurring,315000,0,315000,315000,3780000
R001648,2025-07-01,C0049,P002,Recurring,315000,0,315000,315000,3780000
R001649,2025-08-01,C0049,P002,Recurring,315000,0,315000,315000,3780000
R001650,2025-09-01,C0049,P002,Recurring,315000,0,315000,315000,3780000
R001651,2025-10-01,C0049,P002,Recurring,315000,0,315000,315000,3780000
R001652,2025-11-01,C0049,P002,Recurring,315000,0,315000,315000,3780000
R001653,2025-12-01,C0049,P002,Recurring,315000,0,315000,315000,3780000
R001654,2023-01-01,C0050,P001,Recurring,155000,0,155000,155000,1860000
R001655,2023-02-01,C0050,P001,Recurring,155000,0,155000,155000,1860000
R001656,2023-03-01,C0050,P001,Recurring,155000,0,155000,155000,1860000
R001657,2023-04-01,C0050,P001,Recurring,155000,0,155000,155000,1860000
R001658,2023-05-01,C0050,P001,Recurring,155000,0,155000,155000,1860000
R001659,2023-06-01,C0050,P001,Recurring,155000,0,155000,155000,1860000
R001660,2023-07-01,C0050,P001,Recurring,155000,0,155000,155000,1860000
R001661,2023-08-01,C0050,P001,Recurring,155000,0,155000,155000,1860000
R001662,2023-09-01,C0050,P001,Recurring,155000,0,155000,155000,1860000
R001663,2023-10-01,C0050,P001,Recurring,155000,0,155000,155000,1860000
R001664,2023-11-01,C0050,P001,Recurring,155000,0,155000,155000,1860000
R001665,2023-12-01,C0050,P001,Recurring,155000,0,155000,155000,1860000
R001666,2024-01-01,C0050,P001,Recurring,155000,0,155000,155000,1860000
R001667,2024-02-01,C0050,P001,Recurring,155000,0,155000,155000,1860000
R001668,2024-03-01,C0050,P001,Recurring,155000,0,155000,155000,1860000
R001669,2024-04-01,C0050,P001,Recurring,155000,0,155000,155000,1860000
R001670,2024-05-01,C0050,P001,Recurring,155000,0,155000,155000,1860000
R001671,2024-06-01,C0050,P001,Recurring,155000,0,155000,155000,1860000
R001672,2024-07-01,C0050,P001,Recurring,155000,0,155000,155000,1860000
R001673,2024-08-01,C0050,P001,Recurring,155000,0,155000,155000,1860000
R001674,2024-09-01,C0050,P001,Recurring,155000,0,155000,155000,1860000
R001675,2024-10-01,C0050,P001,Recurring,155000,0,155000,155000,1860000
R001676,2024-11-01,C0050,P001,Recurring,155000,0,155000,155000,1860000
R001677,2024-12-01,C0050,P001,Recurring,155000,0,155000,155000,1860000
R001678,2025-01-01,C0050,P001,Recurring,155000,0,155000,155000,1860000
R001679,2025-02-01,C0050,P001,Recurring,155000,0,155000,155000,1860000
R001680,2025-03-01,C0050,P001,Recurring,155000,0,155000,155000,1860000
R001681,2025-04-01,C0050,P001,Recurring,155000,0,155000,155000,1860000
R001682,2025-05-01,C0050,P001,Recurring,155000,0,155000,155000,1860000
R001683,2025-06-01,C0050,P001,Recurring,155000,0,155000,155000,1860000
R001684,2025-07-01,C0050,P001,Recurring,155000,0,155000,155000,1860000
R001685,2025-08-01,C0050,P001,Recurring,155000,0,155000,155000,1860000
R001686,2025-09-01,C0050,P001,Recurring,155000,0,155000,155000,1860000
R001687,2025-10-01,C0050,P001,Recurring,155000,0,155000,155000,1860000
R001688,2025-11-01,C0050,P001,Recurring,155000,0,155000,155000,1860000
R001689,2025-12-01,C0050,P001,Recurring,155000,0,155000,155000,1860000
R001690,2023-01-01,C0051,P001,Recurring,140000,0,140000,140000,1680000
R001691,2023-02-01,C0051,P001,Recurring,140000,0,140000,140000,1680000
R001692,2023-03-01,C0051,P001,Recurring,140000,0,140000,140000,1680000
R001693,2023-04-01,C0051,P001,Recurring,140000,0,140000,140000,1680000
R001694,2023-05-01,C0051,P001,Recurring,140000,0,140000,140000,1680000
R001695,2023-06-01,C0051,P001,Recurring,140000,0,140000,140000,1680000
R001696,2023-07-01,C0051,P001,Recurring,140000,0,140000,140000,1680000
R001697,2023-08-01,C0051,P001,Recurring,140000,0,140000,140000,1680000
R001698,2023-09-01,C0051,P001,Recurring,140000,0,140000,140000,1680000
R001699,2023-10-01,C0051,P001,Recurring,140000,0,140000,140000,1680000
R001700,2023-11-01,C0051,P001,Recurring,140000,0,140000,140000,1680000
R001701,2023-12-01,C0051,P001,Recurring,140000,0,140000,140000,1680000
R001702,2024-01-01,C0051,P001,Recurring,140000,0,140000,140000,1680000
R001703,2024-02-01,C0051,P001,Recurring,140000,0,140000,140000,1680000
R001704,2024-03-01,C0051,P001,Recurring,140000,0,140000,140000,1680000
R001705,2024-04-01,C0051,P001,Recurring,140000,0,140000,140000,1680000
R001706,2024-05-01,C0051,P001,Recurring,140000,0,140000,140000,1680000
R001707,2024-06-01,C0051,P001,Recurring,140000,0,140000,140000,1680000
R001708,2024-07-01,C0051,P001,Recurring,140000,0,140000,140000,1680000
R001709,2024-08-01,C0051,P001,Recurring,140000,0,140000,140000,1680000
R001710,2024-09-01,C0051,P001,Recurring,140000,0,140000,140000,1680000
R001711,2024-10-01,C0051,P001,Expansion,140000,15000,155000,155000,1860000
R001712,2024-11-01,C0051,P001,Recurring,155000,0,155000,155000,1860000
R001713,2024-12-01,C0051,P001,Recurring,155000,0,155000,155000,1860000
R001714,2025-01-01,C0051,P001,Recurring,155000,0,155000,155000,1860000
R001715,2025-02-01,C0051,P001,Recurring,155000,0,155000,155000,1860000
R001716,2025-03-01,C0051,P001,Recurring,155000,0,155000,155000,1860000
R001717,2025-04-01,C0051,P001,Recurring,155000,0,155000,155000,1860000
R001718,2025-05-01,C0051,P001,Recurring,155000,0,155000,155000,1860000
R001719,2025-06-01,C0051,P001,Recurring,155000,0,155000,155000,1860000
R001720,2025-07-01,C0051,P001,Recurring,155000,0,155000,155000,1860000
R001721,2025-08-01,C0051,P001,Recurring,155000,0,155000,155000,1860000
R001722,2025-09-01,C0051,P001,Recurring,155000,0,155000,155000,1860000
R001723,2025-10-01,C0051,P001,Recurring,155000,0,155000,155000,1860000
R001724,2025-11-01,C0051,P001,Recurring,155000,0,155000,155000,1860000
R001725,2025-12-01,C0051,P001,Recurring,155000,0,155000,155000,1860000
R001726,2023-01-01,C0052,P001,Recurring,115000,0,115000,115000,1380000
R001727,2023-02-01,C0052,P001,Recurring,115000,0,115000,115000,1380000
R001728,2023-03-01,C0052,P001,Recurring,115000,0,115000,115000,1380000
R001729,2023-04-01,C0052,P001,Recurring,115000,0,115000,115000,1380000
R001730,2023-05-01,C0052,P001,Recurring,115000,0,115000,115000,1380000
R001731,2023-06-01,C0052,P001,Recurring,115000,0,115000,115000,1380000
R001732,2023-07-01,C0052,P001,Recurring,115000,0,115000,115000,1380000
R001733,2023-08-01,C0052,P001,Recurring,115000,0,115000,115000,1380000
R001734,2023-09-01,C0052,P001,Expansion,115000,15000,130000,130000,1560000
R001735,2023-10-01,C0052,P001,Recurring,130000,0,130000,130000,1560000
R001736,2023-01-01,C0053,P002,Recurring,280000,0,280000,280000,3360000
R001737,2023-02-01,C0053,P002,Recurring,280000,0,280000,280000,3360000
R001738,2023-03-01,C0053,P002,Recurring,280000,0,280000,280000,3360000
R001739,2023-04-01,C0053,P002,Recurring,280000,0,280000,280000,3360000
R001740,2023-05-01,C0053,P002,Recurring,280000,0,280000,280000,3360000
R001741,2023-06-01,C0053,P002,Recurring,280000,0,280000,280000,3360000
R001742,2023-07-01,C0053,P002,Recurring,280000,0,280000,280000,3360000
R001743,2023-08-01,C0053,P002,Recurring,280000,0,280000,280000,3360000
R001744,2023-09-01,C0053,P002,Recurring,280000,0,280000,280000,3360000
R001745,2023-10-01,C0053,P002,Recurring,280000,0,280000,280000,3360000
R001746,2023-11-01,C0053,P002,Recurring,280000,0,280000,280000,3360000
R001747,2023-12-01,C0053,P002,Recurring,280000,0,280000,280000,3360000
R001748,2024-01-01,C0053,P002,Recurring,280000,0,280000,280000,3360000
R001749,2024-02-01,C0053,P002,Recurring,280000,0,280000,280000,3360000
R001750,2024-03-01,C0053,P002,Recurring,280000,0,280000,280000,3360000
R001751,2024-04-01,C0053,P002,Recurring,280000,0,280000,280000,3360000
R001752,2024-05-01,C0053,P002,Recurring,280000,0,280000,280000,3360000
R001753,2024-06-01,C0053,P002,Recurring,280000,0,280000,280000,3360000
R001754,2024-07-01,C0053,P002,Recurring,280000,0,280000,280000,3360000
R001755,2024-08-01,C0053,P002,Recurring,280000,0,280000,280000,3360000
R001756,2024-09-01,C0053,P002,Recurring,280000,0,280000,280000,3360000
R001757,2024-10-01,C0053,P002,Recurring,280000,0,280000,280000,3360000
R001758,2024-11-01,C0053,P002,Recurring,280000,0,280000,280000,3360000
R001759,2024-12-01,C0053,P002,Recurring,280000,0,280000,280000,3360000
R001760,2025-01-01,C0053,P002,Recurring,280000,0,280000,280000,3360000
R001761,2025-02-01,C0053,P002,Recurring,280000,0,280000,280000,3360000
R001762,2025-03-01,C0053,P002,Recurring,280000,0,280000,280000,3360000
R001763,2025-04-01,C0053,P002,Recurring,280000,0,280000,280000,3360000
R001764,2025-05-01,C0053,P002,Recurring,280000,0,280000,280000,3360000
R001765,2025-06-01,C0053,P002,Recurring,280000,0,280000,280000,3360000
R001766,2025-07-01,C0053,P002,Recurring,280000,0,280000,280000,3360000
R001767,2025-08-01,C0053,P002,Recurring,280000,0,280000,280000,3360000
R001768,2025-09-01,C0053,P002,Recurring,280000,0,280000,280000,3360000
R001769,2025-10-01,C0053,P002,Recurring,280000,0,280000,280000,3360000
R001770,2025-11-01,C0053,P002,Recurring,280000,0,280000,280000,3360000
R001771,2025-12-01,C0053,P002,Recurring,280000,0,280000,280000,3360000
R001772,2023-01-01,C0054,P001,Recurring,95000,0,95000,95000,1140000
R001773,2023-02-01,C0054,P001,Recurring,95000,0,95000,95000,1140000
R001774,2023-03-01,C0054,P001,Recurring,95000,0,95000,95000,1140000
R001775,2023-04-01,C0054,P001,Recurring,95000,0,95000,95000,1140000
R001776,2023-05-01,C0054,P001,Recurring,95000,0,95000,95000,1140000
R001777,2023-06-01,C0054,P001,Recurring,95000,0,95000,95000,1140000
R001778,2023-07-01,C0054,P001,Recurring,95000,0,95000,95000,1140000
R001779,2023-08-01,C0054,P001,Recurring,95000,0,95000,95000,1140000
R001780,2023-09-01,C0054,P001,Recurring,95000,0,95000,95000,1140000
R001781,2023-10-01,C0054,P001,Recurring,95000,0,95000,95000,1140000
R001782,2023-11-01,C0054,P001,Recurring,95000,0,95000,95000,1140000
R001783,2023-12-01,C0054,P001,Recurring,95000,0,95000,95000,1140000
R001784,2024-01-01,C0054,P001,Recurring,95000,0,95000,95000,1140000
R001785,2024-02-01,C0054,P001,Recurring,95000,0,95000,95000,1140000
R001786,2024-03-01,C0054,P001,Recurring,95000,0,95000,95000,1140000
R001787,2024-04-01,C0054,P001,Recurring,95000,0,95000,95000,1140000
R001788,2024-05-01,C0054,P001,Recurring,95000,0,95000,95000,1140000
R001789,2024-06-01,C0054,P001,Recurring,95000,0,95000,95000,1140000
R001790,2024-07-01,C0054,P001,Recurring,95000,0,95000,95000,1140000
R001791,2024-08-01,C0054,P001,Recurring,95000,0,95000,95000,1140000
R001792,2024-09-01,C0054,P001,Recurring,95000,0,95000,95000,1140000
R001793,2024-10-01,C0054,P001,Recurring,95000,0,95000,95000,1140000
R001794,2024-11-01,C0054,P001,Recurring,95000,0,95000,95000,1140000
R001795,2024-12-01,C0054,P001,Recurring,95000,0,95000,95000,1140000
R001796,2025-01-01,C0054,P001,Recurring,95000,0,95000,95000,1140000
R001797,2025-02-01,C0054,P001,Recurring,95000,0,95000,95000,1140000
R001798,2025-03-01,C0054,P001,Recurring,95000,0,95000,95000,1140000
R001799,2025-04-01,C0054,P001,Recurring,95000,0,95000,95000,1140000
R001800,2025-05-01,C0054,P001,Recurring,95000,0,95000,95000,1140000
R001801,2025-06-01,C0054,P001,Recurring,95000,0,95000,95000,1140000
R001802,2025-07-01,C0054,P001,Recurring,95000,0,95000,95000,1140000
R001803,2025-08-01,C0054,P001,Recurring,95000,0,95000,95000,1140000
R001804,2025-09-01,C0054,P001,Recurring,95000,0,95000,95000,1140000
R001805,2025-10-01,C0054,P001,Recurring,95000,0,95000,95000,1140000
R001806,2025-11-01,C0054,P001,Recurring,95000,0,95000,95000,1140000
R001807,2025-12-01,C0054,P001,Recurring,95000,0,95000,95000,1140000
R001808,2023-01-01,C0055,P002,Recurring,450000,0,450000,450000,5400000
R001809,2023-02-01,C0055,P002,Recurring,450000,0,450000,450000,5400000
R001810,2023-03-01,C0055,P002,Recurring,450000,0,450000,450000,5400000
R001811,2023-04-01,C0055,P002,Recurring,450000,0,450000,450000,5400000
R001812,2023-05-01,C0055,P002,Recurring,450000,0,450000,450000,5400000
R001813,2023-06-01,C0055,P002,Recurring,450000,0,450000,450000,5400000
R001814,2023-07-01,C0055,P002,Recurring,450000,0,450000,450000,5400000
R001815,2023-08-01,C0055,P002,Recurring,450000,0,450000,450000,5400000
R001816,2023-09-01,C0055,P002,Recurring,450000,0,450000,450000,5400000
R001817,2023-10-01,C0055,P002,Recurring,450000,0,450000,450000,5400000
R001818,2023-11-01,C0055,P002,Recurring,450000,0,450000,450000,5400000
R001819,2023-12-01,C0055,P002,Recurring,450000,0,450000,450000,5400000
R001820,2024-01-01,C0055,P002,Recurring,450000,0,450000,450000,5400000
R001821,2024-02-01,C0055,P002,Recurring,450000,0,450000,450000,5400000
R001822,2024-03-01,C0055,P002,Recurring,450000,0,450000,450000,5400000
R001823,2024-04-01,C0055,P002,Recurring,450000,0,450000,450000,5400000
R001824,2024-05-01,C0055,P002,Recurring,450000,0,450000,450000,5400000
R001825,2024-06-01,C0055,P002,Recurring,450000,0,450000,450000,5400000
R001826,2024-07-01,C0055,P002,Recurring,450000,0,450000,450000,5400000
R001827,2024-08-01,C0055,P002,Recurring,450000,0,450000,450000,5400000
R001828,2024-09-01,C0055,P002,Recurring,450000,0,450000,450000,5400000
R001829,2024-10-01,C0055,P002,Recurring,450000,0,450000,450000,5400000
R001830,2024-11-01,C0055,P002,Recurring,450000,0,450000,450000,5400000
R001831,2024-12-01,C0055,P002,Recurring,450000,0,450000,450000,5400000
R001832,2025-01-01,C0055,P002,Recurring,450000,0,450000,450000,5400000
R001833,2025-02-01,C0055,P002,Recurring,450000,0,450000,450000,5400000
R001834,2025-03-01,C0055,P002,Recurring,450000,0,450000,450000,5400000
R001835,2025-04-01,C0055,P002,Recurring,450000,0,450000,450000,5400000
R001836,2025-05-01,C0055,P002,Recurring,450000,0,450000,450000,5400000
R001837,2025-06-01,C0055,P002,Recurring,450000,0,450000,450000,5400000
R001838,2025-07-01,C0055,P002,Recurring,450000,0,450000,450000,5400000
R001839,2025-08-01,C0055,P002,Recurring,450000,0,450000,450000,5400000
R001840,2025-09-01,C0055,P002,Recurring,450000,0,450000,450000,5400000
R001841,2025-10-01,C0055,P002,Recurring,450000,0,450000,450000,5400000
R001842,2025-11-01,C0055,P002,Recurring,450000,0,450000,450000,5400000
R001843,2025-12-01,C0055,P002,Recurring,450000,0,450000,450000,5400000
R001844,2023-01-01,C0056,P001,Recurring,160000,0,160000,160000,1920000
R001845,2023-02-01,C0056,P001,Recurring,160000,0,160000,160000,1920000
R001846,2023-03-01,C0056,P001,Recurring,160000,0,160000,160000,1920000
R001847,2023-04-01,C0056,P001,Recurring,160000,0,160000,160000,1920000
R001848,2023-05-01,C0056,P001,Recurring,160000,0,160000,160000,1920000
R001849,2023-06-01,C0056,P001,Recurring,160000,0,160000,160000,1920000
R001850,2023-07-01,C0056,P001,Recurring,160000,0,160000,160000,1920000
R001851,2023-08-01,C0056,P001,Recurring,160000,0,160000,160000,1920000
R001852,2023-09-01,C0056,P001,Recurring,160000,0,160000,160000,1920000
R001853,2023-10-01,C0056,P001,Recurring,160000,0,160000,160000,1920000
R001854,2023-11-01,C0056,P001,Recurring,160000,0,160000,160000,1920000
R001855,2023-12-01,C0056,P001,Recurring,160000,0,160000,160000,1920000
R001856,2024-01-01,C0056,P001,Recurring,160000,0,160000,160000,1920000
R001857,2024-02-01,C0056,P001,Expansion,160000,15000,175000,175000,2100000
R001858,2024-03-01,C0056,P001,Recurring,175000,0,175000,175000,2100000
R001859,2024-04-01,C0056,P001,Recurring,175000,0,175000,175000,2100000
R001860,2024-05-01,C0056,P001,Recurring,175000,0,175000,175000,2100000
R001861,2024-06-01,C0056,P001,Recurring,175000,0,175000,175000,2100000
R001862,2024-07-01,C0056,P001,Recurring,175000,0,175000,175000,2100000
R001863,2024-08-01,C0056,P001,Recurring,175000,0,175000,175000,2100000
R001864,2024-09-01,C0056,P001,Recurring,175000,0,175000,175000,2100000
R001865,2024-10-01,C0056,P001,Recurring,175000,0,175000,175000,2100000
R001866,2024-11-01,C0056,P001,Recurring,175000,0,175000,175000,2100000
R001867,2024-12-01,C0056,P001,Recurring,175000,0,175000,175000,2100000
R001868,2025-01-01,C0056,P001,Recurring,175000,0,175000,175000,2100000
R001869,2025-02-01,C0056,P001,Recurring,175000,0,175000,175000,2100000
R001870,2025-03-01,C0056,P001,Recurring,175000,0,175000,175000,2100000
R001871,2025-04-01,C0056,P001,Recurring,175000,0,175000,175000,2100000
R001872,2025-05-01,C0056,P001,Recurring,175000,0,175000,175000,2100000
R001873,2025-06-01,C0056,P001,Recurring,175000,0,175000,175000,2100000
R001874,2025-07-01,C0056,P001,Recurring,175000,0,175000,175000,2100000
R001875,2025-08-01,C0056,P001,Recurring,175000,0,175000,175000,2100000
R001876,2025-09-01,C0056,P001,Recurring,175000,0,175000,175000,2100000
R001877,2025-10-01,C0056,P001,Recurring,175000,0,175000,175000,2100000
R001878,2025-11-01,C0056,P001,Recurring,175000,0,175000,175000,2100000
R001879,2025-12-01,C0056,P001,Recurring,175000,0,175000,175000,2100000
R001880,2023-01-01,C0057,P001,Recurring,115000,0,115000,115000,1380000
R001881,2023-02-01,C0057,P001,Recurring,115000,0,115000,115000,1380000
R001882,2023-03-01,C0057,P001,Recurring,115000,0,115000,115000,1380000
R001883,2023-04-01,C0057,P001,Recurring,115000,0,115000,115000,1380000
R001884,2023-05-01,C0057,P001,Recurring,115000,0,115000,115000,1380000
R001885,2023-06-01,C0057,P001,Recurring,115000,0,115000,115000,1380000
R001886,2023-07-01,C0057,P001,Recurring,115000,0,115000,115000,1380000
R001887,2023-08-01,C0057,P001,Recurring,115000,0,115000,115000,1380000
R001888,2023-09-01,C0057,P001,Recurring,115000,0,115000,115000,1380000
R001889,2023-10-01,C0057,P001,Recurring,115000,0,115000,115000,1380000
R001890,2023-11-01,C0057,P001,Recurring,115000,0,115000,115000,1380000
R001891,2023-12-01,C0057,P001,Expansion,115000,20000,135000,135000,1620000
R001892,2024-01-01,C0057,P001,Recurring,135000,0,135000,135000,1620000
R001893,2024-02-01,C0057,P001,Recurring,135000,0,135000,135000,1620000
R001894,2024-03-01,C0057,P001,Recurring,135000,0,135000,135000,1620000
R001895,2024-04-01,C0057,P001,Recurring,135000,0,135000,135000,1620000
R001896,2024-05-01,C0057,P001,Recurring,135000,0,135000,135000,1620000
R001897,2024-06-01,C0057,P001,Recurring,135000,0,135000,135000,1620000
R001898,2024-07-01,C0057,P001,Recurring,135000,0,135000,135000,1620000
R001899,2024-08-01,C0057,P001,Recurring,135000,0,135000,135000,1620000
R001900,2024-09-01,C0057,P001,Recurring,135000,0,135000,135000,1620000
R001901,2024-10-01,C0057,P001,Recurring,135000,0,135000,135000,1620000
R001902,2024-11-01,C0057,P001,Recurring,135000,0,135000,135000,1620000
R001903,2024-12-01,C0057,P001,Recurring,135000,0,135000,135000,1620000
R001904,2025-01-01,C0057,P001,Recurring,135000,0,135000,135000,1620000
R001905,2025-02-01,C0057,P001,Recurring,135000,0,135000,135000,1620000
R001906,2025-03-01,C0057,P001,Recurring,135000,0,135000,135000,1620000
R001907,2025-04-01,C0057,P001,Recurring,135000,0,135000,135000,1620000
R001908,2025-05-01,C0057,P001,Recurring,135000,0,135000,135000,1620000
R001909,2025-06-01,C0057,P001,Recurring,135000,0,135000,135000,1620000
R001910,2025-07-01,C0057,P001,Recurring,135000,0,135000,135000,1620000
R001911,2025-08-01,C0057,P001,Recurring,135000,0,135000,135000,1620000
R001912,2025-09-01,C0057,P001,Recurring,135000,0,135000,135000,1620000
R001913,2025-10-01,C0057,P001,Recurring,135000,0,135000,135000,1620000
R001914,2025-11-01,C0057,P001,Recurring,135000,0,135000,135000,1620000
R001915,2025-12-01,C0057,P001,Recurring,135000,0,135000,135000,1620000
R001916,2023-01-01,C0058,P001,Recurring,130000,0,130000,130000,1560000
R001917,2023-02-01,C0058,P001,Recurring,130000,0,130000,130000,1560000
R001918,2023-03-01,C0058,P001,Recurring,130000,0,130000,130000,1560000
R001919,2023-04-01,C0058,P001,Recurring,130000,0,130000,130000,1560000
R001920,2023-05-01,C0058,P001,Recurring,130000,0,130000,130000,1560000
R001921,2023-06-01,C0058,P001,Recurring,130000,0,130000,130000,1560000
R001922,2023-07-01,C0058,P001,Recurring,130000,0,130000,130000,1560000
R001923,2023-08-01,C0058,P001,Recurring,130000,0,130000,130000,1560000
R001924,2023-09-01,C0058,P001,Recurring,130000,0,130000,130000,1560000
R001925,2023-10-01,C0058,P001,Recurring,130000,0,130000,130000,1560000
R001926,2023-11-01,C0058,P001,Recurring,130000,0,130000,130000,1560000
R001927,2023-12-01,C0058,P001,Recurring,130000,0,130000,130000,1560000
R001928,2024-03-01,C0058,P001,Reactivation,0,130000,130000,130000,1560000
R001929,2024-04-01,C0058,P001,Recurring,130000,0,130000,130000,1560000
R001930,2024-05-01,C0058,P001,Recurring,130000,0,130000,130000,1560000
R001931,2024-06-01,C0058,P001,Recurring,130000,0,130000,130000,1560000
R001932,2024-07-01,C0058,P001,Recurring,130000,0,130000,130000,1560000
R001933,2024-08-01,C0058,P001,Recurring,130000,0,130000,130000,1560000
R001934,2024-09-01,C0058,P001,Recurring,130000,0,130000,130000,1560000
R001935,2024-10-01,C0058,P001,Recurring,130000,0,130000,130000,1560000
R001936,2024-11-01,C0058,P001,Recurring,130000,0,130000,130000,1560000
R001937,2024-12-01,C0058,P001,Recurring,130000,0,130000,130000,1560000
R001938,2025-01-01,C0058,P001,Recurring,130000,0,130000,130000,1560000
R001939,2025-02-01,C0058,P001,Recurring,130000,0,130000,130000,1560000
R001940,2025-03-01,C0058,P001,Recurring,130000,0,130000,130000,1560000
R001941,2025-04-01,C0058,P001,Recurring,130000,0,130000,130000,1560000
R001942,2025-05-01,C0058,P001,Recurring,130000,0,130000,130000,1560000
R001943,2025-06-01,C0058,P001,Recurring,130000,0,130000,130000,1560000
R001944,2025-07-01,C0058,P001,Recurring,130000,0,130000,130000,1560000
R001945,2025-08-01,C0058,P001,Recurring,130000,0,130000,130000,1560000
R001946,2025-09-01,C0058,P001,Recurring,130000,0,130000,130000,1560000
R001947,2025-10-01,C0058,P001,Recurring,130000,0,130000,130000,1560000
R001948,2025-11-01,C0058,P001,Recurring,130000,0,130000,130000,1560000
R001949,2025-12-01,C0058,P001,Recurring,130000,0,130000,130000,1560000
R001950,2023-01-01,C0059,P002,Recurring,360000,0,360000,360000,4320000
R001951,2023-02-01,C0059,P002,Recurring,360000,0,360000,360000,4320000
R001952,2023-03-01,C0059,P002,Recurring,360000,0,360000,360000,4320000
R001953,2023-04-01,C0059,P002,Recurring,360000,0,360000,360000,4320000
R001954,2023-05-01,C0059,P002,Recurring,360000,0,360000,360000,4320000
R001955,2023-06-01,C0059,P002,Recurring,360000,0,360000,360000,4320000
R001956,2023-07-01,C0059,P002,Recurring,360000,0,360000,360000,4320000
R001957,2023-08-01,C0059,P002,Recurring,360000,0,360000,360000,4320000
R001958,2023-09-01,C0059,P002,Recurring,360000,0,360000,360000,4320000
R001959,2023-10-01,C0059,P002,Recurring,360000,0,360000,360000,4320000
R001960,2023-11-01,C0059,P002,Recurring,360000,0,360000,360000,4320000
R001961,2023-12-01,C0059,P002,Recurring,360000,0,360000,360000,4320000
R001962,2024-01-01,C0059,P002,Recurring,360000,0,360000,360000,4320000
R001963,2024-02-01,C0059,P002,Recurring,360000,0,360000,360000,4320000
R001964,2024-03-01,C0059,P002,Recurring,360000,0,360000,360000,4320000
R001965,2024-04-01,C0059,P002,Recurring,360000,0,360000,360000,4320000
R001966,2024-05-01,C0059,P002,Recurring,360000,0,360000,360000,4320000
R001967,2024-06-01,C0059,P002,Recurring,360000,0,360000,360000,4320000
R001968,2024-07-01,C0059,P002,Recurring,360000,0,360000,360000,4320000
R001969,2024-08-01,C0059,P002,Recurring,360000,0,360000,360000,4320000
R001970,2024-09-01,C0059,P002,Recurring,360000,0,360000,360000,4320000
R001971,2024-10-01,C0059,P002,Recurring,360000,0,360000,360000,4320000
R001972,2024-11-01,C0059,P002,Recurring,360000,0,360000,360000,4320000
R001973,2024-12-01,C0059,P002,Recurring,360000,0,360000,360000,4320000
R001974,2025-01-01,C0059,P002,Recurring,360000,0,360000,360000,4320000
R001975,2025-02-01,C0059,P002,Recurring,360000,0,360000,360000,4320000
R001976,2025-03-01,C0059,P002,Recurring,360000,0,360000,360000,4320000
R001977,2025-04-01,C0059,P002,Recurring,360000,0,360000,360000,4320000
R001978,2025-05-01,C0059,P002,Recurring,360000,0,360000,360000,4320000
R001979,2025-06-01,C0059,P002,Recurring,360000,0,360000,360000,4320000
R001980,2025-07-01,C0059,P002,Recurring,360000,0,360000,360000,4320000
R001981,2025-08-01,C0059,P002,Recurring,360000,0,360000,360000,4320000
R001982,2025-09-01,C0059,P002,Recurring,360000,0,360000,360000,4320000
R001983,2025-10-01,C0059,P002,Recurring,360000,0,360000,360000,4320000
R001984,2025-11-01,C0059,P002,Recurring,360000,0,360000,360000,4320000
R001985,2025-12-01,C0059,P002,Recurring,360000,0,360000,360000,4320000
R001986,2023-01-01,C0060,P001,Recurring,115000,0,115000,115000,1380000
R001987,2023-02-01,C0060,P001,Recurring,115000,0,115000,115000,1380000
R001988,2023-03-01,C0060,P001,Recurring,115000,0,115000,115000,1380000
R001989,2023-04-01,C0060,P001,Recurring,115000,0,115000,115000,1380000
R001990,2023-05-01,C0060,P001,Recurring,115000,0,115000,115000,1380000
R001991,2023-06-01,C0060,P001,Recurring,115000,0,115000,115000,1380000
R001992,2023-07-01,C0060,P001,Recurring,115000,0,115000,115000,1380000
R001993,2023-08-01,C0060,P001,Recurring,115000,0,115000,115000,1380000
R001994,2023-09-01,C0060,P001,Recurring,115000,0,115000,115000,1380000
R001995,2023-10-01,C0060,P001,Recurring,115000,0,115000,115000,1380000
R001996,2023-11-01,C0060,P001,Recurring,115000,0,115000,115000,1380000
R001997,2023-12-01,C0060,P001,Recurring,115000,0,115000,115000,1380000
R001998,2024-01-01,C0060,P001,Recurring,115000,0,115000,115000,1380000
R001999,2024-02-01,C0060,P001,Recurring,115000,0,115000,115000,1380000
R002000,2024-03-01,C0060,P001,Recurring,115000,0,115000,115000,1380000
R002001,2024-04-01,C0060,P001,Recurring,115000,0,115000,115000,1380000
R002002,2024-05-01,C0060,P001,Recurring,115000,0,115000,115000,1380000
R002003,2024-06-01,C0060,P001,Recurring,115000,0,115000,115000,1380000
R002004,2024-07-01,C0060,P001,Recurring,115000,0,115000,115000,1380000
R002005,2024-08-01,C0060,P001,Recurring,115000,0,115000,115000,1380000
R002006,2024-09-01,C0060,P001,Recurring,115000,0,115000,115000,1380000
R002007,2024-10-01,C0060,P001,Recurring,115000,0,115000,115000,1380000
R002008,2024-11-01,C0060,P001,Recurring,115000,0,115000,115000,1380000
R002009,2024-12-01,C0060,P001,Recurring,115000,0,115000,115000,1380000
R002010,2025-01-01,C0060,P001,Recurring,115000,0,115000,115000,1380000
R002011,2025-02-01,C0060,P001,Recurring,115000,0,115000,115000,1380000
R002012,2025-03-01,C0060,P001,Recurring,115000,0,115000,115000,1380000
R002013,2025-04-01,C0060,P001,Recurring,115000,0,115000,115000,1380000
R002014,2025-05-01,C0060,P001,Recurring,115000,0,115000,115000,1380000
R002015,2025-06-01,C0060,P001,Recurring,115000,0,115000,115000,1380000
R002016,2025-07-01,C0060,P001,Recurring,115000,0,115000,115000,1380000
R002017,2025-08-01,C0060,P001,Recurring,115000,0,115000,115000,1380000
R002018,2025-09-01,C0060,P001,Recurring,115000,0,115000,115000,1380000
R002019,2025-10-01,C0060,P001,Recurring,115000,0,115000,115000,1380000
R002020,2025-11-01,C0060,P001,Recurring,115000,0,115000,115000,1380000
R002021,2025-12-01,C0060,P001,Recurring,115000,0,115000,115000,1380000
R002022,2023-01-01,C0061,P002,Recurring,350000,0,350000,350000,4200000
R002023,2023-02-01,C0061,P002,Recurring,350000,0,350000,350000,4200000
R002024,2023-03-01,C0061,P002,Recurring,350000,0,350000,350000,4200000
R002025,2023-01-01,C0062,P001,Recurring,90000,0,90000,90000,1080000
R002026,2023-02-01,C0062,P001,Recurring,90000,0,90000,90000,1080000
R002027,2023-03-01,C0062,P001,Recurring,90000,0,90000,90000,1080000
R002028,2023-04-01,C0062,P001,Recurring,90000,0,90000,90000,1080000
R002029,2023-05-01,C0062,P001,Recurring,90000,0,90000,90000,1080000
R002030,2023-06-01,C0062,P001,Recurring,90000,0,90000,90000,1080000
R002031,2023-07-01,C0062,P001,Recurring,90000,0,90000,90000,1080000
R002032,2023-08-01,C0062,P001,Recurring,90000,0,90000,90000,1080000
R002033,2023-09-01,C0062,P001,Recurring,90000,0,90000,90000,1080000
R002034,2023-10-01,C0062,P001,Expansion,90000,10000,100000,100000,1200000
R002035,2023-11-01,C0062,P001,Recurring,100000,0,100000,100000,1200000
R002036,2023-12-01,C0062,P001,Recurring,100000,0,100000,100000,1200000
R002037,2024-01-01,C0062,P001,Recurring,100000,0,100000,100000,1200000
R002038,2024-02-01,C0062,P001,Recurring,100000,0,100000,100000,1200000
R002039,2024-03-01,C0062,P001,Recurring,100000,0,100000,100000,1200000
R002040,2024-04-01,C0062,P001,Recurring,100000,0,100000,100000,1200000
R002041,2024-05-01,C0062,P001,Recurring,100000,0,100000,100000,1200000
R002042,2024-06-01,C0062,P001,Recurring,100000,0,100000,100000,1200000
R002043,2024-07-01,C0062,P001,Recurring,100000,0,100000,100000,1200000
R002044,2024-08-01,C0062,P001,Recurring,100000,0,100000,100000,1200000
R002045,2024-09-01,C0062,P002,Upgrade,100000,150000,250000,250000,3000000
R002046,2024-10-01,C0062,P002,Recurring,250000,0,250000,250000,3000000
R002047,2024-11-01,C0062,P002,Recurring,250000,0,250000,250000,3000000
R002048,2024-12-01,C0062,P002,Recurring,250000,0,250000,250000,3000000
R002049,2025-01-01,C0062,P002,Recurring,250000,0,250000,250000,3000000
R002050,2025-02-01,C0062,P002,Recurring,250000,0,250000,250000,3000000
R002051,2025-03-01,C0062,P002,Recurring,250000,0,250000,250000,3000000
R002052,2025-04-01,C0062,P002,Recurring,250000,0,250000,250000,3000000
R002053,2025-05-01,C0062,P002,Recurring,250000,0,250000,250000,3000000
R002054,2025-06-01,C0062,P002,Recurring,250000,0,250000,250000,3000000
R002055,2025-07-01,C0062,P002,Recurring,250000,0,250000,250000,3000000
R002056,2025-08-01,C0062,P002,Recurring,250000,0,250000,250000,3000000
R002057,2025-09-01,C0062,P002,Recurring,250000,0,250000,250000,3000000
R002058,2025-10-01,C0062,P002,Recurring,250000,0,250000,250000,3000000
R002059,2025-11-01,C0062,P002,Recurring,250000,0,250000,250000,3000000
R002060,2025-12-01,C0062,P002,Recurring,250000,0,250000,250000,3000000
R002061,2023-01-01,C0063,P002,Recurring,430000,0,430000,430000,5160000
R002062,2023-02-01,C0063,P002,Recurring,430000,0,430000,430000,5160000
R002063,2023-03-01,C0063,P002,Recurring,430000,0,430000,430000,5160000
R002064,2023-04-01,C0063,P002,Recurring,430000,0,430000,430000,5160000
R002065,2023-05-01,C0063,P002,Recurring,430000,0,430000,430000,5160000
R002066,2023-06-01,C0063,P002,Recurring,430000,0,430000,430000,5160000
R002067,2023-07-01,C0063,P002,Recurring,430000,0,430000,430000,5160000
R002068,2023-08-01,C0063,P002,Recurring,430000,0,430000,430000,5160000
R002069,2023-09-01,C0063,P002,Recurring,430000,0,430000,430000,5160000
R002070,2023-10-01,C0063,P002,Recurring,430000,0,430000,430000,5160000
R002071,2023-11-01,C0063,P002,Recurring,430000,0,430000,430000,5160000
R002072,2023-12-01,C0063,P002,Recurring,430000,0,430000,430000,5160000
R002073,2024-01-01,C0063,P002,Recurring,430000,0,430000,430000,5160000
R002074,2024-02-01,C0063,P002,Recurring,430000,0,430000,430000,5160000
R002075,2024-03-01,C0063,P002,Recurring,430000,0,430000,430000,5160000
R002076,2024-04-01,C0063,P002,Recurring,430000,0,430000,430000,5160000
R002077,2024-05-01,C0063,P002,Recurring,430000,0,430000,430000,5160000
R002078,2024-06-01,C0063,P002,Recurring,430000,0,430000,430000,5160000
R002079,2024-07-01,C0063,P002,Recurring,430000,0,430000,430000,5160000
R002080,2024-08-01,C0063,P002,Recurring,430000,0,430000,430000,5160000
R002081,2024-09-01,C0063,P002,Recurring,430000,0,430000,430000,5160000
R002082,2024-10-01,C0063,P002,Recurring,430000,0,430000,430000,5160000
R002083,2024-11-01,C0063,P002,Recurring,430000,0,430000,430000,5160000
R002084,2024-12-01,C0063,P002,Recurring,430000,0,430000,430000,5160000
R002085,2025-01-01,C0063,P002,Recurring,430000,0,430000,430000,5160000
R002086,2025-02-01,C0063,P002,Recurring,430000,0,430000,430000,5160000
R002087,2025-03-01,C0063,P002,Recurring,430000,0,430000,430000,5160000
R002088,2025-04-01,C0063,P002,Recurring,430000,0,430000,430000,5160000
R002089,2025-05-01,C0063,P002,Recurring,430000,0,430000,430000,5160000
R002090,2025-06-01,C0063,P002,Recurring,430000,0,430000,430000,5160000
R002091,2025-07-01,C0063,P002,Recurring,430000,0,430000,430000,5160000
R002092,2025-08-01,C0063,P002,Recurring,430000,0,430000,430000,5160000
R002093,2025-09-01,C0063,P002,Recurring,430000,0,430000,430000,5160000
R002094,2025-10-01,C0063,P002,Recurring,430000,0,430000,430000,5160000
R002095,2025-11-01,C0063,P002,Recurring,430000,0,430000,430000,5160000
R002096,2025-12-01,C0063,P002,Recurring,430000,0,430000,430000,5160000
R002097,2023-01-01,C0064,P001,Recurring,150000,0,150000,150000,1800000
R002098,2023-02-01,C0064,P001,Recurring,150000,0,150000,150000,1800000
R002099,2023-03-01,C0064,P001,Recurring,150000,0,150000,150000,1800000
R002100,2023-04-01,C0064,P001,Recurring,150000,0,150000,150000,1800000
R002101,2023-05-01,C0064,P001,Recurring,150000,0,150000,150000,1800000
R002102,2023-06-01,C0064,P001,Recurring,150000,0,150000,150000,1800000
R002103,2023-07-01,C0064,P001,Recurring,150000,0,150000,150000,1800000
R002104,2023-08-01,C0064,P001,Recurring,150000,0,150000,150000,1800000
R002105,2023-09-01,C0064,P001,Recurring,150000,0,150000,150000,1800000
R002106,2023-10-01,C0064,P001,Recurring,150000,0,150000,150000,1800000
R002107,2023-11-01,C0064,P001,Recurring,150000,0,150000,150000,1800000
R002108,2023-12-01,C0064,P001,Recurring,150000,0,150000,150000,1800000
R002109,2024-01-01,C0064,P001,Recurring,150000,0,150000,150000,1800000
R002110,2024-02-01,C0064,P001,Recurring,150000,0,150000,150000,1800000
R002111,2024-03-01,C0064,P001,Recurring,150000,0,150000,150000,1800000
R002112,2024-04-01,C0064,P001,Recurring,150000,0,150000,150000,1800000
R002113,2024-05-01,C0064,P001,Recurring,150000,0,150000,150000,1800000
R002114,2024-06-01,C0064,P001,Recurring,150000,0,150000,150000,1800000
R002115,2024-07-01,C0064,P001,Recurring,150000,0,150000,150000,1800000
R002116,2024-08-01,C0064,P001,Recurring,150000,0,150000,150000,1800000
R002117,2024-09-01,C0064,P001,Recurring,150000,0,150000,150000,1800000
R002118,2024-10-01,C0064,P001,Recurring,150000,0,150000,150000,1800000
R002119,2024-11-01,C0064,P001,Recurring,150000,0,150000,150000,1800000
R002120,2024-12-01,C0064,P001,Recurring,150000,0,150000,150000,1800000
R002121,2025-01-01,C0064,P001,Recurring,150000,0,150000,150000,1800000
R002122,2025-02-01,C0064,P001,Recurring,150000,0,150000,150000,1800000
R002123,2025-03-01,C0064,P001,Recurring,150000,0,150000,150000,1800000
R002124,2025-04-01,C0064,P001,Recurring,150000,0,150000,150000,1800000
R002125,2025-05-01,C0064,P001,Recurring,150000,0,150000,150000,1800000
R002126,2025-06-01,C0064,P001,Recurring,150000,0,150000,150000,1800000
R002127,2025-07-01,C0064,P001,Recurring,150000,0,150000,150000,1800000
R002128,2025-08-01,C0064,P001,Recurring,150000,0,150000,150000,1800000
R002129,2025-09-01,C0064,P001,Recurring,150000,0,150000,150000,1800000
R002130,2025-10-01,C0064,P001,Recurring,150000,0,150000,150000,1800000
R002131,2025-11-01,C0064,P001,Recurring,150000,0,150000,150000,1800000
R002132,2025-12-01,C0064,P001,Recurring,150000,0,150000,150000,1800000
R002133,2023-01-01,C0065,P002,Recurring,460000,0,460000,460000,5520000
R002134,2023-02-01,C0065,P002,Recurring,460000,0,460000,460000,5520000
R002135,2023-03-01,C0065,P002,Expansion,460000,45000,505000,505000,6060000
R002136,2023-04-01,C0065,P002,Recurring,505000,0,505000,505000,6060000
R002137,2023-05-01,C0065,P002,Recurring,505000,0,505000,505000,6060000
R002138,2023-06-01,C0065,P002,Recurring,505000,0,505000,505000,6060000
R002139,2023-07-01,C0065,P002,Recurring,505000,0,505000,505000,6060000
R002140,2023-08-01,C0065,P002,Recurring,505000,0,505000,505000,6060000
R002141,2023-09-01,C0065,P002,Recurring,505000,0,505000,505000,6060000
R002142,2023-10-01,C0065,P002,Recurring,505000,0,505000,505000,6060000
R002143,2023-11-01,C0065,P002,Recurring,505000,0,505000,505000,6060000
R002144,2023-12-01,C0065,P002,Recurring,505000,0,505000,505000,6060000
R002145,2024-01-01,C0065,P002,Recurring,505000,0,505000,505000,6060000
R002146,2024-02-01,C0065,P002,Recurring,505000,0,505000,505000,6060000
R002147,2024-03-01,C0065,P002,Recurring,505000,0,505000,505000,6060000
R002148,2024-04-01,C0065,P002,Recurring,505000,0,505000,505000,6060000
R002149,2024-05-01,C0065,P002,Recurring,505000,0,505000,505000,6060000
R002150,2024-06-01,C0065,P002,Recurring,505000,0,505000,505000,6060000
R002151,2024-07-01,C0065,P002,Recurring,505000,0,505000,505000,6060000
R002152,2024-08-01,C0065,P002,Recurring,505000,0,505000,505000,6060000
R002153,2024-09-01,C0065,P002,Recurring,505000,0,505000,505000,6060000
R002154,2024-10-01,C0065,P002,Recurring,505000,0,505000,505000,6060000
R002155,2024-11-01,C0065,P002,Recurring,505000,0,505000,505000,6060000
R002156,2024-12-01,C0065,P002,Recurring,505000,0,505000,505000,6060000
R002157,2025-01-01,C0065,P002,Recurring,505000,0,505000,505000,6060000
R002158,2025-02-01,C0065,P002,Recurring,505000,0,505000,505000,6060000
R002159,2025-03-01,C0065,P002,Recurring,505000,0,505000,505000,6060000
R002160,2025-04-01,C0065,P002,Recurring,505000,0,505000,505000,6060000
R002161,2025-05-01,C0065,P002,Recurring,505000,0,505000,505000,6060000
R002162,2025-06-01,C0065,P002,Recurring,505000,0,505000,505000,6060000
R002163,2025-07-01,C0065,P002,Recurring,505000,0,505000,505000,6060000
R002164,2025-08-01,C0065,P002,Recurring,505000,0,505000,505000,6060000
R002165,2025-09-01,C0065,P002,Recurring,505000,0,505000,505000,6060000
R002166,2025-10-01,C0065,P002,Recurring,505000,0,505000,505000,6060000
R002167,2025-11-01,C0065,P002,Recurring,505000,0,505000,505000,6060000
R002168,2025-12-01,C0065,P002,Recurring,505000,0,505000,505000,6060000
R002169,2023-01-01,C0066,P002,Recurring,500000,0,500000,500000,6000000
R002170,2023-02-01,C0066,P002,Recurring,500000,0,500000,500000,6000000
R002171,2023-03-01,C0066,P002,Recurring,500000,0,500000,500000,6000000
R002172,2023-04-01,C0066,P002,Recurring,500000,0,500000,500000,6000000
R002173,2023-05-01,C0066,P002,Recurring,500000,0,500000,500000,6000000
R002174,2023-06-01,C0066,P002,Recurring,500000,0,500000,500000,6000000
R002175,2023-07-01,C0066,P002,Recurring,500000,0,500000,500000,6000000
R002176,2023-08-01,C0066,P002,Recurring,500000,0,500000,500000,6000000
R002177,2023-09-01,C0066,P002,Recurring,500000,0,500000,500000,6000000
R002178,2023-10-01,C0066,P002,Recurring,500000,0,500000,500000,6000000
R002179,2023-11-01,C0066,P002,Recurring,500000,0,500000,500000,6000000
R002180,2023-12-01,C0066,P002,Recurring,500000,0,500000,500000,6000000
R002181,2024-01-01,C0066,P002,Recurring,500000,0,500000,500000,6000000
R002182,2024-02-01,C0066,P002,Recurring,500000,0,500000,500000,6000000
R002183,2024-03-01,C0066,P002,Recurring,500000,0,500000,500000,6000000
R002184,2024-04-01,C0066,P002,Recurring,500000,0,500000,500000,6000000
R002185,2024-05-01,C0066,P002,Recurring,500000,0,500000,500000,6000000
R002186,2024-06-01,C0066,P002,Recurring,500000,0,500000,500000,6000000
R002187,2024-07-01,C0066,P002,Recurring,500000,0,500000,500000,6000000
R002188,2024-08-01,C0066,P002,Recurring,500000,0,500000,500000,6000000
R002189,2024-09-01,C0066,P002,Recurring,500000,0,500000,500000,6000000
R002190,2024-10-01,C0066,P002,Recurring,500000,0,500000,500000,6000000
R002191,2024-11-01,C0066,P002,Recurring,500000,0,500000,500000,6000000
R002192,2024-12-01,C0066,P002,Recurring,500000,0,500000,500000,6000000
R002193,2025-01-01,C0066,P002,Recurring,500000,0,500000,500000,6000000
R002194,2025-02-01,C0066,P002,Recurring,500000,0,500000,500000,6000000
R002195,2025-03-01,C0066,P002,Recurring,500000,0,500000,500000,6000000
R002196,2025-04-01,C0066,P002,Recurring,500000,0,500000,500000,6000000
R002197,2025-05-01,C0066,P002,Recurring,500000,0,500000,500000,6000000
R002198,2025-06-01,C0066,P002,Recurring,500000,0,500000,500000,6000000
R002199,2025-07-01,C0066,P002,Recurring,500000,0,500000,500000,6000000
R002200,2025-08-01,C0066,P002,Recurring,500000,0,500000,500000,6000000
R002201,2025-09-01,C0066,P002,Recurring,500000,0,500000,500000,6000000
R002202,2025-10-01,C0066,P002,Recurring,500000,0,500000,500000,6000000
R002203,2025-11-01,C0066,P002,Recurring,500000,0,500000,500000,6000000
R002204,2025-12-01,C0066,P002,Recurring,500000,0,500000,500000,6000000
R002205,2023-01-01,C0067,P001,Recurring,130000,0,130000,130000,1560000
R002206,2023-02-01,C0067,P001,Recurring,130000,0,130000,130000,1560000
R002207,2023-03-01,C0067,P001,Recurring,130000,0,130000,130000,1560000
R002208,2023-04-01,C0067,P001,Recurring,130000,0,130000,130000,1560000
R002209,2023-05-01,C0067,P002,Upgrade,130000,120000,250000,250000,3000000
R002210,2023-06-01,C0067,P002,Recurring,250000,0,250000,250000,3000000
R002211,2023-07-01,C0067,P002,Recurring,250000,0,250000,250000,3000000
R002212,2023-08-01,C0067,P002,Recurring,250000,0,250000,250000,3000000
R002213,2023-12-01,C0067,P002,Reactivation,0,250000,250000,250000,3000000
R002214,2024-01-01,C0067,P002,Expansion,250000,45000,295000,295000,3540000
R002215,2024-02-01,C0067,P002,Recurring,295000,0,295000,295000,3540000
R002216,2024-03-01,C0067,P002,Recurring,295000,0,295000,295000,3540000
R002217,2024-04-01,C0067,P002,Recurring,295000,0,295000,295000,3540000
R002218,2024-05-01,C0067,P002,Recurring,295000,0,295000,295000,3540000
R002219,2024-06-01,C0067,P002,Recurring,295000,0,295000,295000,3540000
R002220,2024-07-01,C0067,P002,Recurring,295000,0,295000,295000,3540000
R002221,2024-08-01,C0067,P002,Recurring,295000,0,295000,295000,3540000
R002222,2024-09-01,C0067,P002,Recurring,295000,0,295000,295000,3540000
R002223,2024-10-01,C0067,P002,Recurring,295000,0,295000,295000,3540000
R002224,2024-11-01,C0067,P002,Recurring,295000,0,295000,295000,3540000
R002225,2024-12-01,C0067,P002,Recurring,295000,0,295000,295000,3540000
R002226,2025-01-01,C0067,P002,Recurring,295000,0,295000,295000,3540000
R002227,2025-02-01,C0067,P002,Recurring,295000,0,295000,295000,3540000
R002228,2025-03-01,C0067,P002,Recurring,295000,0,295000,295000,3540000
R002229,2025-04-01,C0067,P002,Recurring,295000,0,295000,295000,3540000
R002230,2025-05-01,C0067,P002,Recurring,295000,0,295000,295000,3540000
R002231,2025-06-01,C0067,P002,Recurring,295000,0,295000,295000,3540000
R002232,2025-07-01,C0067,P002,Recurring,295000,0,295000,295000,3540000
R002233,2025-08-01,C0067,P002,Recurring,295000,0,295000,295000,3540000
R002234,2025-09-01,C0067,P002,Recurring,295000,0,295000,295000,3540000
R002235,2025-10-01,C0067,P002,Recurring,295000,0,295000,295000,3540000
R002236,2025-11-01,C0067,P002,Recurring,295000,0,295000,295000,3540000
R002237,2025-12-01,C0067,P002,Recurring,295000,0,295000,295000,3540000
R002238,2023-01-01,C0068,P002,Recurring,450000,0,450000,450000,5400000
R002239,2023-02-01,C0068,P002,Recurring,450000,0,450000,450000,5400000
R002240,2023-03-01,C0068,P002,Recurring,450000,0,450000,450000,5400000
R002241,2023-04-01,C0068,P002,Recurring,450000,0,450000,450000,5400000
R002242,2023-05-01,C0068,P002,Recurring,450000,0,450000,450000,5400000
R002243,2023-06-01,C0068,P002,Recurring,450000,0,450000,450000,5400000
R002244,2023-07-01,C0068,P002,Recurring,450000,0,450000,450000,5400000
R002245,2023-08-01,C0068,P002,Recurring,450000,0,450000,450000,5400000
R002246,2023-09-01,C0068,P002,Recurring,450000,0,450000,450000,5400000
R002247,2023-10-01,C0068,P002,Recurring,450000,0,450000,450000,5400000
R002248,2023-11-01,C0068,P002,Recurring,450000,0,450000,450000,5400000
R002249,2023-12-01,C0068,P002,Recurring,450000,0,450000,450000,5400000
R002250,2024-01-01,C0068,P002,Recurring,450000,0,450000,450000,5400000
R002251,2024-02-01,C0068,P002,Recurring,450000,0,450000,450000,5400000
R002252,2024-03-01,C0068,P002,Recurring,450000,0,450000,450000,5400000
R002253,2024-04-01,C0068,P002,Recurring,450000,0,450000,450000,5400000
R002254,2024-05-01,C0068,P002,Recurring,450000,0,450000,450000,5400000
R002255,2024-06-01,C0068,P002,Recurring,450000,0,450000,450000,5400000
R002256,2024-07-01,C0068,P002,Recurring,450000,0,450000,450000,5400000
R002257,2024-08-01,C0068,P002,Recurring,450000,0,450000,450000,5400000
R002258,2024-09-01,C0068,P002,Recurring,450000,0,450000,450000,5400000
R002259,2024-10-01,C0068,P002,Recurring,450000,0,450000,450000,5400000
R002260,2024-11-01,C0068,P002,Recurring,450000,0,450000,450000,5400000
R002261,2024-12-01,C0068,P002,Recurring,450000,0,450000,450000,5400000
R002262,2025-01-01,C0068,P002,Recurring,450000,0,450000,450000,5400000
R002263,2025-02-01,C0068,P002,Recurring,450000,0,450000,450000,5400000
R002264,2025-03-01,C0068,P002,Recurring,450000,0,450000,450000,5400000
R002265,2025-04-01,C0068,P002,Recurring,450000,0,450000,450000,5400000
R002266,2025-05-01,C0068,P002,Recurring,450000,0,450000,450000,5400000
R002267,2025-06-01,C0068,P002,Recurring,450000,0,450000,450000,5400000
R002268,2025-07-01,C0068,P002,Recurring,450000,0,450000,450000,5400000
R002269,2025-08-01,C0068,P002,Recurring,450000,0,450000,450000,5400000
R002270,2025-09-01,C0068,P002,Recurring,450000,0,450000,450000,5400000
R002271,2025-10-01,C0068,P002,Recurring,450000,0,450000,450000,5400000
R002272,2025-11-01,C0068,P002,Recurring,450000,0,450000,450000,5400000
R002273,2025-12-01,C0068,P002,Recurring,450000,0,450000,450000,5400000
R002274,2023-01-01,C0069,P002,Recurring,430000,0,430000,430000,5160000
R002275,2023-02-01,C0069,P002,Recurring,430000,0,430000,430000,5160000
R002276,2023-03-01,C0069,P002,Recurring,430000,0,430000,430000,5160000
R002277,2023-04-01,C0069,P002,Recurring,430000,0,430000,430000,5160000
R002278,2023-05-01,C0069,P002,Recurring,430000,0,430000,430000,5160000
R002279,2023-06-01,C0069,P002,Recurring,430000,0,430000,430000,5160000
R002280,2023-07-01,C0069,P002,Recurring,430000,0,430000,430000,5160000
R002281,2023-08-01,C0069,P002,Recurring,430000,0,430000,430000,5160000
R002282,2023-09-01,C0069,P002,Recurring,430000,0,430000,430000,5160000
R002283,2023-10-01,C0069,P002,Recurring,430000,0,430000,430000,5160000
R002284,2023-11-01,C0069,P002,Recurring,430000,0,430000,430000,5160000
R002285,2023-12-01,C0069,P002,Recurring,430000,0,430000,430000,5160000
R002286,2024-01-01,C0069,P002,Recurring,430000,0,430000,430000,5160000
R002287,2024-02-01,C0069,P002,Recurring,430000,0,430000,430000,5160000
R002288,2024-03-01,C0069,P002,Recurring,430000,0,430000,430000,5160000
R002289,2024-04-01,C0069,P002,Recurring,430000,0,430000,430000,5160000
R002290,2024-05-01,C0069,P002,Recurring,430000,0,430000,430000,5160000
R002291,2024-06-01,C0069,P002,Recurring,430000,0,430000,430000,5160000
R002292,2024-07-01,C0069,P002,Recurring,430000,0,430000,430000,5160000
R002293,2024-08-01,C0069,P002,Recurring,430000,0,430000,430000,5160000
R002294,2024-09-01,C0069,P002,Recurring,430000,0,430000,430000,5160000
R002295,2024-10-01,C0069,P002,Recurring,430000,0,430000,430000,5160000
R002296,2024-11-01,C0069,P002,Recurring,430000,0,430000,430000,5160000
R002297,2024-12-01,C0069,P002,Recurring,430000,0,430000,430000,5160000
R002298,2025-01-01,C0069,P002,Recurring,430000,0,430000,430000,5160000
R002299,2025-02-01,C0069,P002,Recurring,430000,0,430000,430000,5160000
R002300,2025-03-01,C0069,P002,Recurring,430000,0,430000,430000,5160000
R002301,2025-04-01,C0069,P002,Recurring,430000,0,430000,430000,5160000
R002302,2025-05-01,C0069,P002,Recurring,430000,0,430000,430000,5160000
R002303,2025-06-01,C0069,P002,Recurring,430000,0,430000,430000,5160000
R002304,2025-07-01,C0069,P002,Recurring,430000,0,430000,430000,5160000
R002305,2025-08-01,C0069,P002,Recurring,430000,0,430000,430000,5160000
R002306,2025-09-01,C0069,P002,Recurring,430000,0,430000,430000,5160000
R002307,2025-10-01,C0069,P002,Recurring,430000,0,430000,430000,5160000
R002308,2025-11-01,C0069,P002,Recurring,430000,0,430000,430000,5160000
R002309,2025-12-01,C0069,P002,Recurring,430000,0,430000,430000,5160000
R002310,2023-01-01,C0070,P002,Recurring,490000,0,490000,490000,5880000
R002311,2023-02-01,C0070,P002,Recurring,490000,0,490000,490000,5880000
R002312,2023-03-01,C0070,P002,Recurring,490000,0,490000,490000,5880000
R002313,2023-04-01,C0070,P002,Recurring,490000,0,490000,490000,5880000
R002314,2023-05-01,C0070,P002,Recurring,490000,0,490000,490000,5880000
R002315,2023-06-01,C0070,P002,Recurring,490000,0,490000,490000,5880000
R002316,2023-07-01,C0070,P002,Recurring,490000,0,490000,490000,5880000
R002317,2023-08-01,C0070,P002,Recurring,490000,0,490000,490000,5880000
R002318,2023-09-01,C0070,P002,Recurring,490000,0,490000,490000,5880000
R002319,2023-10-01,C0070,P002,Recurring,490000,0,490000,490000,5880000
R002320,2023-11-01,C0070,P002,Recurring,490000,0,490000,490000,5880000
R002321,2023-12-01,C0070,P002,Recurring,490000,0,490000,490000,5880000
R002322,2024-01-01,C0070,P002,Recurring,490000,0,490000,490000,5880000
R002323,2024-02-01,C0070,P002,Recurring,490000,0,490000,490000,5880000
R002324,2024-03-01,C0070,P002,Recurring,490000,0,490000,490000,5880000
R002325,2024-04-01,C0070,P002,Recurring,490000,0,490000,490000,5880000
R002326,2024-05-01,C0070,P002,Recurring,490000,0,490000,490000,5880000
R002327,2024-06-01,C0070,P002,Recurring,490000,0,490000,490000,5880000
R002328,2024-07-01,C0070,P002,Recurring,490000,0,490000,490000,5880000
R002329,2024-08-01,C0070,P002,Recurring,490000,0,490000,490000,5880000
R002330,2024-09-01,C0070,P002,Recurring,490000,0,490000,490000,5880000
R002331,2024-10-01,C0070,P002,Recurring,490000,0,490000,490000,5880000
R002332,2024-11-01,C0070,P002,Recurring,490000,0,490000,490000,5880000
R002333,2024-12-01,C0070,P002,Recurring,490000,0,490000,490000,5880000
R002334,2025-01-01,C0070,P002,Recurring,490000,0,490000,490000,5880000
R002335,2025-02-01,C0070,P002,Recurring,490000,0,490000,490000,5880000
R002336,2025-03-01,C0070,P002,Recurring,490000,0,490000,490000,5880000
R002337,2025-04-01,C0070,P002,Recurring,490000,0,490000,490000,5880000
R002338,2025-05-01,C0070,P002,Recurring,490000,0,490000,490000,5880000
R002339,2025-06-01,C0070,P002,Recurring,490000,0,490000,490000,5880000
R002340,2025-07-01,C0070,P002,Recurring,490000,0,490000,490000,5880000
R002341,2025-08-01,C0070,P002,Recurring,490000,0,490000,490000,5880000
R002342,2025-09-01,C0070,P002,Recurring,490000,0,490000,490000,5880000
R002343,2025-10-01,C0070,P002,Recurring,490000,0,490000,490000,5880000
R002344,2025-11-01,C0070,P002,Recurring,490000,0,490000,490000,5880000
R002345,2025-12-01,C0070,P002,Recurring,490000,0,490000,490000,5880000
R002346,2023-01-01,C0071,P001,Recurring,150000,0,150000,150000,1800000
R002347,2023-02-01,C0071,P001,Recurring,150000,0,150000,150000,1800000
R002348,2023-03-01,C0071,P001,Recurring,150000,0,150000,150000,1800000
R002349,2023-04-01,C0071,P001,Recurring,150000,0,150000,150000,1800000
R002350,2023-05-01,C0071,P001,Recurring,150000,0,150000,150000,1800000
R002351,2023-06-01,C0071,P001,Recurring,150000,0,150000,150000,1800000
R002352,2023-07-01,C0071,P002,Upgrade,150000,100000,250000,250000,3000000
R002353,2023-08-01,C0071,P002,Recurring,250000,0,250000,250000,3000000
R002354,2023-09-01,C0071,P002,Recurring,250000,0,250000,250000,3000000
R002355,2023-10-01,C0071,P002,Recurring,250000,0,250000,250000,3000000
R002356,2023-11-01,C0071,P002,Recurring,250000,0,250000,250000,3000000
R002357,2023-12-01,C0071,P002,Recurring,250000,0,250000,250000,3000000
R002358,2024-01-01,C0071,P002,Recurring,250000,0,250000,250000,3000000
R002359,2024-02-01,C0071,P002,Recurring,250000,0,250000,250000,3000000
R002360,2024-03-01,C0071,P002,Recurring,250000,0,250000,250000,3000000
R002361,2024-04-01,C0071,P002,Recurring,250000,0,250000,250000,3000000
R002362,2024-05-01,C0071,P002,Recurring,250000,0,250000,250000,3000000
R002363,2024-06-01,C0071,P002,Recurring,250000,0,250000,250000,3000000
R002364,2024-07-01,C0071,P002,Recurring,250000,0,250000,250000,3000000
R002365,2024-08-01,C0071,P002,Recurring,250000,0,250000,250000,3000000
R002366,2024-09-01,C0071,P002,Recurring,250000,0,250000,250000,3000000
R002367,2024-10-01,C0071,P002,Recurring,250000,0,250000,250000,3000000
R002368,2024-11-01,C0071,P002,Recurring,250000,0,250000,250000,3000000
R002369,2024-12-01,C0071,P002,Recurring,250000,0,250000,250000,3000000
R002370,2025-01-01,C0071,P002,Recurring,250000,0,250000,250000,3000000
R002371,2025-02-01,C0071,P002,Recurring,250000,0,250000,250000,3000000
R002372,2025-03-01,C0071,P002,Recurring,250000,0,250000,250000,3000000
R002373,2025-04-01,C0071,P002,Recurring,250000,0,250000,250000,3000000
R002374,2025-05-01,C0071,P002,Recurring,250000,0,250000,250000,3000000
R002375,2025-06-01,C0071,P002,Recurring,250000,0,250000,250000,3000000
R002376,2025-07-01,C0071,P002,Recurring,250000,0,250000,250000,3000000
R002377,2025-08-01,C0071,P002,Recurring,250000,0,250000,250000,3000000
R002378,2025-09-01,C0071,P002,Recurring,250000,0,250000,250000,3000000
R002379,2025-10-01,C0071,P002,Recurring,250000,0,250000,250000,3000000
R002380,2025-11-01,C0071,P002,Recurring,250000,0,250000,250000,3000000
R002381,2025-12-01,C0071,P002,Recurring,250000,0,250000,250000,3000000
R002382,2023-01-01,C0072,P001,Recurring,135000,0,135000,135000,1620000
R002383,2023-02-01,C0072,P001,Recurring,135000,0,135000,135000,1620000
R002384,2023-03-01,C0072,P001,Recurring,135000,0,135000,135000,1620000
R002385,2023-04-01,C0072,P001,Recurring,135000,0,135000,135000,1620000
R002386,2023-05-01,C0072,P001,Recurring,135000,0,135000,135000,1620000
R002387,2023-06-01,C0072,P001,Recurring,135000,0,135000,135000,1620000
R002388,2023-07-01,C0072,P001,Recurring,135000,0,135000,135000,1620000
R002389,2023-08-01,C0072,P001,Recurring,135000,0,135000,135000,1620000
R002390,2023-09-01,C0072,P001,Recurring,135000,0,135000,135000,1620000
R002391,2023-10-01,C0072,P001,Recurring,135000,0,135000,135000,1620000
R002392,2023-11-01,C0072,P001,Recurring,135000,0,135000,135000,1620000
R002393,2023-12-01,C0072,P001,Recurring,135000,0,135000,135000,1620000
R002394,2024-01-01,C0072,P001,Recurring,135000,0,135000,135000,1620000
R002395,2024-02-01,C0072,P001,Recurring,135000,0,135000,135000,1620000
R002396,2024-03-01,C0072,P001,Recurring,135000,0,135000,135000,1620000
R002397,2024-04-01,C0072,P001,Recurring,135000,0,135000,135000,1620000
R002398,2024-05-01,C0072,P001,Recurring,135000,0,135000,135000,1620000
R002399,2024-06-01,C0072,P001,Recurring,135000,0,135000,135000,1620000
R002400,2024-07-01,C0072,P001,Recurring,135000,0,135000,135000,1620000
R002401,2024-08-01,C0072,P001,Recurring,135000,0,135000,135000,1620000
R002402,2024-09-01,C0072,P001,Recurring,135000,0,135000,135000,1620000
R002403,2024-10-01,C0072,P001,Recurring,135000,0,135000,135000,1620000
R002404,2024-11-01,C0072,P001,Recurring,135000,0,135000,135000,1620000
R002405,2024-12-01,C0072,P001,Recurring,135000,0,135000,135000,1620000
R002406,2025-01-01,C0072,P001,Recurring,135000,0,135000,135000,1620000
R002407,2025-02-01,C0072,P001,Recurring,135000,0,135000,135000,1620000
R002408,2025-03-01,C0072,P001,Recurring,135000,0,135000,135000,1620000
R002409,2025-04-01,C0072,P001,Recurring,135000,0,135000,135000,1620000
R002410,2025-05-01,C0072,P001,Recurring,135000,0,135000,135000,1620000
R002411,2025-06-01,C0072,P001,Recurring,135000,0,135000,135000,1620000
R002412,2025-07-01,C0072,P001,Recurring,135000,0,135000,135000,1620000
R002413,2025-08-01,C0072,P001,Recurring,135000,0,135000,135000,1620000
R002414,2025-09-01,C0072,P001,Recurring,135000,0,135000,135000,1620000
R002415,2025-10-01,C0072,P001,Recurring,135000,0,135000,135000,1620000
R002416,2025-11-01,C0072,P001,Recurring,135000,0,135000,135000,1620000
R002417,2025-12-01,C0072,P001,Recurring,135000,0,135000,135000,1620000
R002418,2023-01-01,C0073,P002,Recurring,350000,0,350000,350000,4200000
R002419,2023-02-01,C0073,P002,Recurring,350000,0,350000,350000,4200000
R002420,2023-03-01,C0073,P002,Recurring,350000,0,350000,350000,4200000
R002421,2023-04-01,C0073,P002,Recurring,350000,0,350000,350000,4200000
R002422,2023-05-01,C0073,P002,Recurring,350000,0,350000,350000,4200000
R002423,2023-06-01,C0073,P002,Recurring,350000,0,350000,350000,4200000
R002424,2023-07-01,C0073,P002,Recurring,350000,0,350000,350000,4200000
R002425,2023-08-01,C0073,P002,Recurring,350000,0,350000,350000,4200000
R002426,2023-09-01,C0073,P002,Recurring,350000,0,350000,350000,4200000
R002427,2023-10-01,C0073,P002,Recurring,350000,0,350000,350000,4200000
R002428,2023-11-01,C0073,P002,Recurring,350000,0,350000,350000,4200000
R002429,2023-12-01,C0073,P002,Recurring,350000,0,350000,350000,4200000
R002430,2024-01-01,C0073,P002,Recurring,350000,0,350000,350000,4200000
R002431,2024-02-01,C0073,P002,Recurring,350000,0,350000,350000,4200000
R002432,2024-03-01,C0073,P002,Recurring,350000,0,350000,350000,4200000
R002433,2024-04-01,C0073,P002,Recurring,350000,0,350000,350000,4200000
R002434,2024-05-01,C0073,P002,Recurring,350000,0,350000,350000,4200000
R002435,2024-06-01,C0073,P002,Recurring,350000,0,350000,350000,4200000
R002436,2024-07-01,C0073,P002,Recurring,350000,0,350000,350000,4200000
R002437,2024-08-01,C0073,P002,Recurring,350000,0,350000,350000,4200000
R002438,2024-09-01,C0073,P002,Recurring,350000,0,350000,350000,4200000
R002439,2024-10-01,C0073,P002,Recurring,350000,0,350000,350000,4200000
R002440,2024-11-01,C0073,P002,Recurring,350000,0,350000,350000,4200000
R002441,2024-12-01,C0073,P002,Recurring,350000,0,350000,350000,4200000
R002442,2025-01-01,C0073,P002,Recurring,350000,0,350000,350000,4200000
R002443,2025-02-01,C0073,P002,Recurring,350000,0,350000,350000,4200000
R002444,2025-03-01,C0073,P002,Recurring,350000,0,350000,350000,4200000
R002445,2025-04-01,C0073,P002,Recurring,350000,0,350000,350000,4200000
R002446,2025-05-01,C0073,P002,Recurring,350000,0,350000,350000,4200000
R002447,2025-06-01,C0073,P002,Recurring,350000,0,350000,350000,4200000
R002448,2025-07-01,C0073,P002,Recurring,350000,0,350000,350000,4200000
R002449,2025-08-01,C0073,P002,Recurring,350000,0,350000,350000,4200000
R002450,2025-09-01,C0073,P002,Recurring,350000,0,350000,350000,4200000
R002451,2025-10-01,C0073,P002,Recurring,350000,0,350000,350000,4200000
R002452,2025-11-01,C0073,P002,Recurring,350000,0,350000,350000,4200000
R002453,2025-12-01,C0073,P002,Recurring,350000,0,350000,350000,4200000
R002454,2023-01-01,C0074,P001,Recurring,105000,0,105000,105000,1260000
R002455,2023-02-01,C0074,P001,Recurring,105000,0,105000,105000,1260000
R002456,2023-03-01,C0074,P001,Recurring,105000,0,105000,105000,1260000
R002457,2023-04-01,C0074,P001,Recurring,105000,0,105000,105000,1260000
R002458,2023-05-01,C0074,P001,Recurring,105000,0,105000,105000,1260000
R002459,2023-06-01,C0074,P001,Recurring,105000,0,105000,105000,1260000
R002460,2023-07-01,C0074,P001,Recurring,105000,0,105000,105000,1260000
R002461,2023-08-01,C0074,P001,Recurring,105000,0,105000,105000,1260000
R002462,2023-09-01,C0074,P001,Recurring,105000,0,105000,105000,1260000
R002463,2023-10-01,C0074,P001,Recurring,105000,0,105000,105000,1260000
R002464,2023-11-01,C0074,P001,Recurring,105000,0,105000,105000,1260000
R002465,2023-12-01,C0074,P001,Recurring,105000,0,105000,105000,1260000
R002466,2024-01-01,C0074,P001,Recurring,105000,0,105000,105000,1260000
R002467,2024-02-01,C0074,P001,Recurring,105000,0,105000,105000,1260000
R002468,2024-03-01,C0074,P001,Recurring,105000,0,105000,105000,1260000
R002469,2024-04-01,C0074,P001,Recurring,105000,0,105000,105000,1260000
R002470,2024-05-01,C0074,P001,Recurring,105000,0,105000,105000,1260000
R002471,2024-06-01,C0074,P001,Recurring,105000,0,105000,105000,1260000
R002472,2024-07-01,C0074,P001,Recurring,105000,0,105000,105000,1260000
R002473,2024-08-01,C0074,P001,Recurring,105000,0,105000,105000,1260000
R002474,2024-09-01,C0074,P001,Recurring,105000,0,105000,105000,1260000
R002475,2024-10-01,C0074,P001,Recurring,105000,0,105000,105000,1260000
R002476,2024-11-01,C0074,P001,Recurring,105000,0,105000,105000,1260000
R002477,2024-12-01,C0074,P001,Recurring,105000,0,105000,105000,1260000
R002478,2025-01-01,C0074,P001,Recurring,105000,0,105000,105000,1260000
R002479,2025-02-01,C0074,P001,Recurring,105000,0,105000,105000,1260000
R002480,2025-03-01,C0074,P001,Recurring,105000,0,105000,105000,1260000
R002481,2025-04-01,C0074,P001,Recurring,105000,0,105000,105000,1260000
R002482,2025-05-01,C0074,P001,Recurring,105000,0,105000,105000,1260000
R002483,2025-06-01,C0074,P001,Recurring,105000,0,105000,105000,1260000
R002484,2025-07-01,C0074,P001,Recurring,105000,0,105000,105000,1260000
R002485,2025-08-01,C0074,P001,Recurring,105000,0,105000,105000,1260000
R002486,2025-09-01,C0074,P001,Recurring,105000,0,105000,105000,1260000
R002487,2025-10-01,C0074,P001,Recurring,105000,0,105000,105000,1260000
R002488,2025-11-01,C0074,P001,Recurring,105000,0,105000,105000,1260000
R002489,2025-12-01,C0074,P001,Recurring,105000,0,105000,105000,1260000
R002490,2023-01-01,C0075,P001,Recurring,170000,0,170000,170000,2040000
R002491,2023-02-01,C0075,P001,Recurring,170000,0,170000,170000,2040000
R002492,2023-03-01,C0075,P001,Recurring,170000,0,170000,170000,2040000
R002493,2023-04-01,C0075,P001,Recurring,170000,0,170000,170000,2040000
R002494,2023-05-01,C0075,P001,Recurring,170000,0,170000,170000,2040000
R002495,2023-06-01,C0075,P001,Recurring,170000,0,170000,170000,2040000
R002496,2023-07-01,C0075,P001,Recurring,170000,0,170000,170000,2040000
R002497,2023-08-01,C0075,P001,Recurring,170000,0,170000,170000,2040000
R002498,2023-09-01,C0075,P001,Recurring,170000,0,170000,170000,2040000
R002499,2023-10-01,C0075,P001,Recurring,170000,0,170000,170000,2040000
R002500,2023-11-01,C0075,P001,Recurring,170000,0,170000,170000,2040000
R002501,2023-12-01,C0075,P001,Recurring,170000,0,170000,170000,2040000
R002502,2024-01-01,C0075,P001,Recurring,170000,0,170000,170000,2040000
R002503,2024-02-01,C0075,P001,Recurring,170000,0,170000,170000,2040000
R002504,2024-03-01,C0075,P001,Recurring,170000,0,170000,170000,2040000
R002505,2024-04-01,C0075,P001,Recurring,170000,0,170000,170000,2040000
R002506,2024-05-01,C0075,P001,Recurring,170000,0,170000,170000,2040000
R002507,2024-06-01,C0075,P001,Recurring,170000,0,170000,170000,2040000
R002508,2024-07-01,C0075,P001,Recurring,170000,0,170000,170000,2040000
R002509,2024-08-01,C0075,P001,Recurring,170000,0,170000,170000,2040000
R002510,2024-09-01,C0075,P001,Recurring,170000,0,170000,170000,2040000
R002511,2024-10-01,C0075,P001,Recurring,170000,0,170000,170000,2040000
R002512,2024-11-01,C0075,P001,Recurring,170000,0,170000,170000,2040000
R002513,2024-12-01,C0075,P001,Recurring,170000,0,170000,170000,2040000
R002514,2025-01-01,C0075,P001,Recurring,170000,0,170000,170000,2040000
R002515,2025-02-01,C0075,P001,Recurring,170000,0,170000,170000,2040000
R002516,2025-03-01,C0075,P001,Recurring,170000,0,170000,170000,2040000
R002517,2025-04-01,C0075,P001,Recurring,170000,0,170000,170000,2040000
R002518,2025-05-01,C0075,P001,Recurring,170000,0,170000,170000,2040000
R002519,2025-06-01,C0075,P001,Recurring,170000,0,170000,170000,2040000
R002520,2025-07-01,C0075,P001,Recurring,170000,0,170000,170000,2040000
R002521,2025-08-01,C0075,P001,Recurring,170000,0,170000,170000,2040000
R002522,2025-09-01,C0075,P001,Recurring,170000,0,170000,170000,2040000
R002523,2025-10-01,C0075,P001,Recurring,170000,0,170000,170000,2040000
R002524,2025-11-01,C0075,P001,Recurring,170000,0,170000,170000,2040000
R002525,2025-12-01,C0075,P001,Recurring,170000,0,170000,170000,2040000
R002526,2023-01-01,C0076,P001,Recurring,110000,0,110000,110000,1320000
R002527,2023-02-01,C0076,P001,Recurring,110000,0,110000,110000,1320000
R002528,2023-03-01,C0076,P001,Recurring,110000,0,110000,110000,1320000
R002529,2023-04-01,C0076,P001,Recurring,110000,0,110000,110000,1320000
R002530,2023-05-01,C0076,P001,Recurring,110000,0,110000,110000,1320000
R002531,2023-06-01,C0076,P001,Recurring,110000,0,110000,110000,1320000
R002532,2023-07-01,C0076,P001,Recurring,110000,0,110000,110000,1320000
R002533,2023-08-01,C0076,P002,Upgrade,110000,140000,250000,250000,3000000
R002534,2023-09-01,C0076,P002,Recurring,250000,0,250000,250000,3000000
R002535,2023-10-01,C0076,P002,Recurring,250000,0,250000,250000,3000000
R002536,2023-11-01,C0076,P002,Recurring,250000,0,250000,250000,3000000
R002537,2023-12-01,C0076,P002,Recurring,250000,0,250000,250000,3000000
R002538,2024-01-01,C0076,P002,Recurring,250000,0,250000,250000,3000000
R002539,2024-02-01,C0076,P002,Recurring,250000,0,250000,250000,3000000
R002540,2024-03-01,C0076,P002,Recurring,250000,0,250000,250000,3000000
R002541,2024-04-01,C0076,P002,Recurring,250000,0,250000,250000,3000000
R002542,2024-05-01,C0076,P002,Recurring,250000,0,250000,250000,3000000
R002543,2024-06-01,C0076,P002,Recurring,250000,0,250000,250000,3000000
R002544,2024-07-01,C0076,P002,Expansion,250000,35000,285000,285000,3420000
R002545,2024-08-01,C0076,P002,Recurring,285000,0,285000,285000,3420000
R002546,2024-09-01,C0076,P002,Recurring,285000,0,285000,285000,3420000
R002547,2024-10-01,C0076,P002,Recurring,285000,0,285000,285000,3420000
R002548,2024-11-01,C0076,P002,Recurring,285000,0,285000,285000,3420000
R002549,2024-12-01,C0076,P002,Recurring,285000,0,285000,285000,3420000
R002550,2025-01-01,C0076,P002,Recurring,285000,0,285000,285000,3420000
R002551,2025-02-01,C0076,P002,Recurring,285000,0,285000,285000,3420000
R002552,2025-03-01,C0076,P002,Recurring,285000,0,285000,285000,3420000
R002553,2025-04-01,C0076,P002,Recurring,285000,0,285000,285000,3420000
R002554,2025-05-01,C0076,P002,Recurring,285000,0,285000,285000,3420000
R002555,2025-06-01,C0076,P002,Recurring,285000,0,285000,285000,3420000
R002556,2025-07-01,C0076,P002,Recurring,285000,0,285000,285000,3420000
R002557,2025-08-01,C0076,P002,Recurring,285000,0,285000,285000,3420000
R002558,2025-09-01,C0076,P002,Recurring,285000,0,285000,285000,3420000
R002559,2025-10-01,C0076,P002,Recurring,285000,0,285000,285000,3420000
R002560,2025-11-01,C0076,P002,Recurring,285000,0,285000,285000,3420000
R002561,2025-12-01,C0076,P002,Recurring,285000,0,285000,285000,3420000
R002562,2023-01-01,C0077,P001,Recurring,100000,0,100000,100000,1200000
R002563,2023-02-01,C0077,P001,Recurring,100000,0,100000,100000,1200000
R002564,2023-03-01,C0077,P001,Recurring,100000,0,100000,100000,1200000
R002565,2023-04-01,C0077,P001,Recurring,100000,0,100000,100000,1200000
R002566,2023-05-01,C0077,P001,Recurring,100000,0,100000,100000,1200000
R002567,2023-06-01,C0077,P001,Recurring,100000,0,100000,100000,1200000
R002568,2023-07-01,C0077,P001,Recurring,100000,0,100000,100000,1200000
R002569,2023-08-01,C0077,P001,Recurring,100000,0,100000,100000,1200000
R002570,2023-09-01,C0077,P001,Recurring,100000,0,100000,100000,1200000
R002571,2023-10-01,C0077,P001,Recurring,100000,0,100000,100000,1200000
R002572,2023-11-01,C0077,P001,Recurring,100000,0,100000,100000,1200000
R002573,2023-12-01,C0077,P001,Recurring,100000,0,100000,100000,1200000
R002574,2024-01-01,C0077,P001,Recurring,100000,0,100000,100000,1200000
R002575,2024-02-01,C0077,P001,Recurring,100000,0,100000,100000,1200000
R002576,2024-03-01,C0077,P001,Recurring,100000,0,100000,100000,1200000
R002577,2024-04-01,C0077,P001,Recurring,100000,0,100000,100000,1200000
R002578,2024-05-01,C0077,P001,Recurring,100000,0,100000,100000,1200000
R002579,2024-06-01,C0077,P001,Recurring,100000,0,100000,100000,1200000
R002580,2023-01-01,C0078,P002,Recurring,380000,0,380000,380000,4560000
R002581,2023-02-01,C0078,P002,Recurring,380000,0,380000,380000,4560000
R002582,2023-03-01,C0078,P002,Recurring,380000,0,380000,380000,4560000
R002583,2023-04-01,C0078,P002,Recurring,380000,0,380000,380000,4560000
R002584,2023-05-01,C0078,P002,Recurring,380000,0,380000,380000,4560000
R002585,2023-06-01,C0078,P002,Recurring,380000,0,380000,380000,4560000
R002586,2023-07-01,C0078,P002,Recurring,380000,0,380000,380000,4560000
R002587,2023-08-01,C0078,P002,Recurring,380000,0,380000,380000,4560000
R002588,2023-09-01,C0078,P002,Recurring,380000,0,380000,380000,4560000
R002589,2023-10-01,C0078,P002,Recurring,380000,0,380000,380000,4560000
R002590,2023-11-01,C0078,P002,Recurring,380000,0,380000,380000,4560000
R002591,2023-12-01,C0078,P002,Recurring,380000,0,380000,380000,4560000
R002592,2024-01-01,C0078,P002,Recurring,380000,0,380000,380000,4560000
R002593,2024-02-01,C0078,P002,Recurring,380000,0,380000,380000,4560000
R002594,2024-03-01,C0078,P002,Recurring,380000,0,380000,380000,4560000
R002595,2024-04-01,C0078,P002,Recurring,380000,0,380000,380000,4560000
R002596,2024-05-01,C0078,P002,Recurring,380000,0,380000,380000,4560000
R002597,2024-06-01,C0078,P002,Recurring,380000,0,380000,380000,4560000
R002598,2024-07-01,C0078,P002,Recurring,380000,0,380000,380000,4560000
R002599,2024-08-01,C0078,P002,Recurring,380000,0,380000,380000,4560000
R002600,2024-09-01,C0078,P002,Recurring,380000,0,380000,380000,4560000
R002601,2024-10-01,C0078,P002,Recurring,380000,0,380000,380000,4560000
R002602,2024-11-01,C0078,P002,Recurring,380000,0,380000,380000,4560000
R002603,2024-12-01,C0078,P002,Recurring,380000,0,380000,380000,4560000
R002604,2025-01-01,C0078,P002,Recurring,380000,0,380000,380000,4560000
R002605,2025-02-01,C0078,P002,Recurring,380000,0,380000,380000,4560000
R002606,2025-03-01,C0078,P002,Recurring,380000,0,380000,380000,4560000
R002607,2025-04-01,C0078,P002,Recurring,380000,0,380000,380000,4560000
R002608,2025-05-01,C0078,P002,Recurring,380000,0,380000,380000,4560000
R002609,2025-06-01,C0078,P002,Recurring,380000,0,380000,380000,4560000
R002610,2025-07-01,C0078,P002,Recurring,380000,0,380000,380000,4560000
R002611,2025-08-01,C0078,P002,Recurring,380000,0,380000,380000,4560000
R002612,2025-09-01,C0078,P002,Recurring,380000,0,380000,380000,4560000
R002613,2025-10-01,C0078,P002,Recurring,380000,0,380000,380000,4560000
R002614,2025-11-01,C0078,P002,Recurring,380000,0,380000,380000,4560000
R002615,2025-12-01,C0078,P002,Recurring,380000,0,380000,380000,4560000
R002616,2023-01-01,C0079,P001,Recurring,90000,0,90000,90000,1080000
R002617,2023-02-01,C0079,P001,Recurring,90000,0,90000,90000,1080000
R002618,2023-03-01,C0079,P001,Recurring,90000,0,90000,90000,1080000
R002619,2023-04-01,C0079,P001,Recurring,90000,0,90000,90000,1080000
R002620,2023-05-01,C0079,P001,Recurring,90000,0,90000,90000,1080000
R002621,2023-06-01,C0079,P001,Recurring,90000,0,90000,90000,1080000
R002622,2023-07-01,C0079,P001,Recurring,90000,0,90000,90000,1080000
R002623,2023-08-01,C0079,P001,Recurring,90000,0,90000,90000,1080000
R002624,2023-09-01,C0079,P001,Recurring,90000,0,90000,90000,1080000
R002625,2023-10-01,C0079,P001,Recurring,90000,0,90000,90000,1080000
R002626,2023-11-01,C0079,P001,Recurring,90000,0,90000,90000,1080000
R002627,2023-12-01,C0079,P001,Recurring,90000,0,90000,90000,1080000
R002628,2024-01-01,C0079,P001,Recurring,90000,0,90000,90000,1080000
R002629,2024-02-01,C0079,P001,Recurring,90000,0,90000,90000,1080000
R002630,2024-03-01,C0079,P001,Recurring,90000,0,90000,90000,1080000
R002631,2024-04-01,C0079,P001,Recurring,90000,0,90000,90000,1080000
R002632,2024-05-01,C0079,P001,Recurring,90000,0,90000,90000,1080000
R002633,2024-06-01,C0079,P001,Recurring,90000,0,90000,90000,1080000
R002634,2024-07-01,C0079,P001,Recurring,90000,0,90000,90000,1080000
R002635,2024-08-01,C0079,P001,Recurring,90000,0,90000,90000,1080000
R002636,2024-09-01,C0079,P001,Recurring,90000,0,90000,90000,1080000
R002637,2024-10-01,C0079,P001,Recurring,90000,0,90000,90000,1080000
R002638,2024-11-01,C0079,P001,Recurring,90000,0,90000,90000,1080000
R002639,2024-12-01,C0079,P001,Recurring,90000,0,90000,90000,1080000
R002640,2025-01-01,C0079,P001,Recurring,90000,0,90000,90000,1080000
R002641,2025-02-01,C0079,P001,Recurring,90000,0,90000,90000,1080000
R002642,2025-03-01,C0079,P001,Recurring,90000,0,90000,90000,1080000
R002643,2025-04-01,C0079,P001,Recurring,90000,0,90000,90000,1080000
R002644,2025-05-01,C0079,P001,Recurring,90000,0,90000,90000,1080000
R002645,2025-06-01,C0079,P001,Recurring,90000,0,90000,90000,1080000
R002646,2025-07-01,C0079,P001,Recurring,90000,0,90000,90000,1080000
R002647,2025-08-01,C0079,P001,Recurring,90000,0,90000,90000,1080000
R002648,2025-09-01,C0079,P001,Recurring,90000,0,90000,90000,1080000
R002649,2025-10-01,C0079,P001,Recurring,90000,0,90000,90000,1080000
R002650,2025-11-01,C0079,P001,Recurring,90000,0,90000,90000,1080000
R002651,2025-12-01,C0079,P001,Recurring,90000,0,90000,90000,1080000
R002652,2023-01-01,C0080,P001,Recurring,170000,0,170000,170000,2040000
R002653,2023-02-01,C0080,P001,Recurring,170000,0,170000,170000,2040000
R002654,2023-03-01,C0080,P001,Recurring,170000,0,170000,170000,2040000
R002655,2023-04-01,C0080,P001,Recurring,170000,0,170000,170000,2040000
R002656,2023-05-01,C0080,P001,Recurring,170000,0,170000,170000,2040000
R002657,2023-06-01,C0080,P001,Recurring,170000,0,170000,170000,2040000
R002658,2023-07-01,C0080,P001,Recurring,170000,0,170000,170000,2040000
R002659,2023-08-01,C0080,P001,Recurring,170000,0,170000,170000,2040000
R002660,2023-09-01,C0080,P001,Recurring,170000,0,170000,170000,2040000
R002661,2023-10-01,C0080,P001,Recurring,170000,0,170000,170000,2040000
R002662,2023-11-01,C0080,P001,Recurring,170000,0,170000,170000,2040000
R002663,2023-12-01,C0080,P001,Recurring,170000,0,170000,170000,2040000
R002664,2024-01-01,C0080,P001,Recurring,170000,0,170000,170000,2040000
R002665,2024-02-01,C0080,P001,Recurring,170000,0,170000,170000,2040000
R002666,2024-03-01,C0080,P001,Recurring,170000,0,170000,170000,2040000
R002667,2024-04-01,C0080,P001,Recurring,170000,0,170000,170000,2040000
R002668,2024-05-01,C0080,P001,Recurring,170000,0,170000,170000,2040000
R002669,2024-06-01,C0080,P001,Recurring,170000,0,170000,170000,2040000
R002670,2024-07-01,C0080,P001,Recurring,170000,0,170000,170000,2040000
R002671,2024-08-01,C0080,P001,Recurring,170000,0,170000,170000,2040000
R002672,2024-09-01,C0080,P001,Expansion,170000,25000,195000,195000,2340000
R002673,2024-10-01,C0080,P001,Recurring,195000,0,195000,195000,2340000
R002674,2024-11-01,C0080,P001,Recurring,195000,0,195000,195000,2340000
R002675,2024-12-01,C0080,P001,Recurring,195000,0,195000,195000,2340000
R002676,2025-01-01,C0080,P001,Recurring,195000,0,195000,195000,2340000
R002677,2025-02-01,C0080,P001,Recurring,195000,0,195000,195000,2340000
R002678,2025-03-01,C0080,P001,Recurring,195000,0,195000,195000,2340000
R002679,2025-04-01,C0080,P001,Recurring,195000,0,195000,195000,2340000
R002680,2025-05-01,C0080,P001,Recurring,195000,0,195000,195000,2340000
R002681,2025-06-01,C0080,P001,Recurring,195000,0,195000,195000,2340000
R002682,2025-07-01,C0080,P001,Recurring,195000,0,195000,195000,2340000
R002683,2025-08-01,C0080,P001,Recurring,195000,0,195000,195000,2340000
R002684,2025-09-01,C0080,P001,Recurring,195000,0,195000,195000,2340000
R002685,2025-10-01,C0080,P001,Recurring,195000,0,195000,195000,2340000
R002686,2025-11-01,C0080,P001,Recurring,195000,0,195000,195000,2340000
R002687,2025-12-01,C0080,P001,Recurring,195000,0,195000,195000,2340000
R002688,2023-01-01,C0081,P001,Recurring,110000,0,110000,110000,1320000
R002689,2023-02-01,C0081,P001,Recurring,110000,0,110000,110000,1320000
R002690,2023-03-01,C0081,P001,Recurring,110000,0,110000,110000,1320000
R002691,2023-04-01,C0081,P001,Recurring,110000,0,110000,110000,1320000
R002692,2023-05-01,C0081,P001,Recurring,110000,0,110000,110000,1320000
R002693,2023-06-01,C0081,P001,Recurring,110000,0,110000,110000,1320000
R002694,2023-07-01,C0081,P001,Recurring,110000,0,110000,110000,1320000
R002695,2023-08-01,C0081,P001,Recurring,110000,0,110000,110000,1320000
R002696,2023-09-01,C0081,P001,Recurring,110000,0,110000,110000,1320000
R002697,2023-10-01,C0081,P001,Recurring,110000,0,110000,110000,1320000
R002698,2023-11-01,C0081,P002,Upgrade,110000,140000,250000,250000,3000000
R002699,2023-12-01,C0081,P002,Recurring,250000,0,250000,250000,3000000
R002700,2024-01-01,C0081,P002,Recurring,250000,0,250000,250000,3000000
R002701,2024-02-01,C0081,P002,Recurring,250000,0,250000,250000,3000000
R002702,2024-03-01,C0081,P002,Recurring,250000,0,250000,250000,3000000
R002703,2024-04-01,C0081,P002,Recurring,250000,0,250000,250000,3000000
R002704,2024-05-01,C0081,P002,Recurring,250000,0,250000,250000,3000000
R002705,2024-06-01,C0081,P002,Recurring,250000,0,250000,250000,3000000
R002706,2024-07-01,C0081,P002,Recurring,250000,0,250000,250000,3000000
R002707,2024-08-01,C0081,P002,Recurring,250000,0,250000,250000,3000000
R002708,2024-09-01,C0081,P002,Recurring,250000,0,250000,250000,3000000
R002709,2024-10-01,C0081,P002,Recurring,250000,0,250000,250000,3000000
R002710,2024-11-01,C0081,P002,Recurring,250000,0,250000,250000,3000000
R002711,2024-12-01,C0081,P002,Recurring,250000,0,250000,250000,3000000
R002712,2025-01-01,C0081,P002,Recurring,250000,0,250000,250000,3000000
R002713,2025-02-01,C0081,P002,Recurring,250000,0,250000,250000,3000000
R002714,2023-01-01,C0082,P001,Recurring,170000,0,170000,170000,2040000
R002715,2023-02-01,C0082,P001,Recurring,170000,0,170000,170000,2040000
R002716,2023-03-01,C0082,P001,Recurring,170000,0,170000,170000,2040000
R002717,2023-04-01,C0082,P001,Recurring,170000,0,170000,170000,2040000
R002718,2023-05-01,C0082,P001,Recurring,170000,0,170000,170000,2040000
R002719,2023-06-01,C0082,P001,Recurring,170000,0,170000,170000,2040000
R002720,2023-07-01,C0082,P001,Recurring,170000,0,170000,170000,2040000
R002721,2023-08-01,C0082,P001,Recurring,170000,0,170000,170000,2040000
R002722,2023-09-01,C0082,P001,Recurring,170000,0,170000,170000,2040000
R002723,2023-10-01,C0082,P001,Recurring,170000,0,170000,170000,2040000
R002724,2023-11-01,C0082,P001,Recurring,170000,0,170000,170000,2040000
R002725,2023-12-01,C0082,P001,Expansion,170000,25000,195000,195000,2340000
R002726,2024-01-01,C0082,P001,Recurring,195000,0,195000,195000,2340000
R002727,2024-02-01,C0082,P001,Recurring,195000,0,195000,195000,2340000
R002728,2024-03-01,C0082,P001,Recurring,195000,0,195000,195000,2340000
R002729,2023-01-01,C0083,P002,Recurring,450000,0,450000,450000,5400000
R002730,2023-02-01,C0083,P002,Recurring,450000,0,450000,450000,5400000
R002731,2023-03-01,C0083,P002,Recurring,450000,0,450000,450000,5400000
R002732,2023-04-01,C0083,P002,Recurring,450000,0,450000,450000,5400000
R002733,2023-05-01,C0083,P002,Recurring,450000,0,450000,450000,5400000
R002734,2023-06-01,C0083,P002,Recurring,450000,0,450000,450000,5400000
R002735,2023-07-01,C0083,P002,Recurring,450000,0,450000,450000,5400000
R002736,2023-08-01,C0083,P002,Recurring,450000,0,450000,450000,5400000
R002737,2023-09-01,C0083,P002,Recurring,450000,0,450000,450000,5400000
R002738,2023-10-01,C0083,P002,Recurring,450000,0,450000,450000,5400000
R002739,2023-11-01,C0083,P002,Recurring,450000,0,450000,450000,5400000
R002740,2023-12-01,C0083,P002,Recurring,450000,0,450000,450000,5400000
R002741,2024-01-01,C0083,P002,Recurring,450000,0,450000,450000,5400000
R002742,2024-02-01,C0083,P002,Recurring,450000,0,450000,450000,5400000
R002743,2024-03-01,C0083,P002,Recurring,450000,0,450000,450000,5400000
R002744,2024-04-01,C0083,P002,Recurring,450000,0,450000,450000,5400000
R002745,2024-05-01,C0083,P002,Recurring,450000,0,450000,450000,5400000
R002746,2024-06-01,C0083,P002,Recurring,450000,0,450000,450000,5400000
R002747,2024-07-01,C0083,P002,Recurring,450000,0,450000,450000,5400000
R002748,2024-08-01,C0083,P002,Recurring,450000,0,450000,450000,5400000
R002749,2024-09-01,C0083,P002,Recurring,450000,0,450000,450000,5400000
R002750,2024-10-01,C0083,P002,Recurring,450000,0,450000,450000,5400000
R002751,2024-11-01,C0083,P002,Recurring,450000,0,450000,450000,5400000
R002752,2024-12-01,C0083,P002,Recurring,450000,0,450000,450000,5400000
R002753,2025-01-01,C0083,P002,Recurring,450000,0,450000,450000,5400000
R002754,2025-02-01,C0083,P002,Recurring,450000,0,450000,450000,5400000
R002755,2025-03-01,C0083,P002,Recurring,450000,0,450000,450000,5400000
R002756,2025-04-01,C0083,P002,Recurring,450000,0,450000,450000,5400000
R002757,2025-05-01,C0083,P002,Recurring,450000,0,450000,450000,5400000
R002758,2025-06-01,C0083,P002,Recurring,450000,0,450000,450000,5400000
R002759,2025-07-01,C0083,P002,Recurring,450000,0,450000,450000,5400000
R002760,2025-08-01,C0083,P002,Recurring,450000,0,450000,450000,5400000
R002761,2025-09-01,C0083,P002,Recurring,450000,0,450000,450000,5400000
R002762,2025-10-01,C0083,P002,Recurring,450000,0,450000,450000,5400000
R002763,2025-11-01,C0083,P002,Recurring,450000,0,450000,450000,5400000
R002764,2025-12-01,C0083,P002,Recurring,450000,0,450000,450000,5400000
R002765,2023-01-01,C0084,P001,Recurring,160000,0,160000,160000,1920000
R002766,2023-02-01,C0084,P001,Recurring,160000,0,160000,160000,1920000
R002767,2023-03-01,C0084,P001,Recurring,160000,0,160000,160000,1920000
R002768,2023-04-01,C0084,P001,Recurring,160000,0,160000,160000,1920000
R002769,2023-05-01,C0084,P001,Recurring,160000,0,160000,160000,1920000
R002770,2023-06-01,C0084,P001,Recurring,160000,0,160000,160000,1920000
R002771,2023-07-01,C0084,P001,Recurring,160000,0,160000,160000,1920000
R002772,2023-08-01,C0084,P001,Recurring,160000,0,160000,160000,1920000
R002773,2023-09-01,C0084,P001,Recurring,160000,0,160000,160000,1920000
R002774,2023-10-01,C0084,P001,Recurring,160000,0,160000,160000,1920000
R002775,2023-11-01,C0084,P001,Recurring,160000,0,160000,160000,1920000
R002776,2023-12-01,C0084,P001,Recurring,160000,0,160000,160000,1920000
R002777,2024-01-01,C0084,P001,Recurring,160000,0,160000,160000,1920000
R002778,2024-02-01,C0084,P001,Recurring,160000,0,160000,160000,1920000
R002779,2024-03-01,C0084,P001,Recurring,160000,0,160000,160000,1920000
R002780,2024-04-01,C0084,P001,Recurring,160000,0,160000,160000,1920000
R002781,2024-05-01,C0084,P001,Recurring,160000,0,160000,160000,1920000
R002782,2024-06-01,C0084,P001,Recurring,160000,0,160000,160000,1920000
R002783,2024-07-01,C0084,P001,Recurring,160000,0,160000,160000,1920000
R002784,2024-08-01,C0084,P001,Recurring,160000,0,160000,160000,1920000
R002785,2024-09-01,C0084,P001,Recurring,160000,0,160000,160000,1920000
R002786,2024-10-01,C0084,P001,Recurring,160000,0,160000,160000,1920000
R002787,2024-11-01,C0084,P001,Recurring,160000,0,160000,160000,1920000
R002788,2024-12-01,C0084,P001,Recurring,160000,0,160000,160000,1920000
R002789,2025-01-01,C0084,P001,Recurring,160000,0,160000,160000,1920000
R002790,2025-02-01,C0084,P001,Recurring,160000,0,160000,160000,1920000
R002791,2025-03-01,C0084,P001,Recurring,160000,0,160000,160000,1920000
R002792,2025-04-01,C0084,P001,Recurring,160000,0,160000,160000,1920000
R002793,2025-05-01,C0084,P001,Recurring,160000,0,160000,160000,1920000
R002794,2025-06-01,C0084,P001,Recurring,160000,0,160000,160000,1920000
R002795,2025-07-01,C0084,P001,Recurring,160000,0,160000,160000,1920000
R002796,2025-08-01,C0084,P001,Recurring,160000,0,160000,160000,1920000
R002797,2025-09-01,C0084,P001,Recurring,160000,0,160000,160000,1920000
R002798,2025-10-01,C0084,P001,Recurring,160000,0,160000,160000,1920000
R002799,2025-11-01,C0084,P001,Recurring,160000,0,160000,160000,1920000
R002800,2025-12-01,C0084,P001,Recurring,160000,0,160000,160000,1920000
R002801,2023-01-01,C0085,P001,Recurring,150000,0,150000,150000,1800000
R002802,2023-02-01,C0085,P001,Recurring,150000,0,150000,150000,1800000
R002803,2023-03-01,C0085,P001,Recurring,150000,0,150000,150000,1800000
R002804,2023-04-01,C0085,P001,Recurring,150000,0,150000,150000,1800000
R002805,2023-05-01,C0085,P001,Recurring,150000,0,150000,150000,1800000
R002806,2023-06-01,C0085,P001,Recurring,150000,0,150000,150000,1800000
R002807,2023-07-01,C0085,P001,Recurring,150000,0,150000,150000,1800000
R002808,2023-08-01,C0085,P001,Expansion,150000,15000,165000,165000,1980000
R002809,2023-09-01,C0085,P001,Recurring,165000,0,165000,165000,1980000
R002810,2023-10-01,C0085,P001,Recurring,165000,0,165000,165000,1980000
R002811,2023-11-01,C0085,P001,Recurring,165000,0,165000,165000,1980000
R002812,2023-12-01,C0085,P001,Recurring,165000,0,165000,165000,1980000
R002813,2024-01-01,C0085,P001,Recurring,165000,0,165000,165000,1980000
R002814,2024-02-01,C0085,P001,Recurring,165000,0,165000,165000,1980000
R002815,2024-03-01,C0085,P001,Recurring,165000,0,165000,165000,1980000
R002816,2024-04-01,C0085,P001,Recurring,165000,0,165000,165000,1980000
R002817,2024-05-01,C0085,P001,Recurring,165000,0,165000,165000,1980000
R002818,2024-06-01,C0085,P001,Recurring,165000,0,165000,165000,1980000
R002819,2024-07-01,C0085,P001,Recurring,165000,0,165000,165000,1980000
R002820,2024-08-01,C0085,P001,Recurring,165000,0,165000,165000,1980000
R002821,2024-09-01,C0085,P001,Recurring,165000,0,165000,165000,1980000
R002822,2024-10-01,C0085,P001,Recurring,165000,0,165000,165000,1980000
R002823,2024-11-01,C0085,P001,Recurring,165000,0,165000,165000,1980000
R002824,2024-12-01,C0085,P001,Recurring,165000,0,165000,165000,1980000
R002825,2025-01-01,C0085,P001,Recurring,165000,0,165000,165000,1980000
R002826,2025-02-01,C0085,P001,Recurring,165000,0,165000,165000,1980000
R002827,2025-03-01,C0085,P001,Recurring,165000,0,165000,165000,1980000
R002828,2025-04-01,C0085,P001,Recurring,165000,0,165000,165000,1980000
R002829,2025-05-01,C0085,P001,Recurring,165000,0,165000,165000,1980000
R002830,2025-06-01,C0085,P001,Recurring,165000,0,165000,165000,1980000
R002831,2025-07-01,C0085,P001,Recurring,165000,0,165000,165000,1980000
R002832,2025-08-01,C0085,P001,Recurring,165000,0,165000,165000,1980000
R002833,2025-09-01,C0085,P001,Recurring,165000,0,165000,165000,1980000
R002834,2025-10-01,C0085,P001,Recurring,165000,0,165000,165000,1980000
R002835,2025-11-01,C0085,P001,Recurring,165000,0,165000,165000,1980000
R002836,2025-12-01,C0085,P001,Recurring,165000,0,165000,165000,1980000
R002837,2023-01-01,C0086,P001,Recurring,150000,0,150000,150000,1800000
R002838,2023-02-01,C0086,P001,Recurring,150000,0,150000,150000,1800000
R002839,2023-03-01,C0086,P001,Recurring,150000,0,150000,150000,1800000
R002840,2023-04-01,C0086,P001,Recurring,150000,0,150000,150000,1800000
R002841,2023-05-01,C0086,P001,Recurring,150000,0,150000,150000,1800000
R002842,2023-06-01,C0086,P001,Recurring,150000,0,150000,150000,1800000
R002843,2023-07-01,C0086,P001,Recurring,150000,0,150000,150000,1800000
R002844,2023-08-01,C0086,P001,Recurring,150000,0,150000,150000,1800000
R002845,2023-09-01,C0086,P001,Recurring,150000,0,150000,150000,1800000
R002846,2023-10-01,C0086,P001,Recurring,150000,0,150000,150000,1800000
R002847,2023-11-01,C0086,P001,Recurring,150000,0,150000,150000,1800000
R002848,2023-12-01,C0086,P001,Recurring,150000,0,150000,150000,1800000
R002849,2024-01-01,C0086,P001,Recurring,150000,0,150000,150000,1800000
R002850,2024-02-01,C0086,P001,Recurring,150000,0,150000,150000,1800000
R002851,2024-03-01,C0086,P001,Recurring,150000,0,150000,150000,1800000
R002852,2024-04-01,C0086,P001,Expansion,150000,25000,175000,175000,2100000
R002853,2024-05-01,C0086,P001,Recurring,175000,0,175000,175000,2100000
R002854,2024-06-01,C0086,P001,Recurring,175000,0,175000,175000,2100000
R002855,2024-07-01,C0086,P001,Recurring,175000,0,175000,175000,2100000
R002856,2024-08-01,C0086,P001,Recurring,175000,0,175000,175000,2100000
R002857,2024-09-01,C0086,P001,Recurring,175000,0,175000,175000,2100000
R002858,2024-10-01,C0086,P001,Recurring,175000,0,175000,175000,2100000
R002859,2024-11-01,C0086,P001,Recurring,175000,0,175000,175000,2100000
R002860,2024-12-01,C0086,P001,Recurring,175000,0,175000,175000,2100000
R002861,2025-01-01,C0086,P001,Recurring,175000,0,175000,175000,2100000
R002862,2025-02-01,C0086,P001,Recurring,175000,0,175000,175000,2100000
R002863,2025-03-01,C0086,P001,Recurring,175000,0,175000,175000,2100000
R002864,2025-04-01,C0086,P001,Recurring,175000,0,175000,175000,2100000
R002865,2025-05-01,C0086,P001,Recurring,175000,0,175000,175000,2100000
R002866,2025-06-01,C0086,P001,Recurring,175000,0,175000,175000,2100000
R002867,2025-07-01,C0086,P001,Recurring,175000,0,175000,175000,2100000
R002868,2025-08-01,C0086,P001,Recurring,175000,0,175000,175000,2100000
R002869,2025-09-01,C0086,P001,Recurring,175000,0,175000,175000,2100000
R002870,2025-10-01,C0086,P001,Recurring,175000,0,175000,175000,2100000
R002871,2025-11-01,C0086,P001,Recurring,175000,0,175000,175000,2100000
R002872,2025-12-01,C0086,P001,Recurring,175000,0,175000,175000,2100000
R002873,2023-01-01,C0087,P002,Recurring,300000,0,300000,300000,3600000
R002874,2023-02-01,C0087,P002,Recurring,300000,0,300000,300000,3600000
R002875,2023-03-01,C0087,P002,Recurring,300000,0,300000,300000,3600000
R002876,2023-04-01,C0087,P002,Recurring,300000,0,300000,300000,3600000
R002877,2023-05-01,C0087,P002,Recurring,300000,0,300000,300000,3600000
R002878,2023-06-01,C0087,P002,Recurring,300000,0,300000,300000,3600000
R002879,2023-07-01,C0087,P002,Recurring,300000,0,300000,300000,3600000
R002880,2023-08-01,C0087,P002,Recurring,300000,0,300000,300000,3600000
R002881,2023-09-01,C0087,P002,Recurring,300000,0,300000,300000,3600000
R002882,2023-10-01,C0087,P002,Recurring,300000,0,300000,300000,3600000
R002883,2023-11-01,C0087,P002,Recurring,300000,0,300000,300000,3600000
R002884,2023-12-01,C0087,P002,Recurring,300000,0,300000,300000,3600000
R002885,2024-01-01,C0087,P002,Recurring,300000,0,300000,300000,3600000
R002886,2024-02-01,C0087,P002,Recurring,300000,0,300000,300000,3600000
R002887,2024-03-01,C0087,P002,Recurring,300000,0,300000,300000,3600000
R002888,2024-04-01,C0087,P002,Recurring,300000,0,300000,300000,3600000
R002889,2024-05-01,C0087,P002,Recurring,300000,0,300000,300000,3600000
R002890,2024-06-01,C0087,P002,Recurring,300000,0,300000,300000,3600000
R002891,2024-07-01,C0087,P002,Recurring,300000,0,300000,300000,3600000
R002892,2024-08-01,C0087,P002,Recurring,300000,0,300000,300000,3600000
R002893,2024-09-01,C0087,P002,Recurring,300000,0,300000,300000,3600000
R002894,2024-10-01,C0087,P002,Recurring,300000,0,300000,300000,3600000
R002895,2024-11-01,C0087,P002,Recurring,300000,0,300000,300000,3600000
R002896,2024-12-01,C0087,P002,Recurring,300000,0,300000,300000,3600000
R002897,2025-01-01,C0087,P002,Recurring,300000,0,300000,300000,3600000
R002898,2025-02-01,C0087,P002,Recurring,300000,0,300000,300000,3600000
R002899,2025-03-01,C0087,P002,Recurring,300000,0,300000,300000,3600000
R002900,2025-04-01,C0087,P002,Recurring,300000,0,300000,300000,3600000
R002901,2025-05-01,C0087,P002,Recurring,300000,0,300000,300000,3600000
R002902,2025-06-01,C0087,P002,Recurring,300000,0,300000,300000,3600000
R002903,2025-07-01,C0087,P002,Recurring,300000,0,300000,300000,3600000
R002904,2025-08-01,C0087,P002,Recurring,300000,0,300000,300000,3600000
R002905,2025-09-01,C0087,P002,Recurring,300000,0,300000,300000,3600000
R002906,2025-10-01,C0087,P002,Recurring,300000,0,300000,300000,3600000
R002907,2025-11-01,C0087,P002,Recurring,300000,0,300000,300000,3600000
R002908,2025-12-01,C0087,P002,Recurring,300000,0,300000,300000,3600000
R002909,2023-01-01,C0088,P002,Recurring,310000,0,310000,310000,3720000
R002910,2023-02-01,C0088,P002,Recurring,310000,0,310000,310000,3720000
R002911,2023-03-01,C0088,P002,Recurring,310000,0,310000,310000,3720000
R002912,2023-04-01,C0088,P002,Recurring,310000,0,310000,310000,3720000
R002913,2023-05-01,C0088,P002,Recurring,310000,0,310000,310000,3720000
R002914,2023-06-01,C0088,P002,Recurring,310000,0,310000,310000,3720000
R002915,2023-07-01,C0088,P002,Recurring,310000,0,310000,310000,3720000
R002916,2023-08-01,C0088,P002,Recurring,310000,0,310000,310000,3720000
R002917,2023-09-01,C0088,P002,Recurring,310000,0,310000,310000,3720000
R002918,2023-10-01,C0088,P002,Recurring,310000,0,310000,310000,3720000
R002919,2023-11-01,C0088,P002,Recurring,310000,0,310000,310000,3720000
R002920,2023-12-01,C0088,P002,Recurring,310000,0,310000,310000,3720000
R002921,2024-01-01,C0088,P002,Recurring,310000,0,310000,310000,3720000
R002922,2024-06-01,C0088,P002,Reactivation,0,310000,310000,310000,3720000
R002923,2024-07-01,C0088,P002,Recurring,310000,0,310000,310000,3720000
R002924,2024-08-01,C0088,P002,Recurring,310000,0,310000,310000,3720000
R002925,2024-09-01,C0088,P002,Recurring,310000,0,310000,310000,3720000
R002926,2024-10-01,C0088,P002,Recurring,310000,0,310000,310000,3720000
R002927,2024-11-01,C0088,P002,Recurring,310000,0,310000,310000,3720000
R002928,2024-12-01,C0088,P002,Recurring,310000,0,310000,310000,3720000
R002929,2025-01-01,C0088,P002,Recurring,310000,0,310000,310000,3720000
R002930,2025-02-01,C0088,P002,Recurring,310000,0,310000,310000,3720000
R002931,2025-03-01,C0088,P002,Recurring,310000,0,310000,310000,3720000
R002932,2025-04-01,C0088,P002,Recurring,310000,0,310000,310000,3720000
R002933,2025-05-01,C0088,P002,Recurring,310000,0,310000,310000,3720000
R002934,2025-06-01,C0088,P002,Recurring,310000,0,310000,310000,3720000
R002935,2025-07-01,C0088,P002,Recurring,310000,0,310000,310000,3720000
R002936,2025-08-01,C0088,P002,Recurring,310000,0,310000,310000,3720000
R002937,2025-09-01,C0088,P002,Recurring,310000,0,310000,310000,3720000
R002938,2025-10-01,C0088,P002,Recurring,310000,0,310000,310000,3720000
R002939,2025-11-01,C0088,P002,Recurring,310000,0,310000,310000,3720000
R002940,2025-12-01,C0088,P002,Recurring,310000,0,310000,310000,3720000
R002941,2023-01-01,C0089,P002,Recurring,480000,0,480000,480000,5760000
R002942,2023-02-01,C0089,P002,Recurring,480000,0,480000,480000,5760000
R002943,2023-03-01,C0089,P002,Expansion,480000,35000,515000,515000,6180000
R002944,2023-04-01,C0089,P002,Recurring,515000,0,515000,515000,6180000
R002945,2023-05-01,C0089,P002,Recurring,515000,0,515000,515000,6180000
R002946,2023-06-01,C0089,P002,Recurring,515000,0,515000,515000,6180000
R002947,2023-07-01,C0089,P002,Recurring,515000,0,515000,515000,6180000
R002948,2023-08-01,C0089,P002,Recurring,515000,0,515000,515000,6180000
R002949,2023-09-01,C0089,P002,Recurring,515000,0,515000,515000,6180000
R002950,2023-10-01,C0089,P002,Recurring,515000,0,515000,515000,6180000
R002951,2023-11-01,C0089,P002,Recurring,515000,0,515000,515000,6180000
R002952,2023-12-01,C0089,P002,Recurring,515000,0,515000,515000,6180000
R002953,2024-01-01,C0089,P002,Recurring,515000,0,515000,515000,6180000
R002954,2024-02-01,C0089,P002,Recurring,515000,0,515000,515000,6180000
R002955,2024-03-01,C0089,P002,Recurring,515000,0,515000,515000,6180000
R002956,2024-04-01,C0089,P002,Recurring,515000,0,515000,515000,6180000
R002957,2024-05-01,C0089,P002,Recurring,515000,0,515000,515000,6180000
R002958,2024-06-01,C0089,P002,Recurring,515000,0,515000,515000,6180000
R002959,2024-07-01,C0089,P002,Recurring,515000,0,515000,515000,6180000
R002960,2024-08-01,C0089,P002,Recurring,515000,0,515000,515000,6180000
R002961,2024-09-01,C0089,P002,Recurring,515000,0,515000,515000,6180000
R002962,2024-10-01,C0089,P002,Recurring,515000,0,515000,515000,6180000
R002963,2024-11-01,C0089,P002,Recurring,515000,0,515000,515000,6180000
R002964,2024-12-01,C0089,P002,Recurring,515000,0,515000,515000,6180000
R002965,2025-01-01,C0089,P002,Recurring,515000,0,515000,515000,6180000
R002966,2025-02-01,C0089,P002,Recurring,515000,0,515000,515000,6180000
R002967,2025-03-01,C0089,P002,Recurring,515000,0,515000,515000,6180000
R002968,2025-04-01,C0089,P002,Recurring,515000,0,515000,515000,6180000
R002969,2025-05-01,C0089,P002,Recurring,515000,0,515000,515000,6180000
R002970,2025-06-01,C0089,P002,Recurring,515000,0,515000,515000,6180000
R002971,2025-07-01,C0089,P002,Recurring,515000,0,515000,515000,6180000
R002972,2025-08-01,C0089,P002,Recurring,515000,0,515000,515000,6180000
R002973,2025-09-01,C0089,P002,Recurring,515000,0,515000,515000,6180000
R002974,2025-10-01,C0089,P002,Recurring,515000,0,515000,515000,6180000
R002975,2025-11-01,C0089,P002,Recurring,515000,0,515000,515000,6180000
R002976,2025-12-01,C0089,P002,Recurring,515000,0,515000,515000,6180000
R002977,2023-01-01,C0090,P002,Recurring,350000,0,350000,350000,4200000
R002978,2023-02-01,C0090,P002,Recurring,350000,0,350000,350000,4200000
R002979,2023-03-01,C0090,P002,Recurring,350000,0,350000,350000,4200000
R002980,2023-04-01,C0090,P002,Recurring,350000,0,350000,350000,4200000
R002981,2023-05-01,C0090,P002,Recurring,350000,0,350000,350000,4200000
R002982,2023-06-01,C0090,P002,Recurring,350000,0,350000,350000,4200000
R002983,2023-07-01,C0090,P002,Recurring,350000,0,350000,350000,4200000
R002984,2023-08-01,C0090,P002,Recurring,350000,0,350000,350000,4200000
R002985,2023-09-01,C0090,P002,Recurring,350000,0,350000,350000,4200000
R002986,2023-10-01,C0090,P002,Expansion,350000,45000,395000,395000,4740000
R002987,2023-11-01,C0090,P002,Recurring,395000,0,395000,395000,4740000
R002988,2023-12-01,C0090,P002,Recurring,395000,0,395000,395000,4740000
R002989,2024-01-01,C0090,P002,Recurring,395000,0,395000,395000,4740000
R002990,2024-02-01,C0090,P002,Recurring,395000,0,395000,395000,4740000
R002991,2024-03-01,C0090,P002,Recurring,395000,0,395000,395000,4740000
R002992,2024-04-01,C0090,P002,Recurring,395000,0,395000,395000,4740000
R002993,2024-05-01,C0090,P002,Recurring,395000,0,395000,395000,4740000
R002994,2024-06-01,C0090,P002,Recurring,395000,0,395000,395000,4740000
R002995,2024-07-01,C0090,P002,Recurring,395000,0,395000,395000,4740000
R002996,2024-08-01,C0090,P002,Recurring,395000,0,395000,395000,4740000
R002997,2024-09-01,C0090,P002,Recurring,395000,0,395000,395000,4740000
R002998,2024-10-01,C0090,P002,Recurring,395000,0,395000,395000,4740000
R002999,2024-11-01,C0090,P002,Recurring,395000,0,395000,395000,4740000
R003000,2024-12-01,C0090,P002,Recurring,395000,0,395000,395000,4740000
R003001,2025-01-01,C0090,P002,Recurring,395000,0,395000,395000,4740000
R003002,2025-02-01,C0090,P002,Recurring,395000,0,395000,395000,4740000
R003003,2025-03-01,C0090,P002,Recurring,395000,0,395000,395000,4740000
R003004,2025-04-01,C0090,P002,Recurring,395000,0,395000,395000,4740000
R003005,2025-05-01,C0090,P002,Recurring,395000,0,395000,395000,4740000
R003006,2025-06-01,C0090,P002,Recurring,395000,0,395000,395000,4740000
R003007,2025-07-01,C0090,P002,Recurring,395000,0,395000,395000,4740000
R003008,2025-08-01,C0090,P002,Recurring,395000,0,395000,395000,4740000
R003009,2025-09-01,C0090,P002,Recurring,395000,0,395000,395000,4740000
R003010,2025-10-01,C0090,P002,Recurring,395000,0,395000,395000,4740000
R003011,2025-11-01,C0090,P002,Recurring,395000,0,395000,395000,4740000
R003012,2025-12-01,C0090,P002,Recurring,395000,0,395000,395000,4740000
R003013,2023-01-01,C0091,P001,Recurring,95000,0,95000,95000,1140000
R003014,2023-02-01,C0091,P001,Recurring,95000,0,95000,95000,1140000
R003015,2023-03-01,C0091,P001,Recurring,95000,0,95000,95000,1140000
R003016,2023-04-01,C0091,P002,Upgrade,95000,155000,250000,250000,3000000
R003017,2023-05-01,C0091,P002,Recurring,250000,0,250000,250000,3000000
R003018,2023-06-01,C0091,P002,Recurring,250000,0,250000,250000,3000000
R003019,2023-07-01,C0091,P002,Recurring,250000,0,250000,250000,3000000
R003020,2023-08-01,C0091,P002,Recurring,250000,0,250000,250000,3000000
R003021,2023-09-01,C0091,P002,Recurring,250000,0,250000,250000,3000000
R003022,2023-10-01,C0091,P002,Recurring,250000,0,250000,250000,3000000
R003023,2023-11-01,C0091,P002,Recurring,250000,0,250000,250000,3000000
R003024,2023-12-01,C0091,P002,Recurring,250000,0,250000,250000,3000000
R003025,2024-01-01,C0091,P002,Recurring,250000,0,250000,250000,3000000
R003026,2024-02-01,C0091,P002,Recurring,250000,0,250000,250000,3000000
R003027,2024-03-01,C0091,P002,Recurring,250000,0,250000,250000,3000000
R003028,2024-04-01,C0091,P002,Recurring,250000,0,250000,250000,3000000
R003029,2024-05-01,C0091,P002,Recurring,250000,0,250000,250000,3000000
R003030,2024-06-01,C0091,P002,Recurring,250000,0,250000,250000,3000000
R003031,2024-07-01,C0091,P002,Recurring,250000,0,250000,250000,3000000
R003032,2024-08-01,C0091,P002,Recurring,250000,0,250000,250000,3000000
R003033,2024-09-01,C0091,P002,Recurring,250000,0,250000,250000,3000000
R003034,2024-10-01,C0091,P002,Recurring,250000,0,250000,250000,3000000
R003035,2024-11-01,C0091,P002,Recurring,250000,0,250000,250000,3000000
R003036,2024-12-01,C0091,P002,Recurring,250000,0,250000,250000,3000000
R003037,2025-01-01,C0091,P002,Recurring,250000,0,250000,250000,3000000
R003038,2025-02-01,C0091,P002,Recurring,250000,0,250000,250000,3000000
R003039,2025-03-01,C0091,P002,Recurring,250000,0,250000,250000,3000000
R003040,2025-04-01,C0091,P002,Recurring,250000,0,250000,250000,3000000
R003041,2025-05-01,C0091,P002,Recurring,250000,0,250000,250000,3000000
R003042,2025-06-01,C0091,P002,Recurring,250000,0,250000,250000,3000000
R003043,2025-07-01,C0091,P002,Recurring,250000,0,250000,250000,3000000
R003044,2025-08-01,C0091,P002,Recurring,250000,0,250000,250000,3000000
R003045,2025-09-01,C0091,P002,Recurring,250000,0,250000,250000,3000000
R003046,2025-10-01,C0091,P002,Recurring,250000,0,250000,250000,3000000
R003047,2025-11-01,C0091,P002,Recurring,250000,0,250000,250000,3000000
R003048,2025-12-01,C0091,P002,Recurring,250000,0,250000,250000,3000000
R003049,2023-01-01,C0092,P001,Recurring,95000,0,95000,95000,1140000
R003050,2023-02-01,C0092,P001,Recurring,95000,0,95000,95000,1140000
R003051,2023-03-01,C0092,P001,Recurring,95000,0,95000,95000,1140000
R003052,2023-04-01,C0092,P001,Recurring,95000,0,95000,95000,1140000
R003053,2023-05-01,C0092,P001,Recurring,95000,0,95000,95000,1140000
R003054,2023-06-01,C0092,P001,Recurring,95000,0,95000,95000,1140000
R003055,2023-07-01,C0092,P001,Recurring,95000,0,95000,95000,1140000
R003056,2023-08-01,C0092,P001,Recurring,95000,0,95000,95000,1140000
R003057,2023-09-01,C0092,P001,Recurring,95000,0,95000,95000,1140000
R003058,2023-10-01,C0092,P001,Recurring,95000,0,95000,95000,1140000
R003059,2023-11-01,C0092,P001,Recurring,95000,0,95000,95000,1140000
R003060,2023-12-01,C0092,P001,Recurring,95000,0,95000,95000,1140000
R003061,2024-01-01,C0092,P001,Recurring,95000,0,95000,95000,1140000
R003062,2024-02-01,C0092,P001,Recurring,95000,0,95000,95000,1140000
R003063,2024-03-01,C0092,P001,Recurring,95000,0,95000,95000,1140000
R003064,2024-04-01,C0092,P001,Recurring,95000,0,95000,95000,1140000
R003065,2024-05-01,C0092,P001,Recurring,95000,0,95000,95000,1140000
R003066,2024-06-01,C0092,P001,Recurring,95000,0,95000,95000,1140000
R003067,2024-07-01,C0092,P001,Recurring,95000,0,95000,95000,1140000
R003068,2023-01-01,C0093,P001,Recurring,115000,0,115000,115000,1380000
R003069,2023-02-01,C0093,P001,Recurring,115000,0,115000,115000,1380000
R003070,2023-03-01,C0093,P001,Recurring,115000,0,115000,115000,1380000
R003071,2023-04-01,C0093,P001,Recurring,115000,0,115000,115000,1380000
R003072,2023-05-01,C0093,P001,Recurring,115000,0,115000,115000,1380000
R003073,2023-06-01,C0093,P001,Recurring,115000,0,115000,115000,1380000
R003074,2023-07-01,C0093,P001,Recurring,115000,0,115000,115000,1380000
R003075,2023-08-01,C0093,P001,Recurring,115000,0,115000,115000,1380000
R003076,2023-09-01,C0093,P001,Recurring,115000,0,115000,115000,1380000
R003077,2023-10-01,C0093,P001,Recurring,115000,0,115000,115000,1380000
R003078,2023-11-01,C0093,P001,Recurring,115000,0,115000,115000,1380000
R003079,2023-12-01,C0093,P001,Recurring,115000,0,115000,115000,1380000
R003080,2024-01-01,C0093,P001,Recurring,115000,0,115000,115000,1380000
R003081,2024-02-01,C0093,P001,Recurring,115000,0,115000,115000,1380000
R003082,2024-03-01,C0093,P001,Recurring,115000,0,115000,115000,1380000
R003083,2024-04-01,C0093,P001,Recurring,115000,0,115000,115000,1380000
R003084,2024-05-01,C0093,P001,Recurring,115000,0,115000,115000,1380000
R003085,2024-06-01,C0093,P001,Recurring,115000,0,115000,115000,1380000
R003086,2024-07-01,C0093,P001,Recurring,115000,0,115000,115000,1380000
R003087,2024-08-01,C0093,P001,Recurring,115000,0,115000,115000,1380000
R003088,2024-09-01,C0093,P001,Recurring,115000,0,115000,115000,1380000
R003089,2024-10-01,C0093,P001,Recurring,115000,0,115000,115000,1380000
R003090,2024-11-01,C0093,P001,Recurring,115000,0,115000,115000,1380000
R003091,2024-12-01,C0093,P001,Recurring,115000,0,115000,115000,1380000
R003092,2025-01-01,C0093,P001,Recurring,115000,0,115000,115000,1380000
R003093,2025-02-01,C0093,P001,Recurring,115000,0,115000,115000,1380000
R003094,2025-03-01,C0093,P001,Recurring,115000,0,115000,115000,1380000
R003095,2025-04-01,C0093,P001,Recurring,115000,0,115000,115000,1380000
R003096,2025-05-01,C0093,P001,Recurring,115000,0,115000,115000,1380000
R003097,2025-06-01,C0093,P001,Recurring,115000,0,115000,115000,1380000
R003098,2025-07-01,C0093,P001,Recurring,115000,0,115000,115000,1380000
R003099,2025-08-01,C0093,P001,Recurring,115000,0,115000,115000,1380000
R003100,2025-09-01,C0093,P001,Recurring,115000,0,115000,115000,1380000
R003101,2025-10-01,C0093,P001,Recurring,115000,0,115000,115000,1380000
R003102,2025-11-01,C0093,P001,Recurring,115000,0,115000,115000,1380000
R003103,2025-12-01,C0093,P001,Recurring,115000,0,115000,115000,1380000
R003104,2023-01-01,C0094,P001,Recurring,165000,0,165000,165000,1980000
R003105,2023-02-01,C0094,P001,Recurring,165000,0,165000,165000,1980000
R003106,2023-03-01,C0094,P001,Recurring,165000,0,165000,165000,1980000
R003107,2023-04-01,C0094,P001,Recurring,165000,0,165000,165000,1980000
R003108,2023-05-01,C0094,P001,Recurring,165000,0,165000,165000,1980000
R003109,2023-06-01,C0094,P001,Recurring,165000,0,165000,165000,1980000
R003110,2023-07-01,C0094,P001,Recurring,165000,0,165000,165000,1980000
R003111,2023-08-01,C0094,P001,Recurring,165000,0,165000,165000,1980000
R003112,2023-09-01,C0094,P001,Recurring,165000,0,165000,165000,1980000
R003113,2023-10-01,C0094,P001,Recurring,165000,0,165000,165000,1980000
R003114,2023-11-01,C0094,P001,Recurring,165000,0,165000,165000,1980000
R003115,2023-12-01,C0094,P001,Recurring,165000,0,165000,165000,1980000
R003116,2024-01-01,C0094,P001,Recurring,165000,0,165000,165000,1980000
R003117,2024-02-01,C0094,P001,Recurring,165000,0,165000,165000,1980000
R003118,2024-03-01,C0094,P001,Recurring,165000,0,165000,165000,1980000
R003119,2024-04-01,C0094,P001,Recurring,165000,0,165000,165000,1980000
R003120,2024-05-01,C0094,P001,Recurring,165000,0,165000,165000,1980000
R003121,2024-06-01,C0094,P001,Recurring,165000,0,165000,165000,1980000
R003122,2024-07-01,C0094,P001,Recurring,165000,0,165000,165000,1980000
R003123,2024-08-01,C0094,P001,Recurring,165000,0,165000,165000,1980000
R003124,2024-09-01,C0094,P001,Recurring,165000,0,165000,165000,1980000
R003125,2024-10-01,C0094,P001,Recurring,165000,0,165000,165000,1980000
R003126,2024-11-01,C0094,P001,Recurring,165000,0,165000,165000,1980000
R003127,2024-12-01,C0094,P001,Recurring,165000,0,165000,165000,1980000
R003128,2025-01-01,C0094,P001,Recurring,165000,0,165000,165000,1980000
R003129,2025-02-01,C0094,P001,Recurring,165000,0,165000,165000,1980000
R003130,2025-03-01,C0094,P001,Recurring,165000,0,165000,165000,1980000
R003131,2025-04-01,C0094,P001,Recurring,165000,0,165000,165000,1980000
R003132,2025-05-01,C0094,P001,Recurring,165000,0,165000,165000,1980000
R003133,2025-06-01,C0094,P001,Recurring,165000,0,165000,165000,1980000
R003134,2025-07-01,C0094,P001,Recurring,165000,0,165000,165000,1980000
R003135,2025-08-01,C0094,P001,Recurring,165000,0,165000,165000,1980000
R003136,2025-09-01,C0094,P001,Recurring,165000,0,165000,165000,1980000
R003137,2025-10-01,C0094,P001,Recurring,165000,0,165000,165000,1980000
R003138,2025-11-01,C0094,P001,Recurring,165000,0,165000,165000,1980000
R003139,2025-12-01,C0094,P001,Recurring,165000,0,165000,165000,1980000
R003140,2023-01-01,C0095,P001,Recurring,130000,0,130000,130000,1560000
R003141,2023-02-01,C0095,P001,Recurring,130000,0,130000,130000,1560000
R003142,2023-03-01,C0095,P001,Recurring,130000,0,130000,130000,1560000
R003143,2023-04-01,C0095,P001,Recurring,130000,0,130000,130000,1560000
R003144,2023-05-01,C0095,P001,Recurring,130000,0,130000,130000,1560000
R003145,2023-06-01,C0095,P001,Recurring,130000,0,130000,130000,1560000
R003146,2023-07-01,C0095,P001,Recurring,130000,0,130000,130000,1560000
R003147,2023-08-01,C0095,P001,Recurring,130000,0,130000,130000,1560000
R003148,2023-09-01,C0095,P001,Expansion,130000,10000,140000,140000,1680000
R003149,2023-10-01,C0095,P001,Recurring,140000,0,140000,140000,1680000
R003150,2023-11-01,C0095,P001,Recurring,140000,0,140000,140000,1680000
R003151,2023-12-01,C0095,P001,Recurring,140000,0,140000,140000,1680000
R003152,2024-01-01,C0095,P001,Recurring,140000,0,140000,140000,1680000
R003153,2024-02-01,C0095,P001,Recurring,140000,0,140000,140000,1680000
R003154,2024-03-01,C0095,P001,Recurring,140000,0,140000,140000,1680000
R003155,2024-04-01,C0095,P001,Recurring,140000,0,140000,140000,1680000
R003156,2024-05-01,C0095,P002,Upgrade,140000,140000,280000,280000,3360000
R003157,2024-06-01,C0095,P002,Recurring,280000,0,280000,280000,3360000
R003158,2024-07-01,C0095,P002,Recurring,280000,0,280000,280000,3360000
R003159,2024-08-01,C0095,P002,Recurring,280000,0,280000,280000,3360000
R003160,2024-09-01,C0095,P002,Recurring,280000,0,280000,280000,3360000
R003161,2024-10-01,C0095,P002,Recurring,280000,0,280000,280000,3360000
R003162,2024-11-01,C0095,P002,Expansion,280000,20000,300000,300000,3600000
R003163,2024-12-01,C0095,P002,Recurring,300000,0,300000,300000,3600000
R003164,2025-01-01,C0095,P002,Recurring,300000,0,300000,300000,3600000
R003165,2025-02-01,C0095,P002,Recurring,300000,0,300000,300000,3600000
R003166,2025-03-01,C0095,P002,Recurring,300000,0,300000,300000,3600000
R003167,2025-04-01,C0095,P002,Recurring,300000,0,300000,300000,3600000
R003168,2025-05-01,C0095,P002,Recurring,300000,0,300000,300000,3600000
R003169,2025-06-01,C0095,P002,Recurring,300000,0,300000,300000,3600000
R003170,2025-07-01,C0095,P002,Recurring,300000,0,300000,300000,3600000
R003171,2025-08-01,C0095,P002,Recurring,300000,0,300000,300000,3600000
R003172,2025-09-01,C0095,P002,Recurring,300000,0,300000,300000,3600000
R003173,2025-10-01,C0095,P002,Recurring,300000,0,300000,300000,3600000
R003174,2025-11-01,C0095,P002,Recurring,300000,0,300000,300000,3600000
R003175,2025-12-01,C0095,P002,Recurring,300000,0,300000,300000,3600000
R003176,2023-01-01,C0096,P001,Recurring,155000,0,155000,155000,1860000
R003177,2023-02-01,C0096,P001,Recurring,155000,0,155000,155000,1860000
R003178,2023-03-01,C0096,P001,Recurring,155000,0,155000,155000,1860000
R003179,2023-04-01,C0096,P001,Recurring,155000,0,155000,155000,1860000
R003180,2023-05-01,C0096,P001,Recurring,155000,0,155000,155000,1860000
R003181,2023-06-01,C0096,P001,Recurring,155000,0,155000,155000,1860000
R003182,2023-07-01,C0096,P001,Recurring,155000,0,155000,155000,1860000
R003183,2023-08-01,C0096,P001,Recurring,155000,0,155000,155000,1860000
R003184,2023-09-01,C0096,P001,Recurring,155000,0,155000,155000,1860000
R003185,2023-10-01,C0096,P001,Recurring,155000,0,155000,155000,1860000
R003186,2023-11-01,C0096,P001,Recurring,155000,0,155000,155000,1860000
R003187,2023-12-01,C0096,P001,Recurring,155000,0,155000,155000,1860000
R003188,2024-01-01,C0096,P001,Recurring,155000,0,155000,155000,1860000
R003189,2024-02-01,C0096,P001,Recurring,155000,0,155000,155000,1860000
R003190,2024-03-01,C0096,P001,Recurring,155000,0,155000,155000,1860000
R003191,2024-04-01,C0096,P001,Recurring,155000,0,155000,155000,1860000
R003192,2024-05-01,C0096,P001,Recurring,155000,0,155000,155000,1860000
R003193,2024-06-01,C0096,P001,Recurring,155000,0,155000,155000,1860000
R003194,2024-07-01,C0096,P001,Recurring,155000,0,155000,155000,1860000
R003195,2024-08-01,C0096,P001,Recurring,155000,0,155000,155000,1860000
R003196,2024-09-01,C0096,P001,Recurring,155000,0,155000,155000,1860000
R003197,2024-10-01,C0096,P001,Recurring,155000,0,155000,155000,1860000
R003198,2024-11-01,C0096,P001,Recurring,155000,0,155000,155000,1860000
R003199,2024-12-01,C0096,P001,Recurring,155000,0,155000,155000,1860000
R003200,2025-01-01,C0096,P001,Recurring,155000,0,155000,155000,1860000
R003201,2025-02-01,C0096,P001,Recurring,155000,0,155000,155000,1860000
R003202,2025-03-01,C0096,P001,Recurring,155000,0,155000,155000,1860000
R003203,2025-04-01,C0096,P001,Recurring,155000,0,155000,155000,1860000
R003204,2025-05-01,C0096,P001,Recurring,155000,0,155000,155000,1860000
R003205,2025-06-01,C0096,P001,Recurring,155000,0,155000,155000,1860000
R003206,2025-07-01,C0096,P001,Recurring,155000,0,155000,155000,1860000
R003207,2025-08-01,C0096,P001,Recurring,155000,0,155000,155000,1860000
R003208,2025-09-01,C0096,P001,Recurring,155000,0,155000,155000,1860000
R003209,2025-10-01,C0096,P001,Recurring,155000,0,155000,155000,1860000
R003210,2025-11-01,C0096,P001,Recurring,155000,0,155000,155000,1860000
R003211,2025-12-01,C0096,P001,Recurring,155000,0,155000,155000,1860000
R003212,2023-01-01,C0097,P001,New,0,165000,165000,165000,1980000
R003213,2023-02-01,C0097,P001,Recurring,165000,0,165000,165000,1980000
R003214,2023-03-01,C0097,P001,Recurring,165000,0,165000,165000,1980000
R003215,2023-04-01,C0097,P001,Recurring,165000,0,165000,165000,1980000
R003216,2023-05-01,C0097,P001,Recurring,165000,0,165000,165000,1980000
R003217,2023-06-01,C0097,P001,Recurring,165000,0,165000,165000,1980000
R003218,2023-07-01,C0097,P001,Recurring,165000,0,165000,165000,1980000
R003219,2023-08-01,C0097,P001,Recurring,165000,0,165000,165000,1980000
R003220,2023-09-01,C0097,P001,Recurring,165000,0,165000,165000,1980000
R003221,2023-10-01,C0097,P001,Recurring,165000,0,165000,165000,1980000
R003222,2023-11-01,C0097,P001,Recurring,165000,0,165000,165000,1980000
R003223,2023-12-01,C0097,P001,Recurring,165000,0,165000,165000,1980000
R003224,2024-01-01,C0097,P001,Recurring,165000,0,165000,165000,1980000
R003225,2023-01-01,C0098,P001,New,0,125000,125000,125000,1500000
R003226,2023-02-01,C0098,P001,Recurring,125000,0,125000,125000,1500000
R003227,2023-03-01,C0098,P001,Recurring,125000,0,125000,125000,1500000
R003228,2023-04-01,C0098,P001,Recurring,125000,0,125000,125000,1500000
R003229,2023-05-01,C0098,P001,Recurring,125000,0,125000,125000,1500000
R003230,2023-06-01,C0098,P001,Recurring,125000,0,125000,125000,1500000
R003231,2023-07-01,C0098,P001,Recurring,125000,0,125000,125000,1500000
R003232,2023-08-01,C0098,P001,Recurring,125000,0,125000,125000,1500000
R003233,2023-09-01,C0098,P001,Recurring,125000,0,125000,125000,1500000
R003234,2023-10-01,C0098,P001,Recurring,125000,0,125000,125000,1500000
R003235,2023-11-01,C0098,P001,Recurring,125000,0,125000,125000,1500000
R003236,2023-12-01,C0098,P001,Recurring,125000,0,125000,125000,1500000
R003237,2024-01-01,C0098,P001,Recurring,125000,0,125000,125000,1500000
R003238,2024-02-01,C0098,P001,Recurring,125000,0,125000,125000,1500000
R003239,2024-03-01,C0098,P002,Upgrade,125000,125000,250000,250000,3000000
R003240,2024-04-01,C0098,P002,Recurring,250000,0,250000,250000,3000000
R003241,2024-05-01,C0098,P002,Recurring,250000,0,250000,250000,3000000
R003242,2024-06-01,C0098,P002,Recurring,250000,0,250000,250000,3000000
R003243,2024-07-01,C0098,P002,Recurring,250000,0,250000,250000,3000000
R003244,2024-08-01,C0098,P002,Recurring,250000,0,250000,250000,3000000
R003245,2024-09-01,C0098,P002,Recurring,250000,0,250000,250000,3000000
R003246,2024-10-01,C0098,P002,Recurring,250000,0,250000,250000,3000000
R003247,2024-11-01,C0098,P002,Recurring,250000,0,250000,250000,3000000
R003248,2024-12-01,C0098,P002,Recurring,250000,0,250000,250000,3000000
R003249,2025-01-01,C0098,P002,Recurring,250000,0,250000,250000,3000000
R003250,2025-02-01,C0098,P002,Recurring,250000,0,250000,250000,3000000
R003251,2025-03-01,C0098,P002,Recurring,250000,0,250000,250000,3000000
R003252,2025-04-01,C0098,P002,Recurring,250000,0,250000,250000,3000000
R003253,2025-05-01,C0098,P002,Recurring,250000,0,250000,250000,3000000
R003254,2025-06-01,C0098,P002,Recurring,250000,0,250000,250000,3000000
R003255,2025-07-01,C0098,P002,Recurring,250000,0,250000,250000,3000000
R003256,2025-08-01,C0098,P002,Recurring,250000,0,250000,250000,3000000
R003257,2025-09-01,C0098,P002,Recurring,250000,0,250000,250000,3000000
R003258,2025-10-01,C0098,P002,Recurring,250000,0,250000,250000,3000000
R003259,2025-11-01,C0098,P002,Recurring,250000,0,250000,250000,3000000
R003260,2025-12-01,C0098,P002,Recurring,250000,0,250000,250000,3000000
R003261,2023-01-01,C0099,P002,New,0,290000,290000,290000,3480000
R003262,2023-02-01,C0099,P002,Recurring,290000,0,290000,290000,3480000
R003263,2023-03-01,C0099,P002,Recurring,290000,0,290000,290000,3480000
R003264,2023-04-01,C0099,P002,Recurring,290000,0,290000,290000,3480000
R003265,2023-05-01,C0099,P002,Recurring,290000,0,290000,290000,3480000
R003266,2023-06-01,C0099,P002,Recurring,290000,0,290000,290000,3480000
R003267,2023-07-01,C0099,P002,Recurring,290000,0,290000,290000,3480000
R003268,2023-08-01,C0099,P002,Recurring,290000,0,290000,290000,3480000
R003269,2023-09-01,C0099,P002,Recurring,290000,0,290000,290000,3480000
R003270,2023-10-01,C0099,P002,Recurring,290000,0,290000,290000,3480000
R003271,2023-11-01,C0099,P002,Recurring,290000,0,290000,290000,3480000
R003272,2023-12-01,C0099,P002,Recurring,290000,0,290000,290000,3480000
R003273,2024-01-01,C0099,P002,Recurring,290000,0,290000,290000,3480000
R003274,2024-02-01,C0099,P002,Recurring,290000,0,290000,290000,3480000
R003275,2024-03-01,C0099,P002,Recurring,290000,0,290000,290000,3480000
R003276,2024-04-01,C0099,P002,Recurring,290000,0,290000,290000,3480000
R003277,2024-07-01,C0099,P002,Reactivation,0,290000,290000,290000,3480000
R003278,2024-08-01,C0099,P002,Recurring,290000,0,290000,290000,3480000
R003279,2024-09-01,C0099,P002,Recurring,290000,0,290000,290000,3480000
R003280,2024-10-01,C0099,P002,Recurring,290000,0,290000,290000,3480000
R003281,2024-11-01,C0099,P002,Recurring,290000,0,290000,290000,3480000
R003282,2024-12-01,C0099,P002,Recurring,290000,0,290000,290000,3480000
R003283,2025-01-01,C0099,P002,Recurring,290000,0,290000,290000,3480000
R003284,2025-02-01,C0099,P002,Recurring,290000,0,290000,290000,3480000
R003285,2025-03-01,C0099,P002,Recurring,290000,0,290000,290000,3480000
R003286,2025-04-01,C0099,P002,Expansion,290000,35000,325000,325000,3900000
R003287,2025-05-01,C0099,P002,Recurring,325000,0,325000,325000,3900000
R003288,2025-06-01,C0099,P002,Recurring,325000,0,325000,325000,3900000
R003289,2025-07-01,C0099,P002,Recurring,325000,0,325000,325000,3900000
R003290,2025-08-01,C0099,P002,Recurring,325000,0,325000,325000,3900000
R003291,2025-09-01,C0099,P002,Recurring,325000,0,325000,325000,3900000
R003292,2025-10-01,C0099,P002,Recurring,325000,0,325000,325000,3900000
R003293,2025-11-01,C0099,P002,Recurring,325000,0,325000,325000,3900000
R003294,2025-12-01,C0099,P002,Recurring,325000,0,325000,325000,3900000
R003295,2023-01-01,C0100,P001,New,0,90000,90000,90000,1080000
R003296,2023-02-01,C0100,P001,Recurring,90000,0,90000,90000,1080000
R003297,2023-03-01,C0100,P001,Recurring,90000,0,90000,90000,1080000
R003298,2023-04-01,C0100,P001,Recurring,90000,0,90000,90000,1080000
R003299,2023-05-01,C0100,P001,Recurring,90000,0,90000,90000,1080000
R003300,2023-06-01,C0100,P001,Recurring,90000,0,90000,90000,1080000
R003301,2023-07-01,C0100,P001,Recurring,90000,0,90000,90000,1080000
R003302,2023-08-01,C0100,P001,Recurring,90000,0,90000,90000,1080000
R003303,2023-09-01,C0100,P001,Recurring,90000,0,90000,90000,1080000
R003304,2023-10-01,C0100,P001,Recurring,90000,0,90000,90000,1080000
R003305,2023-11-01,C0100,P001,Recurring,90000,0,90000,90000,1080000
R003306,2023-12-01,C0100,P001,Recurring,90000,0,90000,90000,1080000
R003307,2024-01-01,C0100,P001,Recurring,90000,0,90000,90000,1080000
R003308,2024-02-01,C0100,P001,Recurring,90000,0,90000,90000,1080000
R003309,2024-03-01,C0100,P001,Recurring,90000,0,90000,90000,1080000
R003310,2024-04-01,C0100,P001,Recurring,90000,0,90000,90000,1080000
R003311,2024-05-01,C0100,P002,Upgrade,90000,160000,250000,250000,3000000
R003312,2024-06-01,C0100,P002,Recurring,250000,0,250000,250000,3000000
R003313,2024-07-01,C0100,P002,Recurring,250000,0,250000,250000,3000000
R003314,2024-08-01,C0100,P002,Recurring,250000,0,250000,250000,3000000
R003315,2024-09-01,C0100,P002,Recurring,250000,0,250000,250000,3000000
R003316,2024-10-01,C0100,P002,Recurring,250000,0,250000,250000,3000000
R003317,2024-11-01,C0100,P002,Recurring,250000,0,250000,250000,3000000
R003318,2024-12-01,C0100,P002,Recurring,250000,0,250000,250000,3000000
R003319,2025-01-01,C0100,P002,Recurring,250000,0,250000,250000,3000000
R003320,2025-02-01,C0100,P002,Recurring,250000,0,250000,250000,3000000
R003321,2025-03-01,C0100,P002,Recurring,250000,0,250000,250000,3000000
R003322,2025-04-01,C0100,P002,Recurring,250000,0,250000,250000,3000000
R003323,2025-05-01,C0100,P002,Expansion,250000,25000,275000,275000,3300000
R003324,2025-06-01,C0100,P002,Recurring,275000,0,275000,275000,3300000
R003325,2025-07-01,C0100,P002,Recurring,275000,0,275000,275000,3300000
R003326,2025-08-01,C0100,P002,Recurring,275000,0,275000,275000,3300000
R003327,2025-09-01,C0100,P002,Recurring,275000,0,275000,275000,3300000
R003328,2025-10-01,C0100,P002,Recurring,275000,0,275000,275000,3300000
R003329,2025-11-01,C0100,P002,Recurring,275000,0,275000,275000,3300000
R003330,2025-12-01,C0100,P002,Recurring,275000,0,275000,275000,3300000
R003331,2023-01-01,C0101,P001,New,0,170000,170000,170000,2040000
R003332,2023-02-01,C0101,P001,Recurring,170000,0,170000,170000,2040000
R003333,2023-03-01,C0101,P001,Recurring,170000,0,170000,170000,2040000
R003334,2023-04-01,C0101,P001,Recurring,170000,0,170000,170000,2040000
R003335,2023-05-01,C0101,P001,Recurring,170000,0,170000,170000,2040000
R003336,2023-06-01,C0101,P001,Recurring,170000,0,170000,170000,2040000
R003337,2023-07-01,C0101,P001,Recurring,170000,0,170000,170000,2040000
R003338,2023-08-01,C0101,P001,Recurring,170000,0,170000,170000,2040000
R003339,2023-09-01,C0101,P001,Recurring,170000,0,170000,170000,2040000
R003340,2023-10-01,C0101,P001,Expansion,170000,25000,195000,195000,2340000
R003341,2023-11-01,C0101,P001,Recurring,195000,0,195000,195000,2340000
R003342,2023-12-01,C0101,P001,Recurring,195000,0,195000,195000,2340000
R003343,2024-01-01,C0101,P001,Recurring,195000,0,195000,195000,2340000
R003344,2024-02-01,C0101,P001,Recurring,195000,0,195000,195000,2340000
R003345,2024-03-01,C0101,P001,Recurring,195000,0,195000,195000,2340000
R003346,2024-04-01,C0101,P001,Recurring,195000,0,195000,195000,2340000
R003347,2024-05-01,C0101,P001,Recurring,195000,0,195000,195000,2340000
R003348,2024-06-01,C0101,P001,Recurring,195000,0,195000,195000,2340000
R003349,2024-09-01,C0101,P001,Reactivation,0,195000,195000,195000,2340000
R003350,2024-10-01,C0101,P001,Recurring,195000,0,195000,195000,2340000
R003351,2024-11-01,C0101,P001,Recurring,195000,0,195000,195000,2340000
R003352,2024-12-01,C0101,P001,Recurring,195000,0,195000,195000,2340000
R003353,2025-01-01,C0101,P001,Recurring,195000,0,195000,195000,2340000
R003354,2025-02-01,C0101,P001,Recurring,195000,0,195000,195000,2340000
R003355,2025-03-01,C0101,P001,Recurring,195000,0,195000,195000,2340000
R003356,2025-04-01,C0101,P001,Recurring,195000,0,195000,195000,2340000
R003357,2025-05-01,C0101,P001,Recurring,195000,0,195000,195000,2340000
R003358,2025-06-01,C0101,P001,Recurring,195000,0,195000,195000,2340000
R003359,2025-07-01,C0101,P001,Recurring,195000,0,195000,195000,2340000
R003360,2025-08-01,C0101,P001,Recurring,195000,0,195000,195000,2340000
R003361,2025-09-01,C0101,P001,Recurring,195000,0,195000,195000,2340000
R003362,2025-10-01,C0101,P001,Recurring,195000,0,195000,195000,2340000
R003363,2025-11-01,C0101,P001,Recurring,195000,0,195000,195000,2340000
R003364,2025-12-01,C0101,P001,Recurring,195000,0,195000,195000,2340000
R003365,2023-01-01,C0102,P001,New,0,120000,120000,120000,1440000
R003366,2023-02-01,C0102,P001,Recurring,120000,0,120000,120000,1440000
R003367,2023-03-01,C0102,P001,Recurring,120000,0,120000,120000,1440000
R003368,2023-04-01,C0102,P001,Recurring,120000,0,120000,120000,1440000
R003369,2023-05-01,C0102,P001,Recurring,120000,0,120000,120000,1440000
R003370,2023-06-01,C0102,P001,Recurring,120000,0,120000,120000,1440000
R003371,2023-07-01,C0102,P001,Recurring,120000,0,120000,120000,1440000
R003372,2023-08-01,C0102,P001,Recurring,120000,0,120000,120000,1440000
R003373,2023-09-01,C0102,P001,Recurring,120000,0,120000,120000,1440000
R003374,2023-10-01,C0102,P001,Recurring,120000,0,120000,120000,1440000
R003375,2023-11-01,C0102,P001,Recurring,120000,0,120000,120000,1440000
R003376,2023-12-01,C0102,P001,Recurring,120000,0,120000,120000,1440000
R003377,2024-01-01,C0102,P001,Recurring,120000,0,120000,120000,1440000
R003378,2024-02-01,C0102,P001,Recurring,120000,0,120000,120000,1440000
R003379,2024-03-01,C0102,P001,Recurring,120000,0,120000,120000,1440000
R003380,2024-04-01,C0102,P001,Recurring,120000,0,120000,120000,1440000
R003381,2024-05-01,C0102,P001,Recurring,120000,0,120000,120000,1440000
R003382,2024-06-01,C0102,P001,Recurring,120000,0,120000,120000,1440000
R003383,2024-07-01,C0102,P001,Recurring,120000,0,120000,120000,1440000
R003384,2024-08-01,C0102,P001,Recurring,120000,0,120000,120000,1440000
R003385,2024-09-01,C0102,P001,Recurring,120000,0,120000,120000,1440000
R003386,2024-10-01,C0102,P001,Recurring,120000,0,120000,120000,1440000
R003387,2024-11-01,C0102,P001,Recurring,120000,0,120000,120000,1440000
R003388,2024-12-01,C0102,P001,Recurring,120000,0,120000,120000,1440000
R003389,2025-01-01,C0102,P001,Recurring,120000,0,120000,120000,1440000
R003390,2025-02-01,C0102,P001,Recurring,120000,0,120000,120000,1440000
R003391,2025-03-01,C0102,P001,Recurring,120000,0,120000,120000,1440000
R003392,2025-04-01,C0102,P001,Recurring,120000,0,120000,120000,1440000
R003393,2025-05-01,C0102,P001,Recurring,120000,0,120000,120000,1440000
R003394,2025-06-01,C0102,P001,Recurring,120000,0,120000,120000,1440000
R003395,2025-07-01,C0102,P001,Recurring,120000,0,120000,120000,1440000
R003396,2025-08-01,C0102,P001,Recurring,120000,0,120000,120000,1440000
R003397,2025-09-01,C0102,P001,Recurring,120000,0,120000,120000,1440000
R003398,2025-10-01,C0102,P001,Recurring,120000,0,120000,120000,1440000
R003399,2025-11-01,C0102,P001,Recurring,120000,0,120000,120000,1440000
R003400,2025-12-01,C0102,P001,Recurring,120000,0,120000,120000,1440000
R003401,2023-01-01,C0103,P001,New,0,115000,115000,115000,1380000
R003402,2023-02-01,C0103,P001,Recurring,115000,0,115000,115000,1380000
R003403,2023-03-01,C0103,P001,Recurring,115000,0,115000,115000,1380000
R003404,2023-04-01,C0103,P001,Recurring,115000,0,115000,115000,1380000
R003405,2023-05-01,C0103,P001,Recurring,115000,0,115000,115000,1380000
R003406,2023-06-01,C0103,P001,Recurring,115000,0,115000,115000,1380000
R003407,2023-07-01,C0103,P001,Recurring,115000,0,115000,115000,1380000
R003408,2023-08-01,C0103,P001,Recurring,115000,0,115000,115000,1380000
R003409,2023-09-01,C0103,P001,Recurring,115000,0,115000,115000,1380000
R003410,2023-10-01,C0103,P001,Recurring,115000,0,115000,115000,1380000
R003411,2023-11-01,C0103,P001,Recurring,115000,0,115000,115000,1380000
R003412,2023-12-01,C0103,P001,Recurring,115000,0,115000,115000,1380000
R003413,2024-01-01,C0103,P001,Recurring,115000,0,115000,115000,1380000
R003414,2024-02-01,C0103,P001,Recurring,115000,0,115000,115000,1380000
R003415,2024-03-01,C0103,P001,Recurring,115000,0,115000,115000,1380000
R003416,2024-04-01,C0103,P001,Recurring,115000,0,115000,115000,1380000
R003417,2024-05-01,C0103,P001,Recurring,115000,0,115000,115000,1380000
R003418,2024-06-01,C0103,P001,Recurring,115000,0,115000,115000,1380000
R003419,2024-07-01,C0103,P001,Recurring,115000,0,115000,115000,1380000
R003420,2024-08-01,C0103,P001,Recurring,115000,0,115000,115000,1380000
R003421,2024-09-01,C0103,P001,Recurring,115000,0,115000,115000,1380000
R003422,2024-10-01,C0103,P001,Recurring,115000,0,115000,115000,1380000
R003423,2024-11-01,C0103,P001,Recurring,115000,0,115000,115000,1380000
R003424,2024-12-01,C0103,P001,Recurring,115000,0,115000,115000,1380000
R003425,2025-01-01,C0103,P001,Recurring,115000,0,115000,115000,1380000
R003426,2025-02-01,C0103,P001,Recurring,115000,0,115000,115000,1380000
R003427,2025-03-01,C0103,P001,Recurring,115000,0,115000,115000,1380000
R003428,2025-04-01,C0103,P001,Recurring,115000,0,115000,115000,1380000
R003429,2025-05-01,C0103,P001,Recurring,115000,0,115000,115000,1380000
R003430,2025-06-01,C0103,P001,Recurring,115000,0,115000,115000,1380000
R003431,2025-07-01,C0103,P001,Recurring,115000,0,115000,115000,1380000
R003432,2025-08-01,C0103,P001,Recurring,115000,0,115000,115000,1380000
R003433,2025-09-01,C0103,P001,Recurring,115000,0,115000,115000,1380000
R003434,2025-10-01,C0103,P001,Recurring,115000,0,115000,115000,1380000
R003435,2025-11-01,C0103,P001,Recurring,115000,0,115000,115000,1380000
R003436,2025-12-01,C0103,P001,Recurring,115000,0,115000,115000,1380000
R003437,2023-01-01,C0104,P001,New,0,100000,100000,100000,1200000
R003438,2023-02-01,C0104,P001,Recurring,100000,0,100000,100000,1200000
R003439,2023-03-01,C0104,P001,Recurring,100000,0,100000,100000,1200000
R003440,2023-04-01,C0104,P001,Recurring,100000,0,100000,100000,1200000
R003441,2023-05-01,C0104,P001,Recurring,100000,0,100000,100000,1200000
R003442,2023-06-01,C0104,P001,Recurring,100000,0,100000,100000,1200000
R003443,2023-07-01,C0104,P001,Recurring,100000,0,100000,100000,1200000
R003444,2023-08-01,C0104,P001,Recurring,100000,0,100000,100000,1200000
R003445,2023-09-01,C0104,P001,Recurring,100000,0,100000,100000,1200000
R003446,2023-10-01,C0104,P001,Recurring,100000,0,100000,100000,1200000
R003447,2023-11-01,C0104,P001,Recurring,100000,0,100000,100000,1200000
R003448,2023-12-01,C0104,P001,Recurring,100000,0,100000,100000,1200000
R003449,2024-01-01,C0104,P001,Recurring,100000,0,100000,100000,1200000
R003450,2024-02-01,C0104,P001,Recurring,100000,0,100000,100000,1200000
R003451,2024-03-01,C0104,P001,Recurring,100000,0,100000,100000,1200000
R003452,2024-04-01,C0104,P001,Recurring,100000,0,100000,100000,1200000
R003453,2024-05-01,C0104,P001,Recurring,100000,0,100000,100000,1200000
R003454,2024-06-01,C0104,P001,Recurring,100000,0,100000,100000,1200000
R003455,2024-07-01,C0104,P001,Expansion,100000,10000,110000,110000,1320000
R003456,2024-08-01,C0104,P001,Recurring,110000,0,110000,110000,1320000
R003457,2024-09-01,C0104,P001,Recurring,110000,0,110000,110000,1320000
R003458,2024-10-01,C0104,P001,Recurring,110000,0,110000,110000,1320000
R003459,2024-11-01,C0104,P001,Expansion,110000,10000,120000,120000,1440000
R003460,2024-12-01,C0104,P001,Recurring,120000,0,120000,120000,1440000
R003461,2025-01-01,C0104,P001,Recurring,120000,0,120000,120000,1440000
R003462,2025-02-01,C0104,P001,Recurring,120000,0,120000,120000,1440000
R003463,2025-03-01,C0104,P001,Recurring,120000,0,120000,120000,1440000
R003464,2025-04-01,C0104,P001,Recurring,120000,0,120000,120000,1440000
R003465,2025-05-01,C0104,P001,Recurring,120000,0,120000,120000,1440000
R003466,2025-06-01,C0104,P001,Recurring,120000,0,120000,120000,1440000
R003467,2025-07-01,C0104,P001,Recurring,120000,0,120000,120000,1440000
R003468,2025-08-01,C0104,P001,Recurring,120000,0,120000,120000,1440000
R003469,2025-09-01,C0104,P001,Recurring,120000,0,120000,120000,1440000
R003470,2025-10-01,C0104,P001,Recurring,120000,0,120000,120000,1440000
R003471,2025-11-01,C0104,P001,Recurring,120000,0,120000,120000,1440000
R003472,2025-12-01,C0104,P001,Recurring,120000,0,120000,120000,1440000
R003473,2023-02-01,C0105,P002,New,0,450000,450000,450000,5400000
R003474,2023-03-01,C0105,P002,Recurring,450000,0,450000,450000,5400000
R003475,2023-04-01,C0105,P002,Recurring,450000,0,450000,450000,5400000
R003476,2023-05-01,C0105,P002,Recurring,450000,0,450000,450000,5400000
R003477,2023-06-01,C0105,P002,Recurring,450000,0,450000,450000,5400000
R003478,2023-07-01,C0105,P002,Recurring,450000,0,450000,450000,5400000
R003479,2023-08-01,C0105,P002,Recurring,450000,0,450000,450000,5400000
R003480,2023-09-01,C0105,P002,Recurring,450000,0,450000,450000,5400000
R003481,2023-10-01,C0105,P002,Recurring,450000,0,450000,450000,5400000
R003482,2023-11-01,C0105,P002,Recurring,450000,0,450000,450000,5400000
R003483,2023-12-01,C0105,P002,Recurring,450000,0,450000,450000,5400000
R003484,2024-01-01,C0105,P002,Recurring,450000,0,450000,450000,5400000
R003485,2024-02-01,C0105,P002,Recurring,450000,0,450000,450000,5400000
R003486,2024-03-01,C0105,P002,Recurring,450000,0,450000,450000,5400000
R003487,2024-04-01,C0105,P002,Expansion,450000,70000,520000,520000,6240000
R003488,2024-05-01,C0105,P002,Recurring,520000,0,520000,520000,6240000
R003489,2024-06-01,C0105,P002,Recurring,520000,0,520000,520000,6240000
R003490,2024-07-01,C0105,P002,Recurring,520000,0,520000,520000,6240000
R003491,2024-08-01,C0105,P002,Recurring,520000,0,520000,520000,6240000
R003492,2024-09-01,C0105,P002,Recurring,520000,0,520000,520000,6240000
R003493,2024-10-01,C0105,P002,Recurring,520000,0,520000,520000,6240000
R003494,2024-11-01,C0105,P002,Recurring,520000,0,520000,520000,6240000
R003495,2024-12-01,C0105,P002,Recurring,520000,0,520000,520000,6240000
R003496,2025-01-01,C0105,P002,Recurring,520000,0,520000,520000,6240000
R003497,2025-02-01,C0105,P002,Recurring,520000,0,520000,520000,6240000
R003498,2025-03-01,C0105,P002,Recurring,520000,0,520000,520000,6240000
R003499,2025-04-01,C0105,P002,Recurring,520000,0,520000,520000,6240000
R003500,2025-05-01,C0105,P002,Recurring,520000,0,520000,520000,6240000
R003501,2025-06-01,C0105,P002,Recurring,520000,0,520000,520000,6240000
R003502,2025-07-01,C0105,P002,Recurring,520000,0,520000,520000,6240000
R003503,2025-08-01,C0105,P002,Recurring,520000,0,520000,520000,6240000
R003504,2025-09-01,C0105,P002,Recurring,520000,0,520000,520000,6240000
R003505,2025-10-01,C0105,P002,Recurring,520000,0,520000,520000,6240000
R003506,2025-11-01,C0105,P002,Recurring,520000,0,520000,520000,6240000
R003507,2025-12-01,C0105,P002,Recurring,520000,0,520000,520000,6240000
R003508,2023-02-01,C0106,P001,New,0,160000,160000,160000,1920000
R003509,2023-03-01,C0106,P001,Recurring,160000,0,160000,160000,1920000
R003510,2023-04-01,C0106,P001,Recurring,160000,0,160000,160000,1920000
R003511,2023-05-01,C0106,P001,Recurring,160000,0,160000,160000,1920000
R003512,2023-06-01,C0106,P001,Recurring,160000,0,160000,160000,1920000
R003513,2023-07-01,C0106,P001,Recurring,160000,0,160000,160000,1920000
R003514,2023-08-01,C0106,P001,Recurring,160000,0,160000,160000,1920000
R003515,2023-09-01,C0106,P001,Recurring,160000,0,160000,160000,1920000
R003516,2023-10-01,C0106,P001,Recurring,160000,0,160000,160000,1920000
R003517,2023-11-01,C0106,P001,Recurring,160000,0,160000,160000,1920000
R003518,2023-12-01,C0106,P001,Recurring,160000,0,160000,160000,1920000
R003519,2024-01-01,C0106,P001,Recurring,160000,0,160000,160000,1920000
R003520,2024-02-01,C0106,P002,Upgrade,160000,110000,270000,270000,3240000
R003521,2024-03-01,C0106,P002,Recurring,270000,0,270000,270000,3240000
R003522,2024-04-01,C0106,P002,Recurring,270000,0,270000,270000,3240000
R003523,2024-05-01,C0106,P002,Recurring,270000,0,270000,270000,3240000
R003524,2024-06-01,C0106,P002,Recurring,270000,0,270000,270000,3240000
R003525,2024-07-01,C0106,P002,Recurring,270000,0,270000,270000,3240000
R003526,2024-08-01,C0106,P002,Recurring,270000,0,270000,270000,3240000
R003527,2024-09-01,C0106,P002,Recurring,270000,0,270000,270000,3240000
R003528,2024-10-01,C0106,P002,Recurring,270000,0,270000,270000,3240000
R003529,2024-11-01,C0106,P002,Recurring,270000,0,270000,270000,3240000
R003530,2024-12-01,C0106,P002,Recurring,270000,0,270000,270000,3240000
R003531,2025-01-01,C0106,P002,Recurring,270000,0,270000,270000,3240000
R003532,2025-02-01,C0106,P002,Recurring,270000,0,270000,270000,3240000
R003533,2025-03-01,C0106,P002,Recurring,270000,0,270000,270000,3240000
R003534,2025-04-01,C0106,P002,Recurring,270000,0,270000,270000,3240000
R003535,2025-05-01,C0106,P002,Recurring,270000,0,270000,270000,3240000
R003536,2025-06-01,C0106,P002,Recurring,270000,0,270000,270000,3240000
R003537,2025-07-01,C0106,P002,Recurring,270000,0,270000,270000,3240000
R003538,2025-08-01,C0106,P002,Recurring,270000,0,270000,270000,3240000
R003539,2025-09-01,C0106,P002,Recurring,270000,0,270000,270000,3240000
R003540,2025-10-01,C0106,P002,Recurring,270000,0,270000,270000,3240000
R003541,2025-11-01,C0106,P002,Recurring,270000,0,270000,270000,3240000
R003542,2025-12-01,C0106,P002,Recurring,270000,0,270000,270000,3240000
R003543,2023-02-01,C0107,P002,New,0,470000,470000,470000,5640000
R003544,2023-03-01,C0107,P002,Recurring,470000,0,470000,470000,5640000
R003545,2023-04-01,C0107,P002,Recurring,470000,0,470000,470000,5640000
R003546,2023-05-01,C0107,P002,Recurring,470000,0,470000,470000,5640000
R003547,2023-06-01,C0107,P002,Recurring,470000,0,470000,470000,5640000
R003548,2023-07-01,C0107,P002,Recurring,470000,0,470000,470000,5640000
R003549,2023-08-01,C0107,P002,Recurring,470000,0,470000,470000,5640000
R003550,2023-09-01,C0107,P002,Recurring,470000,0,470000,470000,5640000
R003551,2023-10-01,C0107,P002,Recurring,470000,0,470000,470000,5640000
R003552,2023-11-01,C0107,P002,Recurring,470000,0,470000,470000,5640000
R003553,2023-12-01,C0107,P002,Recurring,470000,0,470000,470000,5640000
R003554,2024-01-01,C0107,P002,Recurring,470000,0,470000,470000,5640000
R003555,2024-02-01,C0107,P002,Recurring,470000,0,470000,470000,5640000
R003556,2024-03-01,C0107,P002,Recurring,470000,0,470000,470000,5640000
R003557,2024-04-01,C0107,P002,Recurring,470000,0,470000,470000,5640000
R003558,2024-05-01,C0107,P002,Recurring,470000,0,470000,470000,5640000
R003559,2024-06-01,C0107,P002,Recurring,470000,0,470000,470000,5640000
R003560,2024-07-01,C0107,P002,Recurring,470000,0,470000,470000,5640000
R003561,2024-08-01,C0107,P002,Recurring,470000,0,470000,470000,5640000
R003562,2024-09-01,C0107,P002,Recurring,470000,0,470000,470000,5640000
R003563,2024-10-01,C0107,P002,Recurring,470000,0,470000,470000,5640000
R003564,2024-11-01,C0107,P002,Recurring,470000,0,470000,470000,5640000
R003565,2024-12-01,C0107,P002,Recurring,470000,0,470000,470000,5640000
R003566,2025-01-01,C0107,P002,Recurring,470000,0,470000,470000,5640000
R003567,2025-02-01,C0107,P002,Recurring,470000,0,470000,470000,5640000
R003568,2025-03-01,C0107,P002,Recurring,470000,0,470000,470000,5640000
R003569,2025-04-01,C0107,P002,Recurring,470000,0,470000,470000,5640000
R003570,2025-05-01,C0107,P002,Recurring,470000,0,470000,470000,5640000
R003571,2025-06-01,C0107,P002,Recurring,470000,0,470000,470000,5640000
R003572,2025-07-01,C0107,P002,Recurring,470000,0,470000,470000,5640000
R003573,2025-08-01,C0107,P002,Recurring,470000,0,470000,470000,5640000
R003574,2025-09-01,C0107,P002,Recurring,470000,0,470000,470000,5640000
R003575,2025-10-01,C0107,P002,Recurring,470000,0,470000,470000,5640000
R003576,2025-11-01,C0107,P002,Recurring,470000,0,470000,470000,5640000
R003577,2025-12-01,C0107,P002,Recurring,470000,0,470000,470000,5640000
R003578,2023-02-01,C0108,P001,New,0,125000,125000,125000,1500000
R003579,2023-03-01,C0108,P001,Recurring,125000,0,125000,125000,1500000
R003580,2023-04-01,C0108,P001,Recurring,125000,0,125000,125000,1500000
R003581,2023-05-01,C0108,P001,Recurring,125000,0,125000,125000,1500000
R003582,2023-06-01,C0108,P001,Recurring,125000,0,125000,125000,1500000
R003583,2023-07-01,C0108,P001,Recurring,125000,0,125000,125000,1500000
R003584,2023-08-01,C0108,P001,Recurring,125000,0,125000,125000,1500000
R003585,2023-09-01,C0108,P001,Recurring,125000,0,125000,125000,1500000
R003586,2023-10-01,C0108,P001,Recurring,125000,0,125000,125000,1500000
R003587,2023-11-01,C0108,P001,Recurring,125000,0,125000,125000,1500000
R003588,2023-12-01,C0108,P001,Recurring,125000,0,125000,125000,1500000
R003589,2024-01-01,C0108,P001,Recurring,125000,0,125000,125000,1500000
R003590,2024-02-01,C0108,P001,Recurring,125000,0,125000,125000,1500000
R003591,2024-03-01,C0108,P001,Recurring,125000,0,125000,125000,1500000
R003592,2024-04-01,C0108,P001,Expansion,125000,20000,145000,145000,1740000
R003593,2024-05-01,C0108,P001,Recurring,145000,0,145000,145000,1740000
R003594,2024-06-01,C0108,P001,Recurring,145000,0,145000,145000,1740000
R003595,2024-07-01,C0108,P001,Recurring,145000,0,145000,145000,1740000
R003596,2024-08-01,C0108,P001,Recurring,145000,0,145000,145000,1740000
R003597,2024-09-01,C0108,P001,Recurring,145000,0,145000,145000,1740000
R003598,2024-10-01,C0108,P001,Recurring,145000,0,145000,145000,1740000
R003599,2024-11-01,C0108,P001,Recurring,145000,0,145000,145000,1740000
R003600,2024-12-01,C0108,P002,Upgrade,145000,125000,270000,270000,3240000
R003601,2025-01-01,C0108,P002,Recurring,270000,0,270000,270000,3240000
R003602,2025-02-01,C0108,P002,Recurring,270000,0,270000,270000,3240000
R003603,2025-03-01,C0108,P002,Recurring,270000,0,270000,270000,3240000
R003604,2025-04-01,C0108,P002,Recurring,270000,0,270000,270000,3240000
R003605,2025-05-01,C0108,P002,Recurring,270000,0,270000,270000,3240000
R003606,2025-06-01,C0108,P002,Recurring,270000,0,270000,270000,3240000
R003607,2025-07-01,C0108,P002,Recurring,270000,0,270000,270000,3240000
R003608,2025-08-01,C0108,P002,Recurring,270000,0,270000,270000,3240000
R003609,2025-09-01,C0108,P002,Recurring,270000,0,270000,270000,3240000
R003610,2025-10-01,C0108,P002,Recurring,270000,0,270000,270000,3240000
R003611,2025-11-01,C0108,P002,Recurring,270000,0,270000,270000,3240000
R003612,2025-12-01,C0108,P002,Recurring,270000,0,270000,270000,3240000
R003613,2023-02-01,C0109,P002,New,0,340000,340000,340000,4080000
R003614,2023-03-01,C0109,P002,Recurring,340000,0,340000,340000,4080000
R003615,2023-04-01,C0109,P002,Recurring,340000,0,340000,340000,4080000
R003616,2023-05-01,C0109,P002,Recurring,340000,0,340000,340000,4080000
R003617,2023-06-01,C0109,P002,Recurring,340000,0,340000,340000,4080000
R003618,2023-07-01,C0109,P002,Recurring,340000,0,340000,340000,4080000
R003619,2023-08-01,C0109,P002,Recurring,340000,0,340000,340000,4080000
R003620,2023-09-01,C0109,P002,Recurring,340000,0,340000,340000,4080000
R003621,2023-10-01,C0109,P002,Recurring,340000,0,340000,340000,4080000
R003622,2023-11-01,C0109,P002,Recurring,340000,0,340000,340000,4080000
R003623,2023-12-01,C0109,P002,Recurring,340000,0,340000,340000,4080000
R003624,2024-01-01,C0109,P002,Recurring,340000,0,340000,340000,4080000
R003625,2024-02-01,C0109,P002,Recurring,340000,0,340000,340000,4080000
R003626,2024-03-01,C0109,P002,Recurring,340000,0,340000,340000,4080000
R003627,2024-04-01,C0109,P002,Recurring,340000,0,340000,340000,4080000
R003628,2024-05-01,C0109,P002,Recurring,340000,0,340000,340000,4080000
R003629,2024-06-01,C0109,P002,Recurring,340000,0,340000,340000,4080000
R003630,2024-07-01,C0109,P002,Recurring,340000,0,340000,340000,4080000
R003631,2024-08-01,C0109,P002,Recurring,340000,0,340000,340000,4080000
R003632,2024-09-01,C0109,P002,Recurring,340000,0,340000,340000,4080000
R003633,2024-10-01,C0109,P002,Recurring,340000,0,340000,340000,4080000
R003634,2024-11-01,C0109,P002,Recurring,340000,0,340000,340000,4080000
R003635,2024-12-01,C0109,P002,Recurring,340000,0,340000,340000,4080000
R003636,2025-01-01,C0109,P002,Recurring,340000,0,340000,340000,4080000
R003637,2025-02-01,C0109,P002,Recurring,340000,0,340000,340000,4080000
R003638,2025-03-01,C0109,P002,Recurring,340000,0,340000,340000,4080000
R003639,2025-04-01,C0109,P002,Recurring,340000,0,340000,340000,4080000
R003640,2025-05-01,C0109,P002,Recurring,340000,0,340000,340000,4080000
R003641,2025-06-01,C0109,P002,Recurring,340000,0,340000,340000,4080000
R003642,2025-07-01,C0109,P002,Recurring,340000,0,340000,340000,4080000
R003643,2025-08-01,C0109,P002,Recurring,340000,0,340000,340000,4080000
R003644,2025-09-01,C0109,P002,Recurring,340000,0,340000,340000,4080000
R003645,2025-10-01,C0109,P002,Recurring,340000,0,340000,340000,4080000
R003646,2025-11-01,C0109,P002,Recurring,340000,0,340000,340000,4080000
R003647,2025-12-01,C0109,P002,Recurring,340000,0,340000,340000,4080000
R003648,2023-02-01,C0110,P001,New,0,155000,155000,155000,1860000
R003649,2023-03-01,C0110,P001,Recurring,155000,0,155000,155000,1860000
R003650,2023-04-01,C0110,P001,Recurring,155000,0,155000,155000,1860000
R003651,2023-05-01,C0110,P001,Recurring,155000,0,155000,155000,1860000
R003652,2023-06-01,C0110,P001,Recurring,155000,0,155000,155000,1860000
R003653,2023-07-01,C0110,P001,Recurring,155000,0,155000,155000,1860000
R003654,2023-08-01,C0110,P001,Recurring,155000,0,155000,155000,1860000
R003655,2023-09-01,C0110,P001,Recurring,155000,0,155000,155000,1860000
R003656,2023-10-01,C0110,P001,Recurring,155000,0,155000,155000,1860000
R003657,2023-11-01,C0110,P001,Recurring,155000,0,155000,155000,1860000
R003658,2023-12-01,C0110,P001,Recurring,155000,0,155000,155000,1860000
R003659,2024-01-01,C0110,P001,Recurring,155000,0,155000,155000,1860000
R003660,2024-02-01,C0110,P001,Recurring,155000,0,155000,155000,1860000
R003661,2024-03-01,C0110,P001,Recurring,155000,0,155000,155000,1860000
R003662,2024-04-01,C0110,P001,Recurring,155000,0,155000,155000,1860000
R003663,2024-05-01,C0110,P001,Recurring,155000,0,155000,155000,1860000
R003664,2024-06-01,C0110,P001,Recurring,155000,0,155000,155000,1860000
R003665,2024-07-01,C0110,P001,Recurring,155000,0,155000,155000,1860000
R003666,2024-08-01,C0110,P001,Recurring,155000,0,155000,155000,1860000
R003667,2024-09-01,C0110,P001,Recurring,155000,0,155000,155000,1860000
R003668,2024-10-01,C0110,P001,Recurring,155000,0,155000,155000,1860000
R003669,2024-11-01,C0110,P001,Recurring,155000,0,155000,155000,1860000
R003670,2024-12-01,C0110,P001,Recurring,155000,0,155000,155000,1860000
R003671,2025-01-01,C0110,P001,Recurring,155000,0,155000,155000,1860000
R003672,2025-02-01,C0110,P001,Recurring,155000,0,155000,155000,1860000
R003673,2025-03-01,C0110,P001,Recurring,155000,0,155000,155000,1860000
R003674,2025-04-01,C0110,P001,Recurring,155000,0,155000,155000,1860000
R003675,2025-05-01,C0110,P001,Recurring,155000,0,155000,155000,1860000
R003676,2025-06-01,C0110,P001,Recurring,155000,0,155000,155000,1860000
R003677,2025-07-01,C0110,P001,Recurring,155000,0,155000,155000,1860000
R003678,2025-08-01,C0110,P001,Recurring,155000,0,155000,155000,1860000
R003679,2025-09-01,C0110,P001,Recurring,155000,0,155000,155000,1860000
R003680,2025-10-01,C0110,P001,Recurring,155000,0,155000,155000,1860000
R003681,2025-11-01,C0110,P001,Recurring,155000,0,155000,155000,1860000
R003682,2025-12-01,C0110,P001,Recurring,155000,0,155000,155000,1860000
R003683,2023-02-01,C0111,P001,New,0,155000,155000,155000,1860000
R003684,2023-03-01,C0111,P001,Recurring,155000,0,155000,155000,1860000
R003685,2023-04-01,C0111,P001,Recurring,155000,0,155000,155000,1860000
R003686,2023-05-01,C0111,P001,Recurring,155000,0,155000,155000,1860000
R003687,2023-06-01,C0111,P001,Recurring,155000,0,155000,155000,1860000
R003688,2023-07-01,C0111,P001,Recurring,155000,0,155000,155000,1860000
R003689,2023-08-01,C0111,P001,Recurring,155000,0,155000,155000,1860000
R003690,2023-09-01,C0111,P001,Recurring,155000,0,155000,155000,1860000
R003691,2023-10-01,C0111,P001,Recurring,155000,0,155000,155000,1860000
R003692,2023-11-01,C0111,P001,Recurring,155000,0,155000,155000,1860000
R003693,2023-12-01,C0111,P001,Recurring,155000,0,155000,155000,1860000
R003694,2024-01-01,C0111,P001,Recurring,155000,0,155000,155000,1860000
R003695,2024-02-01,C0111,P001,Recurring,155000,0,155000,155000,1860000
R003696,2024-03-01,C0111,P001,Recurring,155000,0,155000,155000,1860000
R003697,2024-04-01,C0111,P001,Recurring,155000,0,155000,155000,1860000
R003698,2024-05-01,C0111,P001,Recurring,155000,0,155000,155000,1860000
R003699,2024-06-01,C0111,P001,Recurring,155000,0,155000,155000,1860000
R003700,2024-07-01,C0111,P001,Recurring,155000,0,155000,155000,1860000
R003701,2024-08-01,C0111,P001,Recurring,155000,0,155000,155000,1860000
R003702,2025-01-01,C0111,P001,Reactivation,0,155000,155000,155000,1860000
R003703,2025-02-01,C0111,P001,Recurring,155000,0,155000,155000,1860000
R003704,2025-03-01,C0111,P001,Expansion,155000,10000,165000,165000,1980000
R003705,2025-04-01,C0111,P001,Recurring,165000,0,165000,165000,1980000
R003706,2025-05-01,C0111,P001,Recurring,165000,0,165000,165000,1980000
R003707,2025-06-01,C0111,P001,Recurring,165000,0,165000,165000,1980000
R003708,2025-07-01,C0111,P001,Recurring,165000,0,165000,165000,1980000
R003709,2025-08-01,C0111,P001,Recurring,165000,0,165000,165000,1980000
R003710,2025-09-01,C0111,P001,Recurring,165000,0,165000,165000,1980000
R003711,2025-10-01,C0111,P001,Recurring,165000,0,165000,165000,1980000
R003712,2025-11-01,C0111,P001,Recurring,165000,0,165000,165000,1980000
R003713,2025-12-01,C0111,P001,Recurring,165000,0,165000,165000,1980000
R003714,2023-02-01,C0112,P001,New,0,130000,130000,130000,1560000
R003715,2023-03-01,C0112,P001,Recurring,130000,0,130000,130000,1560000
R003716,2023-04-01,C0112,P001,Recurring,130000,0,130000,130000,1560000
R003717,2023-05-01,C0112,P001,Recurring,130000,0,130000,130000,1560000
R003718,2023-06-01,C0112,P001,Recurring,130000,0,130000,130000,1560000
R003719,2023-07-01,C0112,P001,Recurring,130000,0,130000,130000,1560000
R003720,2023-08-01,C0112,P001,Recurring,130000,0,130000,130000,1560000
R003721,2023-09-01,C0112,P001,Recurring,130000,0,130000,130000,1560000
R003722,2023-10-01,C0112,P001,Recurring,130000,0,130000,130000,1560000
R003723,2023-11-01,C0112,P001,Recurring,130000,0,130000,130000,1560000
R003724,2023-12-01,C0112,P001,Recurring,130000,0,130000,130000,1560000
R003725,2024-01-01,C0112,P001,Recurring,130000,0,130000,130000,1560000
R003726,2024-02-01,C0112,P001,Recurring,130000,0,130000,130000,1560000
R003727,2024-03-01,C0112,P001,Recurring,130000,0,130000,130000,1560000
R003728,2024-04-01,C0112,P001,Recurring,130000,0,130000,130000,1560000
R003729,2024-05-01,C0112,P001,Recurring,130000,0,130000,130000,1560000
R003730,2024-06-01,C0112,P001,Recurring,130000,0,130000,130000,1560000
R003731,2024-07-01,C0112,P001,Recurring,130000,0,130000,130000,1560000
R003732,2024-08-01,C0112,P001,Recurring,130000,0,130000,130000,1560000
R003733,2024-09-01,C0112,P001,Recurring,130000,0,130000,130000,1560000
R003734,2024-10-01,C0112,P001,Recurring,130000,0,130000,130000,1560000
R003735,2024-11-01,C0112,P001,Recurring,130000,0,130000,130000,1560000
R003736,2024-12-01,C0112,P001,Recurring,130000,0,130000,130000,1560000
R003737,2025-01-01,C0112,P001,Recurring,130000,0,130000,130000,1560000
R003738,2025-02-01,C0112,P001,Recurring,130000,0,130000,130000,1560000
R003739,2025-03-01,C0112,P001,Recurring,130000,0,130000,130000,1560000
R003740,2025-04-01,C0112,P001,Recurring,130000,0,130000,130000,1560000
R003741,2025-05-01,C0112,P001,Recurring,130000,0,130000,130000,1560000
R003742,2025-06-01,C0112,P001,Recurring,130000,0,130000,130000,1560000
R003743,2025-07-01,C0112,P001,Recurring,130000,0,130000,130000,1560000
R003744,2025-08-01,C0112,P001,Recurring,130000,0,130000,130000,1560000
R003745,2025-09-01,C0112,P001,Recurring,130000,0,130000,130000,1560000
R003746,2025-10-01,C0112,P001,Recurring,130000,0,130000,130000,1560000
R003747,2025-11-01,C0112,P001,Recurring,130000,0,130000,130000,1560000
R003748,2025-12-01,C0112,P001,Recurring,130000,0,130000,130000,1560000
R003749,2023-02-01,C0113,P001,New,0,155000,155000,155000,1860000
R003750,2023-03-01,C0113,P001,Recurring,155000,0,155000,155000,1860000
R003751,2023-04-01,C0113,P001,Recurring,155000,0,155000,155000,1860000
R003752,2023-05-01,C0113,P001,Recurring,155000,0,155000,155000,1860000
R003753,2023-06-01,C0113,P001,Recurring,155000,0,155000,155000,1860000
R003754,2023-07-01,C0113,P001,Recurring,155000,0,155000,155000,1860000
R003755,2023-08-01,C0113,P001,Recurring,155000,0,155000,155000,1860000
R003756,2023-09-01,C0113,P001,Recurring,155000,0,155000,155000,1860000
R003757,2023-10-01,C0113,P001,Recurring,155000,0,155000,155000,1860000
R003758,2023-11-01,C0113,P001,Recurring,155000,0,155000,155000,1860000
R003759,2023-12-01,C0113,P001,Recurring,155000,0,155000,155000,1860000
R003760,2024-01-01,C0113,P001,Recurring,155000,0,155000,155000,1860000
R003761,2024-02-01,C0113,P001,Recurring,155000,0,155000,155000,1860000
R003762,2024-03-01,C0113,P001,Recurring,155000,0,155000,155000,1860000
R003763,2024-04-01,C0113,P001,Recurring,155000,0,155000,155000,1860000
R003764,2024-05-01,C0113,P001,Recurring,155000,0,155000,155000,1860000
R003765,2024-06-01,C0113,P001,Recurring,155000,0,155000,155000,1860000
R003766,2024-07-01,C0113,P002,Upgrade,155000,140000,295000,295000,3540000
R003767,2024-08-01,C0113,P002,Recurring,295000,0,295000,295000,3540000
R003768,2024-09-01,C0113,P002,Recurring,295000,0,295000,295000,3540000
R003769,2024-10-01,C0113,P002,Recurring,295000,0,295000,295000,3540000
R003770,2024-11-01,C0113,P002,Recurring,295000,0,295000,295000,3540000
R003771,2024-12-01,C0113,P002,Recurring,295000,0,295000,295000,3540000
R003772,2025-01-01,C0113,P002,Recurring,295000,0,295000,295000,3540000
R003773,2025-02-01,C0113,P002,Recurring,295000,0,295000,295000,3540000
R003774,2025-03-01,C0113,P002,Recurring,295000,0,295000,295000,3540000
R003775,2025-04-01,C0113,P002,Recurring,295000,0,295000,295000,3540000
R003776,2025-05-01,C0113,P002,Recurring,295000,0,295000,295000,3540000
R003777,2025-06-01,C0113,P002,Recurring,295000,0,295000,295000,3540000
R003778,2025-07-01,C0113,P002,Recurring,295000,0,295000,295000,3540000
R003779,2025-08-01,C0113,P002,Recurring,295000,0,295000,295000,3540000
R003780,2025-09-01,C0113,P002,Recurring,295000,0,295000,295000,3540000
R003781,2025-10-01,C0113,P002,Recurring,295000,0,295000,295000,3540000
R003782,2025-11-01,C0113,P002,Recurring,295000,0,295000,295000,3540000
R003783,2025-12-01,C0113,P002,Recurring,295000,0,295000,295000,3540000
R003784,2023-02-01,C0114,P001,New,0,90000,90000,90000,1080000
R003785,2023-03-01,C0114,P001,Recurring,90000,0,90000,90000,1080000
R003786,2023-04-01,C0114,P001,Recurring,90000,0,90000,90000,1080000
R003787,2023-05-01,C0114,P001,Recurring,90000,0,90000,90000,1080000
R003788,2023-06-01,C0114,P001,Recurring,90000,0,90000,90000,1080000
R003789,2023-07-01,C0114,P001,Recurring,90000,0,90000,90000,1080000
R003790,2023-08-01,C0114,P001,Recurring,90000,0,90000,90000,1080000
R003791,2023-09-01,C0114,P001,Recurring,90000,0,90000,90000,1080000
R003792,2023-10-01,C0114,P001,Recurring,90000,0,90000,90000,1080000
R003793,2023-11-01,C0114,P001,Recurring,90000,0,90000,90000,1080000
R003794,2023-12-01,C0114,P001,Expansion,90000,15000,105000,105000,1260000
R003795,2024-01-01,C0114,P001,Recurring,105000,0,105000,105000,1260000
R003796,2024-02-01,C0114,P001,Recurring,105000,0,105000,105000,1260000
R003797,2024-03-01,C0114,P001,Recurring,105000,0,105000,105000,1260000
R003798,2024-04-01,C0114,P001,Recurring,105000,0,105000,105000,1260000
R003799,2024-05-01,C0114,P001,Recurring,105000,0,105000,105000,1260000
R003800,2024-06-01,C0114,P001,Recurring,105000,0,105000,105000,1260000
R003801,2024-07-01,C0114,P001,Recurring,105000,0,105000,105000,1260000
R003802,2024-08-01,C0114,P001,Recurring,105000,0,105000,105000,1260000
R003803,2024-09-01,C0114,P001,Recurring,105000,0,105000,105000,1260000
R003804,2024-10-01,C0114,P001,Recurring,105000,0,105000,105000,1260000
R003805,2024-11-01,C0114,P001,Recurring,105000,0,105000,105000,1260000
R003806,2024-12-01,C0114,P001,Recurring,105000,0,105000,105000,1260000
R003807,2025-01-01,C0114,P001,Recurring,105000,0,105000,105000,1260000
R003808,2025-02-01,C0114,P001,Recurring,105000,0,105000,105000,1260000
R003809,2025-03-01,C0114,P001,Recurring,105000,0,105000,105000,1260000
R003810,2025-04-01,C0114,P001,Recurring,105000,0,105000,105000,1260000
R003811,2025-05-01,C0114,P001,Recurring,105000,0,105000,105000,1260000
R003812,2025-06-01,C0114,P001,Recurring,105000,0,105000,105000,1260000
R003813,2025-07-01,C0114,P001,Recurring,105000,0,105000,105000,1260000
R003814,2025-08-01,C0114,P001,Recurring,105000,0,105000,105000,1260000
R003815,2025-09-01,C0114,P001,Recurring,105000,0,105000,105000,1260000
R003816,2025-10-01,C0114,P001,Recurring,105000,0,105000,105000,1260000
R003817,2025-11-01,C0114,P001,Recurring,105000,0,105000,105000,1260000
R003818,2025-12-01,C0114,P001,Recurring,105000,0,105000,105000,1260000
R003819,2023-03-01,C0115,P001,New,0,135000,135000,135000,1620000
R003820,2023-04-01,C0115,P001,Recurring,135000,0,135000,135000,1620000
R003821,2023-05-01,C0115,P001,Recurring,135000,0,135000,135000,1620000
R003822,2023-06-01,C0115,P001,Recurring,135000,0,135000,135000,1620000
R003823,2023-07-01,C0115,P001,Recurring,135000,0,135000,135000,1620000
R003824,2023-08-01,C0115,P001,Recurring,135000,0,135000,135000,1620000
R003825,2023-09-01,C0115,P001,Recurring,135000,0,135000,135000,1620000
R003826,2023-10-01,C0115,P001,Recurring,135000,0,135000,135000,1620000
R003827,2023-11-01,C0115,P001,Recurring,135000,0,135000,135000,1620000
R003828,2023-12-01,C0115,P001,Recurring,135000,0,135000,135000,1620000
R003829,2024-01-01,C0115,P001,Recurring,135000,0,135000,135000,1620000
R003830,2024-02-01,C0115,P001,Recurring,135000,0,135000,135000,1620000
R003831,2024-03-01,C0115,P001,Recurring,135000,0,135000,135000,1620000
R003832,2024-04-01,C0115,P001,Recurring,135000,0,135000,135000,1620000
R003833,2024-05-01,C0115,P001,Recurring,135000,0,135000,135000,1620000
R003834,2024-06-01,C0115,P001,Recurring,135000,0,135000,135000,1620000
R003835,2024-07-01,C0115,P001,Recurring,135000,0,135000,135000,1620000
R003836,2024-08-01,C0115,P001,Recurring,135000,0,135000,135000,1620000
R003837,2024-09-01,C0115,P002,Upgrade,135000,115000,250000,250000,3000000
R003838,2024-10-01,C0115,P002,Recurring,250000,0,250000,250000,3000000
R003839,2024-11-01,C0115,P002,Recurring,250000,0,250000,250000,3000000
R003840,2024-12-01,C0115,P002,Recurring,250000,0,250000,250000,3000000
R003841,2025-01-01,C0115,P002,Recurring,250000,0,250000,250000,3000000
R003842,2025-02-01,C0115,P002,Recurring,250000,0,250000,250000,3000000
R003843,2025-03-01,C0115,P002,Recurring,250000,0,250000,250000,3000000
R003844,2025-04-01,C0115,P002,Recurring,250000,0,250000,250000,3000000
R003845,2025-05-01,C0115,P002,Recurring,250000,0,250000,250000,3000000
R003846,2025-06-01,C0115,P002,Recurring,250000,0,250000,250000,3000000
R003847,2025-07-01,C0115,P002,Recurring,250000,0,250000,250000,3000000
R003848,2025-08-01,C0115,P002,Recurring,250000,0,250000,250000,3000000
R003849,2025-09-01,C0115,P002,Recurring,250000,0,250000,250000,3000000
R003850,2025-10-01,C0115,P002,Recurring,250000,0,250000,250000,3000000
R003851,2025-11-01,C0115,P002,Recurring,250000,0,250000,250000,3000000
R003852,2025-12-01,C0115,P002,Recurring,250000,0,250000,250000,3000000
R003853,2023-03-01,C0116,P001,New,0,95000,95000,95000,1140000
R003854,2023-04-01,C0116,P001,Recurring,95000,0,95000,95000,1140000
R003855,2023-05-01,C0116,P001,Recurring,95000,0,95000,95000,1140000
R003856,2023-06-01,C0116,P001,Recurring,95000,0,95000,95000,1140000
R003857,2023-07-01,C0116,P001,Recurring,95000,0,95000,95000,1140000
R003858,2023-08-01,C0116,P001,Recurring,95000,0,95000,95000,1140000
R003859,2023-09-01,C0116,P001,Recurring,95000,0,95000,95000,1140000
R003860,2023-10-01,C0116,P001,Recurring,95000,0,95000,95000,1140000
R003861,2023-11-01,C0116,P001,Recurring,95000,0,95000,95000,1140000
R003862,2023-12-01,C0116,P001,Recurring,95000,0,95000,95000,1140000
R003863,2024-01-01,C0116,P001,Recurring,95000,0,95000,95000,1140000
R003864,2024-02-01,C0116,P001,Recurring,95000,0,95000,95000,1140000
R003865,2024-03-01,C0116,P001,Recurring,95000,0,95000,95000,1140000
R003866,2024-04-01,C0116,P001,Recurring,95000,0,95000,95000,1140000
R003867,2024-05-01,C0116,P001,Recurring,95000,0,95000,95000,1140000
R003868,2024-06-01,C0116,P001,Recurring,95000,0,95000,95000,1140000
R003869,2024-07-01,C0116,P001,Recurring,95000,0,95000,95000,1140000
R003870,2024-08-01,C0116,P001,Recurring,95000,0,95000,95000,1140000
R003871,2024-09-01,C0116,P001,Recurring,95000,0,95000,95000,1140000
R003872,2024-10-01,C0116,P001,Recurring,95000,0,95000,95000,1140000
R003873,2024-11-01,C0116,P001,Recurring,95000,0,95000,95000,1140000
R003874,2024-12-01,C0116,P001,Expansion,95000,10000,105000,105000,1260000
R003875,2025-01-01,C0116,P001,Recurring,105000,0,105000,105000,1260000
R003876,2025-02-01,C0116,P001,Recurring,105000,0,105000,105000,1260000
R003877,2025-03-01,C0116,P001,Recurring,105000,0,105000,105000,1260000
R003878,2025-04-01,C0116,P001,Recurring,105000,0,105000,105000,1260000
R003879,2025-05-01,C0116,P001,Recurring,105000,0,105000,105000,1260000
R003880,2025-06-01,C0116,P001,Recurring,105000,0,105000,105000,1260000
R003881,2025-07-01,C0116,P001,Recurring,105000,0,105000,105000,1260000
R003882,2025-08-01,C0116,P001,Recurring,105000,0,105000,105000,1260000
R003883,2025-09-01,C0116,P001,Recurring,105000,0,105000,105000,1260000
R003884,2025-10-01,C0116,P001,Recurring,105000,0,105000,105000,1260000
R003885,2025-11-01,C0116,P001,Recurring,105000,0,105000,105000,1260000
R003886,2025-12-01,C0116,P001,Recurring,105000,0,105000,105000,1260000
R003887,2023-03-01,C0117,P001,New,0,100000,100000,100000,1200000
R003888,2023-04-01,C0117,P001,Recurring,100000,0,100000,100000,1200000
R003889,2023-05-01,C0117,P001,Recurring,100000,0,100000,100000,1200000
R003890,2023-06-01,C0117,P001,Recurring,100000,0,100000,100000,1200000
R003891,2023-07-01,C0117,P001,Recurring,100000,0,100000,100000,1200000
R003892,2023-08-01,C0117,P001,Recurring,100000,0,100000,100000,1200000
R003893,2023-09-01,C0117,P001,Recurring,100000,0,100000,100000,1200000
R003894,2023-10-01,C0117,P001,Recurring,100000,0,100000,100000,1200000
R003895,2023-11-01,C0117,P001,Recurring,100000,0,100000,100000,1200000
R003896,2023-12-01,C0117,P001,Recurring,100000,0,100000,100000,1200000
R003897,2024-01-01,C0117,P001,Recurring,100000,0,100000,100000,1200000
R003898,2024-02-01,C0117,P001,Recurring,100000,0,100000,100000,1200000
R003899,2024-03-01,C0117,P001,Recurring,100000,0,100000,100000,1200000
R003900,2024-04-01,C0117,P001,Recurring,100000,0,100000,100000,1200000
R003901,2024-05-01,C0117,P001,Recurring,100000,0,100000,100000,1200000
R003902,2024-06-01,C0117,P001,Recurring,100000,0,100000,100000,1200000
R003903,2024-07-01,C0117,P001,Recurring,100000,0,100000,100000,1200000
R003904,2024-08-01,C0117,P001,Recurring,100000,0,100000,100000,1200000
R003905,2024-09-01,C0117,P001,Recurring,100000,0,100000,100000,1200000
R003906,2024-10-01,C0117,P001,Recurring,100000,0,100000,100000,1200000
R003907,2024-11-01,C0117,P001,Recurring,100000,0,100000,100000,1200000
R003908,2024-12-01,C0117,P001,Recurring,100000,0,100000,100000,1200000
R003909,2025-01-01,C0117,P001,Recurring,100000,0,100000,100000,1200000
R003910,2025-02-01,C0117,P001,Recurring,100000,0,100000,100000,1200000
R003911,2025-03-01,C0117,P001,Recurring,100000,0,100000,100000,1200000
R003912,2025-04-01,C0117,P001,Recurring,100000,0,100000,100000,1200000
R003913,2025-05-01,C0117,P001,Recurring,100000,0,100000,100000,1200000
R003914,2025-06-01,C0117,P001,Recurring,100000,0,100000,100000,1200000
R003915,2025-07-01,C0117,P001,Recurring,100000,0,100000,100000,1200000
R003916,2025-08-01,C0117,P001,Recurring,100000,0,100000,100000,1200000
R003917,2025-09-01,C0117,P001,Recurring,100000,0,100000,100000,1200000
R003918,2025-10-01,C0117,P001,Recurring,100000,0,100000,100000,1200000
R003919,2025-11-01,C0117,P001,Recurring,100000,0,100000,100000,1200000
R003920,2025-12-01,C0117,P001,Recurring,100000,0,100000,100000,1200000
R003921,2023-03-01,C0118,P001,New,0,95000,95000,95000,1140000
R003922,2023-04-01,C0118,P001,Recurring,95000,0,95000,95000,1140000
R003923,2023-05-01,C0118,P001,Recurring,95000,0,95000,95000,1140000
R003924,2023-06-01,C0118,P001,Recurring,95000,0,95000,95000,1140000
R003925,2023-07-01,C0118,P001,Recurring,95000,0,95000,95000,1140000
R003926,2023-08-01,C0118,P001,Recurring,95000,0,95000,95000,1140000
R003927,2023-09-01,C0118,P001,Recurring,95000,0,95000,95000,1140000
R003928,2023-10-01,C0118,P001,Recurring,95000,0,95000,95000,1140000
R003929,2023-11-01,C0118,P001,Recurring,95000,0,95000,95000,1140000
R003930,2023-12-01,C0118,P001,Recurring,95000,0,95000,95000,1140000
R003931,2024-01-01,C0118,P001,Recurring,95000,0,95000,95000,1140000
R003932,2024-02-01,C0118,P001,Recurring,95000,0,95000,95000,1140000
R003933,2024-03-01,C0118,P001,Recurring,95000,0,95000,95000,1140000
R003934,2024-04-01,C0118,P001,Recurring,95000,0,95000,95000,1140000
R003935,2024-05-01,C0118,P001,Recurring,95000,0,95000,95000,1140000
R003936,2024-06-01,C0118,P001,Recurring,95000,0,95000,95000,1140000
R003937,2024-07-01,C0118,P001,Recurring,95000,0,95000,95000,1140000
R003938,2024-08-01,C0118,P001,Recurring,95000,0,95000,95000,1140000
R003939,2024-09-01,C0118,P001,Recurring,95000,0,95000,95000,1140000
R003940,2024-10-01,C0118,P001,Recurring,95000,0,95000,95000,1140000
R003941,2024-11-01,C0118,P001,Recurring,95000,0,95000,95000,1140000
R003942,2024-12-01,C0118,P001,Recurring,95000,0,95000,95000,1140000
R003943,2025-01-01,C0118,P001,Recurring,95000,0,95000,95000,1140000
R003944,2025-02-01,C0118,P001,Recurring,95000,0,95000,95000,1140000
R003945,2025-03-01,C0118,P001,Recurring,95000,0,95000,95000,1140000
R003946,2025-04-01,C0118,P001,Recurring,95000,0,95000,95000,1140000
R003947,2025-05-01,C0118,P001,Recurring,95000,0,95000,95000,1140000
R003948,2025-06-01,C0118,P001,Recurring,95000,0,95000,95000,1140000
R003949,2025-07-01,C0118,P001,Recurring,95000,0,95000,95000,1140000
R003950,2025-08-01,C0118,P001,Recurring,95000,0,95000,95000,1140000
R003951,2025-09-01,C0118,P001,Recurring,95000,0,95000,95000,1140000
R003952,2025-10-01,C0118,P001,Recurring,95000,0,95000,95000,1140000
R003953,2025-11-01,C0118,P001,Recurring,95000,0,95000,95000,1140000
R003954,2025-12-01,C0118,P001,Recurring,95000,0,95000,95000,1140000
R003955,2023-03-01,C0119,P002,New,0,290000,290000,290000,3480000
R003956,2023-04-01,C0119,P002,Recurring,290000,0,290000,290000,3480000
R003957,2023-05-01,C0119,P002,Recurring,290000,0,290000,290000,3480000
R003958,2023-06-01,C0119,P002,Recurring,290000,0,290000,290000,3480000
R003959,2023-07-01,C0119,P002,Recurring,290000,0,290000,290000,3480000
R003960,2023-08-01,C0119,P002,Recurring,290000,0,290000,290000,3480000
R003961,2023-09-01,C0119,P002,Recurring,290000,0,290000,290000,3480000
R003962,2023-10-01,C0119,P002,Recurring,290000,0,290000,290000,3480000
R003963,2023-11-01,C0119,P002,Recurring,290000,0,290000,290000,3480000
R003964,2023-12-01,C0119,P002,Recurring,290000,0,290000,290000,3480000
R003965,2024-01-01,C0119,P002,Recurring,290000,0,290000,290000,3480000
R003966,2024-02-01,C0119,P002,Recurring,290000,0,290000,290000,3480000
R003967,2024-03-01,C0119,P002,Recurring,290000,0,290000,290000,3480000
R003968,2024-04-01,C0119,P002,Recurring,290000,0,290000,290000,3480000
R003969,2024-05-01,C0119,P002,Recurring,290000,0,290000,290000,3480000
R003970,2024-06-01,C0119,P002,Recurring,290000,0,290000,290000,3480000
R003971,2024-07-01,C0119,P002,Recurring,290000,0,290000,290000,3480000
R003972,2024-08-01,C0119,P002,Recurring,290000,0,290000,290000,3480000
R003973,2024-09-01,C0119,P002,Recurring,290000,0,290000,290000,3480000
R003974,2024-10-01,C0119,P002,Expansion,290000,45000,335000,335000,4020000
R003975,2024-11-01,C0119,P002,Recurring,335000,0,335000,335000,4020000
R003976,2024-12-01,C0119,P002,Recurring,335000,0,335000,335000,4020000
R003977,2025-01-01,C0119,P002,Recurring,335000,0,335000,335000,4020000
R003978,2025-02-01,C0119,P002,Recurring,335000,0,335000,335000,4020000
R003979,2025-03-01,C0119,P002,Recurring,335000,0,335000,335000,4020000
R003980,2025-04-01,C0119,P002,Recurring,335000,0,335000,335000,4020000
R003981,2025-05-01,C0119,P002,Recurring,335000,0,335000,335000,4020000
R003982,2025-06-01,C0119,P002,Recurring,335000,0,335000,335000,4020000
R003983,2025-07-01,C0119,P002,Recurring,335000,0,335000,335000,4020000
R003984,2025-08-01,C0119,P002,Recurring,335000,0,335000,335000,4020000
R003985,2025-09-01,C0119,P002,Recurring,335000,0,335000,335000,4020000
R003986,2025-10-01,C0119,P002,Recurring,335000,0,335000,335000,4020000
R003987,2025-11-01,C0119,P002,Recurring,335000,0,335000,335000,4020000
R003988,2025-12-01,C0119,P002,Recurring,335000,0,335000,335000,4020000
R003989,2023-03-01,C0120,P001,New,0,90000,90000,90000,1080000
R003990,2023-04-01,C0120,P001,Recurring,90000,0,90000,90000,1080000
R003991,2023-05-01,C0120,P001,Recurring,90000,0,90000,90000,1080000
R003992,2023-06-01,C0120,P001,Recurring,90000,0,90000,90000,1080000
R003993,2023-07-01,C0120,P001,Recurring,90000,0,90000,90000,1080000
R003994,2023-08-01,C0120,P001,Recurring,90000,0,90000,90000,1080000
R003995,2023-09-01,C0120,P001,Recurring,90000,0,90000,90000,1080000
R003996,2023-10-01,C0120,P001,Recurring,90000,0,90000,90000,1080000
R003997,2023-11-01,C0120,P001,Recurring,90000,0,90000,90000,1080000
R003998,2023-12-01,C0120,P001,Recurring,90000,0,90000,90000,1080000
R003999,2024-01-01,C0120,P001,Recurring,90000,0,90000,90000,1080000
R004000,2024-02-01,C0120,P001,Recurring,90000,0,90000,90000,1080000
R004001,2024-03-01,C0120,P001,Recurring,90000,0,90000,90000,1080000
R004002,2024-04-01,C0120,P001,Recurring,90000,0,90000,90000,1080000
R004003,2024-05-01,C0120,P001,Recurring,90000,0,90000,90000,1080000
R004004,2024-06-01,C0120,P001,Recurring,90000,0,90000,90000,1080000
R004005,2024-07-01,C0120,P001,Recurring,90000,0,90000,90000,1080000
R004006,2024-08-01,C0120,P001,Recurring,90000,0,90000,90000,1080000
R004007,2024-09-01,C0120,P001,Recurring,90000,0,90000,90000,1080000
R004008,2024-10-01,C0120,P001,Recurring,90000,0,90000,90000,1080000
R004009,2024-11-01,C0120,P001,Recurring,90000,0,90000,90000,1080000
R004010,2024-12-01,C0120,P001,Recurring,90000,0,90000,90000,1080000
R004011,2025-01-01,C0120,P001,Recurring,90000,0,90000,90000,1080000
R004012,2025-02-01,C0120,P001,Recurring,90000,0,90000,90000,1080000
R004013,2025-03-01,C0120,P001,Recurring,90000,0,90000,90000,1080000
R004014,2025-04-01,C0120,P001,Recurring,90000,0,90000,90000,1080000
R004015,2025-05-01,C0120,P001,Recurring,90000,0,90000,90000,1080000
R004016,2025-06-01,C0120,P001,Recurring,90000,0,90000,90000,1080000
R004017,2025-07-01,C0120,P001,Recurring,90000,0,90000,90000,1080000
R004018,2025-08-01,C0120,P001,Recurring,90000,0,90000,90000,1080000
R004019,2025-09-01,C0120,P001,Recurring,90000,0,90000,90000,1080000
R004020,2025-10-01,C0120,P001,Recurring,90000,0,90000,90000,1080000
R004021,2025-11-01,C0120,P001,Recurring,90000,0,90000,90000,1080000
R004022,2025-12-01,C0120,P001,Recurring,90000,0,90000,90000,1080000
R004023,2023-03-01,C0121,P001,New,0,115000,115000,115000,1380000
R004024,2023-04-01,C0121,P001,Recurring,115000,0,115000,115000,1380000
R004025,2023-05-01,C0121,P001,Recurring,115000,0,115000,115000,1380000
R004026,2023-06-01,C0121,P001,Recurring,115000,0,115000,115000,1380000
R004027,2023-07-01,C0121,P001,Recurring,115000,0,115000,115000,1380000
R004028,2023-08-01,C0121,P001,Recurring,115000,0,115000,115000,1380000
R004029,2023-09-01,C0121,P001,Recurring,115000,0,115000,115000,1380000
R004030,2023-10-01,C0121,P001,Recurring,115000,0,115000,115000,1380000
R004031,2023-11-01,C0121,P001,Recurring,115000,0,115000,115000,1380000
R004032,2023-12-01,C0121,P001,Recurring,115000,0,115000,115000,1380000
R004033,2024-01-01,C0121,P001,Recurring,115000,0,115000,115000,1380000
R004034,2024-02-01,C0121,P001,Recurring,115000,0,115000,115000,1380000
R004035,2024-03-01,C0121,P001,Recurring,115000,0,115000,115000,1380000
R004036,2024-04-01,C0121,P001,Recurring,115000,0,115000,115000,1380000
R004037,2024-05-01,C0121,P002,Upgrade,115000,135000,250000,250000,3000000
R004038,2024-06-01,C0121,P002,Recurring,250000,0,250000,250000,3000000
R004039,2024-07-01,C0121,P002,Recurring,250000,0,250000,250000,3000000
R004040,2024-08-01,C0121,P002,Recurring,250000,0,250000,250000,3000000
R004041,2024-09-01,C0121,P002,Recurring,250000,0,250000,250000,3000000
R004042,2024-10-01,C0121,P002,Recurring,250000,0,250000,250000,3000000
R004043,2024-11-01,C0121,P002,Recurring,250000,0,250000,250000,3000000
R004044,2024-12-01,C0121,P002,Recurring,250000,0,250000,250000,3000000
R004045,2025-01-01,C0121,P002,Recurring,250000,0,250000,250000,3000000
R004046,2025-02-01,C0121,P002,Recurring,250000,0,250000,250000,3000000
R004047,2025-03-01,C0121,P002,Recurring,250000,0,250000,250000,3000000
R004048,2025-04-01,C0121,P002,Recurring,250000,0,250000,250000,3000000
R004049,2025-05-01,C0121,P002,Recurring,250000,0,250000,250000,3000000
R004050,2025-06-01,C0121,P002,Recurring,250000,0,250000,250000,3000000
R004051,2025-07-01,C0121,P002,Recurring,250000,0,250000,250000,3000000
R004052,2025-08-01,C0121,P002,Recurring,250000,0,250000,250000,3000000
R004053,2025-09-01,C0121,P002,Recurring,250000,0,250000,250000,3000000
R004054,2025-10-01,C0121,P002,Recurring,250000,0,250000,250000,3000000
R004055,2025-11-01,C0121,P002,Recurring,250000,0,250000,250000,3000000
R004056,2025-12-01,C0121,P002,Recurring,250000,0,250000,250000,3000000
R004057,2023-03-01,C0122,P002,New,0,450000,450000,450000,5400000
R004058,2023-04-01,C0122,P002,Recurring,450000,0,450000,450000,5400000
R004059,2023-05-01,C0122,P002,Recurring,450000,0,450000,450000,5400000
R004060,2023-06-01,C0122,P002,Recurring,450000,0,450000,450000,5400000
R004061,2023-07-01,C0122,P002,Recurring,450000,0,450000,450000,5400000
R004062,2023-08-01,C0122,P002,Recurring,450000,0,450000,450000,5400000
R004063,2023-09-01,C0122,P002,Recurring,450000,0,450000,450000,5400000
R004064,2023-10-01,C0122,P002,Recurring,450000,0,450000,450000,5400000
R004065,2023-11-01,C0122,P002,Recurring,450000,0,450000,450000,5400000
R004066,2023-12-01,C0122,P002,Recurring,450000,0,450000,450000,5400000
R004067,2024-01-01,C0122,P002,Recurring,450000,0,450000,450000,5400000
R004068,2024-02-01,C0122,P002,Recurring,450000,0,450000,450000,5400000
R004069,2024-03-01,C0122,P002,Recurring,450000,0,450000,450000,5400000
R004070,2024-04-01,C0122,P002,Recurring,450000,0,450000,450000,5400000
R004071,2024-05-01,C0122,P002,Recurring,450000,0,450000,450000,5400000
R004072,2024-06-01,C0122,P002,Recurring,450000,0,450000,450000,5400000
R004073,2024-07-01,C0122,P002,Recurring,450000,0,450000,450000,5400000
R004074,2024-08-01,C0122,P002,Recurring,450000,0,450000,450000,5400000
R004075,2024-09-01,C0122,P002,Recurring,450000,0,450000,450000,5400000
R004076,2024-10-01,C0122,P002,Recurring,450000,0,450000,450000,5400000
R004077,2024-11-01,C0122,P002,Recurring,450000,0,450000,450000,5400000
R004078,2024-12-01,C0122,P002,Recurring,450000,0,450000,450000,5400000
R004079,2025-01-01,C0122,P002,Recurring,450000,0,450000,450000,5400000
R004080,2025-02-01,C0122,P002,Recurring,450000,0,450000,450000,5400000
R004081,2025-03-01,C0122,P002,Recurring,450000,0,450000,450000,5400000
R004082,2025-04-01,C0122,P002,Recurring,450000,0,450000,450000,5400000
R004083,2025-05-01,C0122,P002,Recurring,450000,0,450000,450000,5400000
R004084,2025-06-01,C0122,P002,Recurring,450000,0,450000,450000,5400000
R004085,2025-07-01,C0122,P002,Recurring,450000,0,450000,450000,5400000
R004086,2025-08-01,C0122,P002,Recurring,450000,0,450000,450000,5400000
R004087,2025-09-01,C0122,P002,Recurring,450000,0,450000,450000,5400000
R004088,2025-10-01,C0122,P002,Recurring,450000,0,450000,450000,5400000
R004089,2025-11-01,C0122,P002,Recurring,450000,0,450000,450000,5400000
R004090,2025-12-01,C0122,P002,Recurring,450000,0,450000,450000,5400000
R004091,2023-03-01,C0123,P002,New,0,440000,440000,440000,5280000
R004092,2023-04-01,C0123,P002,Recurring,440000,0,440000,440000,5280000
R004093,2023-05-01,C0123,P002,Recurring,440000,0,440000,440000,5280000
R004094,2023-06-01,C0123,P002,Recurring,440000,0,440000,440000,5280000
R004095,2023-07-01,C0123,P002,Recurring,440000,0,440000,440000,5280000
R004096,2023-08-01,C0123,P002,Recurring,440000,0,440000,440000,5280000
R004097,2023-09-01,C0123,P002,Recurring,440000,0,440000,440000,5280000
R004098,2023-10-01,C0123,P002,Recurring,440000,0,440000,440000,5280000
R004099,2023-11-01,C0123,P002,Recurring,440000,0,440000,440000,5280000
R004100,2023-12-01,C0123,P002,Recurring,440000,0,440000,440000,5280000
R004101,2024-01-01,C0123,P002,Recurring,440000,0,440000,440000,5280000
R004102,2024-02-01,C0123,P002,Recurring,440000,0,440000,440000,5280000
R004103,2024-03-01,C0123,P002,Recurring,440000,0,440000,440000,5280000
R004104,2024-04-01,C0123,P002,Recurring,440000,0,440000,440000,5280000
R004105,2024-05-01,C0123,P002,Recurring,440000,0,440000,440000,5280000
R004106,2024-06-01,C0123,P002,Recurring,440000,0,440000,440000,5280000
R004107,2024-07-01,C0123,P002,Recurring,440000,0,440000,440000,5280000
R004108,2024-08-01,C0123,P002,Recurring,440000,0,440000,440000,5280000
R004109,2024-09-01,C0123,P002,Recurring,440000,0,440000,440000,5280000
R004110,2024-10-01,C0123,P002,Recurring,440000,0,440000,440000,5280000
R004111,2024-11-01,C0123,P002,Recurring,440000,0,440000,440000,5280000
R004112,2024-12-01,C0123,P002,Recurring,440000,0,440000,440000,5280000
R004113,2025-01-01,C0123,P002,Recurring,440000,0,440000,440000,5280000
R004114,2025-02-01,C0123,P002,Recurring,440000,0,440000,440000,5280000
R004115,2025-03-01,C0123,P002,Recurring,440000,0,440000,440000,5280000
R004116,2025-04-01,C0123,P002,Recurring,440000,0,440000,440000,5280000
R004117,2025-05-01,C0123,P002,Recurring,440000,0,440000,440000,5280000
R004118,2025-06-01,C0123,P002,Recurring,440000,0,440000,440000,5280000
R004119,2025-07-01,C0123,P002,Recurring,440000,0,440000,440000,5280000
R004120,2025-08-01,C0123,P002,Recurring,440000,0,440000,440000,5280000
R004121,2025-09-01,C0123,P002,Recurring,440000,0,440000,440000,5280000
R004122,2025-10-01,C0123,P002,Expansion,440000,55000,495000,495000,5940000
R004123,2025-11-01,C0123,P002,Recurring,495000,0,495000,495000,5940000
R004124,2025-12-01,C0123,P002,Recurring,495000,0,495000,495000,5940000
R004125,2023-03-01,C0124,P001,New,0,105000,105000,105000,1260000
R004126,2023-04-01,C0124,P001,Recurring,105000,0,105000,105000,1260000
R004127,2023-05-01,C0124,P001,Recurring,105000,0,105000,105000,1260000
R004128,2023-06-01,C0124,P001,Recurring,105000,0,105000,105000,1260000
R004129,2023-07-01,C0124,P001,Recurring,105000,0,105000,105000,1260000
R004130,2023-08-01,C0124,P001,Recurring,105000,0,105000,105000,1260000
R004131,2023-09-01,C0124,P001,Recurring,105000,0,105000,105000,1260000
R004132,2023-10-01,C0124,P001,Recurring,105000,0,105000,105000,1260000
R004133,2023-11-01,C0124,P001,Expansion,105000,10000,115000,115000,1380000
R004134,2023-12-01,C0124,P001,Recurring,115000,0,115000,115000,1380000
R004135,2024-01-01,C0124,P001,Recurring,115000,0,115000,115000,1380000
R004136,2024-02-01,C0124,P001,Recurring,115000,0,115000,115000,1380000
R004137,2024-03-01,C0124,P001,Recurring,115000,0,115000,115000,1380000
R004138,2024-04-01,C0124,P001,Recurring,115000,0,115000,115000,1380000
R004139,2024-05-01,C0124,P001,Recurring,115000,0,115000,115000,1380000
R004140,2024-06-01,C0124,P001,Recurring,115000,0,115000,115000,1380000
R004141,2024-07-01,C0124,P001,Recurring,115000,0,115000,115000,1380000
R004142,2024-11-01,C0124,P001,Reactivation,0,115000,115000,115000,1380000
R004143,2024-12-01,C0124,P001,Recurring,115000,0,115000,115000,1380000
R004144,2025-01-01,C0124,P001,Recurring,115000,0,115000,115000,1380000
R004145,2025-02-01,C0124,P001,Recurring,115000,0,115000,115000,1380000
R004146,2025-03-01,C0124,P001,Recurring,115000,0,115000,115000,1380000
R004147,2025-04-01,C0124,P001,Recurring,115000,0,115000,115000,1380000
R004148,2025-05-01,C0124,P001,Recurring,115000,0,115000,115000,1380000
R004149,2025-06-01,C0124,P001,Recurring,115000,0,115000,115000,1380000
R004150,2025-07-01,C0124,P001,Recurring,115000,0,115000,115000,1380000
R004151,2025-08-01,C0124,P001,Recurring,115000,0,115000,115000,1380000
R004152,2025-09-01,C0124,P001,Recurring,115000,0,115000,115000,1380000
R004153,2025-10-01,C0124,P001,Recurring,115000,0,115000,115000,1380000
R004154,2025-11-01,C0124,P001,Recurring,115000,0,115000,115000,1380000
R004155,2025-12-01,C0124,P001,Recurring,115000,0,115000,115000,1380000
R004156,2023-03-01,C0125,P002,New,0,400000,400000,400000,4800000
R004157,2023-04-01,C0125,P002,Recurring,400000,0,400000,400000,4800000
R004158,2023-05-01,C0125,P002,Recurring,400000,0,400000,400000,4800000
R004159,2023-06-01,C0125,P002,Recurring,400000,0,400000,400000,4800000
R004160,2023-07-01,C0125,P002,Recurring,400000,0,400000,400000,4800000
R004161,2023-08-01,C0125,P002,Recurring,400000,0,400000,400000,4800000
R004162,2023-09-01,C0125,P002,Recurring,400000,0,400000,400000,4800000
R004163,2023-10-01,C0125,P002,Recurring,400000,0,400000,400000,4800000
R004164,2023-11-01,C0125,P002,Recurring,400000,0,400000,400000,4800000
R004165,2023-12-01,C0125,P002,Recurring,400000,0,400000,400000,4800000
R004166,2024-01-01,C0125,P002,Recurring,400000,0,400000,400000,4800000
R004167,2024-02-01,C0125,P002,Recurring,400000,0,400000,400000,4800000
R004168,2024-03-01,C0125,P002,Recurring,400000,0,400000,400000,4800000
R004169,2024-04-01,C0125,P002,Recurring,400000,0,400000,400000,4800000
R004170,2024-05-01,C0125,P002,Recurring,400000,0,400000,400000,4800000
R004171,2024-06-01,C0125,P002,Recurring,400000,0,400000,400000,4800000
R004172,2024-07-01,C0125,P002,Recurring,400000,0,400000,400000,4800000
R004173,2024-08-01,C0125,P002,Recurring,400000,0,400000,400000,4800000
R004174,2024-09-01,C0125,P002,Recurring,400000,0,400000,400000,4800000
R004175,2024-10-01,C0125,P002,Recurring,400000,0,400000,400000,4800000
R004176,2024-11-01,C0125,P002,Recurring,400000,0,400000,400000,4800000
R004177,2024-12-01,C0125,P002,Recurring,400000,0,400000,400000,4800000
R004178,2025-01-01,C0125,P002,Recurring,400000,0,400000,400000,4800000
R004179,2025-02-01,C0125,P002,Recurring,400000,0,400000,400000,4800000
R004180,2025-03-01,C0125,P002,Recurring,400000,0,400000,400000,4800000
R004181,2025-04-01,C0125,P002,Recurring,400000,0,400000,400000,4800000
R004182,2025-05-01,C0125,P002,Recurring,400000,0,400000,400000,4800000
R004183,2025-06-01,C0125,P002,Recurring,400000,0,400000,400000,4800000
R004184,2025-07-01,C0125,P002,Recurring,400000,0,400000,400000,4800000
R004185,2025-08-01,C0125,P002,Recurring,400000,0,400000,400000,4800000
R004186,2023-03-01,C0126,P002,New,0,300000,300000,300000,3600000
R004187,2023-04-01,C0126,P002,Recurring,300000,0,300000,300000,3600000
R004188,2023-05-01,C0126,P002,Recurring,300000,0,300000,300000,3600000
R004189,2023-06-01,C0126,P002,Recurring,300000,0,300000,300000,3600000
R004190,2023-07-01,C0126,P002,Recurring,300000,0,300000,300000,3600000
R004191,2023-08-01,C0126,P002,Recurring,300000,0,300000,300000,3600000
R004192,2023-09-01,C0126,P002,Recurring,300000,0,300000,300000,3600000
R004193,2023-10-01,C0126,P002,Recurring,300000,0,300000,300000,3600000
R004194,2023-11-01,C0126,P002,Recurring,300000,0,300000,300000,3600000
R004195,2023-12-01,C0126,P002,Recurring,300000,0,300000,300000,3600000
R004196,2024-01-01,C0126,P002,Recurring,300000,0,300000,300000,3600000
R004197,2024-02-01,C0126,P002,Recurring,300000,0,300000,300000,3600000
R004198,2024-03-01,C0126,P002,Recurring,300000,0,300000,300000,3600000
R004199,2024-04-01,C0126,P002,Recurring,300000,0,300000,300000,3600000
R004200,2024-05-01,C0126,P002,Recurring,300000,0,300000,300000,3600000
R004201,2024-06-01,C0126,P002,Recurring,300000,0,300000,300000,3600000
R004202,2024-07-01,C0126,P002,Recurring,300000,0,300000,300000,3600000
R004203,2024-08-01,C0126,P002,Recurring,300000,0,300000,300000,3600000
R004204,2024-09-01,C0126,P002,Recurring,300000,0,300000,300000,3600000
R004205,2024-10-01,C0126,P002,Recurring,300000,0,300000,300000,3600000
R004206,2024-11-01,C0126,P002,Recurring,300000,0,300000,300000,3600000
R004207,2024-12-01,C0126,P002,Recurring,300000,0,300000,300000,3600000
R004208,2025-01-01,C0126,P002,Recurring,300000,0,300000,300000,3600000
R004209,2025-02-01,C0126,P002,Recurring,300000,0,300000,300000,3600000
R004210,2025-03-01,C0126,P002,Recurring,300000,0,300000,300000,3600000
R004211,2025-04-01,C0126,P002,Recurring,300000,0,300000,300000,3600000
R004212,2025-05-01,C0126,P002,Recurring,300000,0,300000,300000,3600000
R004213,2025-06-01,C0126,P002,Recurring,300000,0,300000,300000,3600000
R004214,2025-07-01,C0126,P002,Recurring,300000,0,300000,300000,3600000
R004215,2025-08-01,C0126,P002,Recurring,300000,0,300000,300000,3600000
R004216,2025-09-01,C0126,P002,Recurring,300000,0,300000,300000,3600000
R004217,2025-10-01,C0126,P002,Recurring,300000,0,300000,300000,3600000
R004218,2025-11-01,C0126,P002,Recurring,300000,0,300000,300000,3600000
R004219,2025-12-01,C0126,P002,Recurring,300000,0,300000,300000,3600000
R004220,2023-04-01,C0127,P001,New,0,155000,155000,155000,1860000
R004221,2023-05-01,C0127,P001,Recurring,155000,0,155000,155000,1860000
R004222,2023-06-01,C0127,P001,Recurring,155000,0,155000,155000,1860000
R004223,2023-07-01,C0127,P001,Recurring,155000,0,155000,155000,1860000
R004224,2023-08-01,C0127,P001,Recurring,155000,0,155000,155000,1860000
R004225,2023-09-01,C0127,P001,Recurring,155000,0,155000,155000,1860000
R004226,2023-10-01,C0127,P001,Recurring,155000,0,155000,155000,1860000
R004227,2023-11-01,C0127,P001,Expansion,155000,20000,175000,175000,2100000
R004228,2023-12-01,C0127,P001,Recurring,175000,0,175000,175000,2100000
R004229,2024-01-01,C0127,P001,Recurring,175000,0,175000,175000,2100000
R004230,2024-02-01,C0127,P001,Recurring,175000,0,175000,175000,2100000
R004231,2024-03-01,C0127,P001,Recurring,175000,0,175000,175000,2100000
R004232,2024-04-01,C0127,P001,Recurring,175000,0,175000,175000,2100000
R004233,2024-05-01,C0127,P001,Recurring,175000,0,175000,175000,2100000
R004234,2024-06-01,C0127,P001,Recurring,175000,0,175000,175000,2100000
R004235,2024-07-01,C0127,P001,Recurring,175000,0,175000,175000,2100000
R004236,2024-08-01,C0127,P001,Recurring,175000,0,175000,175000,2100000
R004237,2024-09-01,C0127,P001,Recurring,175000,0,175000,175000,2100000
R004238,2024-10-01,C0127,P001,Recurring,175000,0,175000,175000,2100000
R004239,2024-11-01,C0127,P001,Recurring,175000,0,175000,175000,2100000
R004240,2024-12-01,C0127,P001,Recurring,175000,0,175000,175000,2100000
R004241,2025-01-01,C0127,P001,Recurring,175000,0,175000,175000,2100000
R004242,2025-02-01,C0127,P001,Recurring,175000,0,175000,175000,2100000
R004243,2025-03-01,C0127,P001,Recurring,175000,0,175000,175000,2100000
R004244,2025-04-01,C0127,P001,Recurring,175000,0,175000,175000,2100000
R004245,2025-05-01,C0127,P001,Recurring,175000,0,175000,175000,2100000
R004246,2025-06-01,C0127,P001,Recurring,175000,0,175000,175000,2100000
R004247,2025-07-01,C0127,P001,Recurring,175000,0,175000,175000,2100000
R004248,2025-08-01,C0127,P001,Recurring,175000,0,175000,175000,2100000
R004249,2025-09-01,C0127,P001,Recurring,175000,0,175000,175000,2100000
R004250,2025-10-01,C0127,P001,Recurring,175000,0,175000,175000,2100000
R004251,2025-11-01,C0127,P001,Recurring,175000,0,175000,175000,2100000
R004252,2025-12-01,C0127,P001,Recurring,175000,0,175000,175000,2100000
R004253,2023-04-01,C0128,P002,New,0,490000,490000,490000,5880000
R004254,2023-05-01,C0128,P002,Recurring,490000,0,490000,490000,5880000
R004255,2023-06-01,C0128,P002,Recurring,490000,0,490000,490000,5880000
R004256,2023-07-01,C0128,P002,Recurring,490000,0,490000,490000,5880000
R004257,2023-08-01,C0128,P002,Recurring,490000,0,490000,490000,5880000
R004258,2023-09-01,C0128,P002,Recurring,490000,0,490000,490000,5880000
R004259,2023-10-01,C0128,P002,Recurring,490000,0,490000,490000,5880000
R004260,2023-11-01,C0128,P002,Recurring,490000,0,490000,490000,5880000
R004261,2023-12-01,C0128,P002,Recurring,490000,0,490000,490000,5880000
R004262,2024-01-01,C0128,P002,Recurring,490000,0,490000,490000,5880000
R004263,2024-02-01,C0128,P002,Recurring,490000,0,490000,490000,5880000
R004264,2024-03-01,C0128,P002,Recurring,490000,0,490000,490000,5880000
R004265,2024-04-01,C0128,P002,Recurring,490000,0,490000,490000,5880000
R004266,2024-05-01,C0128,P002,Expansion,490000,70000,560000,560000,6720000
R004267,2024-06-01,C0128,P002,Recurring,560000,0,560000,560000,6720000
R004268,2024-07-01,C0128,P002,Recurring,560000,0,560000,560000,6720000
R004269,2024-08-01,C0128,P002,Recurring,560000,0,560000,560000,6720000
R004270,2024-09-01,C0128,P002,Recurring,560000,0,560000,560000,6720000
R004271,2024-10-01,C0128,P002,Recurring,560000,0,560000,560000,6720000
R004272,2024-11-01,C0128,P002,Recurring,560000,0,560000,560000,6720000
R004273,2024-12-01,C0128,P002,Recurring,560000,0,560000,560000,6720000
R004274,2025-01-01,C0128,P002,Recurring,560000,0,560000,560000,6720000
R004275,2025-02-01,C0128,P002,Expansion,560000,105000,665000,665000,7980000
R004276,2025-03-01,C0128,P002,Recurring,665000,0,665000,665000,7980000
R004277,2025-04-01,C0128,P002,Recurring,665000,0,665000,665000,7980000
R004278,2025-05-01,C0128,P002,Recurring,665000,0,665000,665000,7980000
R004279,2025-06-01,C0128,P002,Recurring,665000,0,665000,665000,7980000
R004280,2025-07-01,C0128,P002,Recurring,665000,0,665000,665000,7980000
R004281,2025-08-01,C0128,P002,Recurring,665000,0,665000,665000,7980000
R004282,2025-09-01,C0128,P002,Recurring,665000,0,665000,665000,7980000
R004283,2025-10-01,C0128,P002,Recurring,665000,0,665000,665000,7980000
R004284,2025-11-01,C0128,P002,Recurring,665000,0,665000,665000,7980000
R004285,2025-12-01,C0128,P002,Recurring,665000,0,665000,665000,7980000
R004286,2023-04-01,C0129,P001,New,0,140000,140000,140000,1680000
R004287,2023-05-01,C0129,P001,Recurring,140000,0,140000,140000,1680000
R004288,2023-06-01,C0129,P001,Recurring,140000,0,140000,140000,1680000
R004289,2023-07-01,C0129,P001,Recurring,140000,0,140000,140000,1680000
R004290,2023-08-01,C0129,P001,Recurring,140000,0,140000,140000,1680000
R004291,2023-09-01,C0129,P001,Recurring,140000,0,140000,140000,1680000
R004292,2023-10-01,C0129,P001,Recurring,140000,0,140000,140000,1680000
R004293,2023-11-01,C0129,P001,Recurring,140000,0,140000,140000,1680000
R004294,2023-12-01,C0129,P001,Recurring,140000,0,140000,140000,1680000
R004295,2024-01-01,C0129,P001,Recurring,140000,0,140000,140000,1680000
R004296,2024-02-01,C0129,P001,Recurring,140000,0,140000,140000,1680000
R004297,2024-03-01,C0129,P001,Recurring,140000,0,140000,140000,1680000
R004298,2024-04-01,C0129,P001,Recurring,140000,0,140000,140000,1680000
R004299,2024-05-01,C0129,P001,Recurring,140000,0,140000,140000,1680000
R004300,2024-06-01,C0129,P001,Recurring,140000,0,140000,140000,1680000
R004301,2024-07-01,C0129,P001,Recurring,140000,0,140000,140000,1680000
R004302,2024-08-01,C0129,P001,Recurring,140000,0,140000,140000,1680000
R004303,2024-09-01,C0129,P001,Recurring,140000,0,140000,140000,1680000
R004304,2024-10-01,C0129,P001,Recurring,140000,0,140000,140000,1680000
R004305,2024-11-01,C0129,P001,Recurring,140000,0,140000,140000,1680000
R004306,2024-12-01,C0129,P001,Recurring,140000,0,140000,140000,1680000
R004307,2025-01-01,C0129,P001,Recurring,140000,0,140000,140000,1680000
R004308,2025-02-01,C0129,P001,Recurring,140000,0,140000,140000,1680000
R004309,2025-03-01,C0129,P001,Recurring,140000,0,140000,140000,1680000
R004310,2025-04-01,C0129,P001,Recurring,140000,0,140000,140000,1680000
R004311,2025-05-01,C0129,P001,Recurring,140000,0,140000,140000,1680000
R004312,2025-06-01,C0129,P001,Recurring,140000,0,140000,140000,1680000
R004313,2025-07-01,C0129,P001,Recurring,140000,0,140000,140000,1680000
R004314,2025-08-01,C0129,P001,Recurring,140000,0,140000,140000,1680000
R004315,2025-09-01,C0129,P001,Recurring,140000,0,140000,140000,1680000
R004316,2025-10-01,C0129,P001,Recurring,140000,0,140000,140000,1680000
R004317,2025-11-01,C0129,P001,Recurring,140000,0,140000,140000,1680000
R004318,2025-12-01,C0129,P001,Recurring,140000,0,140000,140000,1680000
R004319,2023-04-01,C0130,P001,New,0,135000,135000,135000,1620000
R004320,2023-05-01,C0130,P001,Recurring,135000,0,135000,135000,1620000
R004321,2023-06-01,C0130,P001,Recurring,135000,0,135000,135000,1620000
R004322,2023-07-01,C0130,P001,Recurring,135000,0,135000,135000,1620000
R004323,2023-08-01,C0130,P001,Recurring,135000,0,135000,135000,1620000
R004324,2023-09-01,C0130,P001,Recurring,135000,0,135000,135000,1620000
R004325,2023-10-01,C0130,P001,Recurring,135000,0,135000,135000,1620000
R004326,2023-11-01,C0130,P001,Recurring,135000,0,135000,135000,1620000
R004327,2023-12-01,C0130,P001,Recurring,135000,0,135000,135000,1620000
R004328,2024-01-01,C0130,P001,Recurring,135000,0,135000,135000,1620000
R004329,2024-02-01,C0130,P001,Recurring,135000,0,135000,135000,1620000
R004330,2024-03-01,C0130,P001,Recurring,135000,0,135000,135000,1620000
R004331,2024-04-01,C0130,P001,Recurring,135000,0,135000,135000,1620000
R004332,2024-05-01,C0130,P001,Recurring,135000,0,135000,135000,1620000
R004333,2024-06-01,C0130,P001,Recurring,135000,0,135000,135000,1620000
R004334,2024-07-01,C0130,P001,Recurring,135000,0,135000,135000,1620000
R004335,2024-08-01,C0130,P001,Recurring,135000,0,135000,135000,1620000
R004336,2024-09-01,C0130,P001,Recurring,135000,0,135000,135000,1620000
R004337,2024-10-01,C0130,P001,Recurring,135000,0,135000,135000,1620000
R004338,2024-11-01,C0130,P001,Recurring,135000,0,135000,135000,1620000
R004339,2024-12-01,C0130,P001,Expansion,135000,15000,150000,150000,1800000
R004340,2025-01-01,C0130,P001,Recurring,150000,0,150000,150000,1800000
R004341,2025-02-01,C0130,P001,Recurring,150000,0,150000,150000,1800000
R004342,2023-04-01,C0131,P002,New,0,420000,420000,420000,5040000
R004343,2023-05-01,C0131,P002,Recurring,420000,0,420000,420000,5040000
R004344,2023-06-01,C0131,P002,Recurring,420000,0,420000,420000,5040000
R004345,2023-07-01,C0131,P002,Recurring,420000,0,420000,420000,5040000
R004346,2023-08-01,C0131,P002,Recurring,420000,0,420000,420000,5040000
R004347,2023-09-01,C0131,P002,Recurring,420000,0,420000,420000,5040000
R004348,2023-10-01,C0131,P002,Recurring,420000,0,420000,420000,5040000
R004349,2023-11-01,C0131,P002,Recurring,420000,0,420000,420000,5040000
R004350,2023-12-01,C0131,P002,Recurring,420000,0,420000,420000,5040000
R004351,2024-01-01,C0131,P002,Recurring,420000,0,420000,420000,5040000
R004352,2024-02-01,C0131,P002,Recurring,420000,0,420000,420000,5040000
R004353,2024-03-01,C0131,P002,Recurring,420000,0,420000,420000,5040000
R004354,2024-04-01,C0131,P002,Recurring,420000,0,420000,420000,5040000
R004355,2024-05-01,C0131,P002,Recurring,420000,0,420000,420000,5040000
R004356,2024-06-01,C0131,P002,Recurring,420000,0,420000,420000,5040000
R004357,2024-07-01,C0131,P002,Recurring,420000,0,420000,420000,5040000
R004358,2024-08-01,C0131,P002,Recurring,420000,0,420000,420000,5040000
R004359,2024-09-01,C0131,P002,Recurring,420000,0,420000,420000,5040000
R004360,2024-10-01,C0131,P002,Recurring,420000,0,420000,420000,5040000
R004361,2024-11-01,C0131,P002,Recurring,420000,0,420000,420000,5040000
R004362,2024-12-01,C0131,P002,Expansion,420000,50000,470000,470000,5640000
R004363,2025-01-01,C0131,P002,Recurring,470000,0,470000,470000,5640000
R004364,2025-02-01,C0131,P002,Recurring,470000,0,470000,470000,5640000
R004365,2025-03-01,C0131,P002,Recurring,470000,0,470000,470000,5640000
R004366,2025-04-01,C0131,P002,Recurring,470000,0,470000,470000,5640000
R004367,2025-05-01,C0131,P002,Recurring,470000,0,470000,470000,5640000
R004368,2025-06-01,C0131,P002,Recurring,470000,0,470000,470000,5640000
R004369,2025-07-01,C0131,P002,Recurring,470000,0,470000,470000,5640000
R004370,2025-08-01,C0131,P002,Recurring,470000,0,470000,470000,5640000
R004371,2025-09-01,C0131,P002,Recurring,470000,0,470000,470000,5640000
R004372,2025-10-01,C0131,P002,Recurring,470000,0,470000,470000,5640000
R004373,2025-11-01,C0131,P002,Recurring,470000,0,470000,470000,5640000
R004374,2025-12-01,C0131,P002,Recurring,470000,0,470000,470000,5640000
R004375,2023-04-01,C0132,P001,New,0,100000,100000,100000,1200000
R004376,2023-05-01,C0132,P001,Recurring,100000,0,100000,100000,1200000
R004377,2023-06-01,C0132,P001,Recurring,100000,0,100000,100000,1200000
R004378,2023-07-01,C0132,P001,Recurring,100000,0,100000,100000,1200000
R004379,2023-08-01,C0132,P001,Recurring,100000,0,100000,100000,1200000
R004380,2023-09-01,C0132,P001,Recurring,100000,0,100000,100000,1200000
R004381,2023-10-01,C0132,P001,Recurring,100000,0,100000,100000,1200000
R004382,2023-11-01,C0132,P001,Recurring,100000,0,100000,100000,1200000
R004383,2023-12-01,C0132,P001,Recurring,100000,0,100000,100000,1200000
R004384,2024-01-01,C0132,P001,Recurring,100000,0,100000,100000,1200000
R004385,2024-02-01,C0132,P001,Recurring,100000,0,100000,100000,1200000
R004386,2024-03-01,C0132,P001,Recurring,100000,0,100000,100000,1200000
R004387,2024-04-01,C0132,P001,Recurring,100000,0,100000,100000,1200000
R004388,2024-05-01,C0132,P001,Recurring,100000,0,100000,100000,1200000
R004389,2024-06-01,C0132,P001,Recurring,100000,0,100000,100000,1200000
R004390,2024-07-01,C0132,P001,Recurring,100000,0,100000,100000,1200000
R004391,2024-08-01,C0132,P001,Recurring,100000,0,100000,100000,1200000
R004392,2024-09-01,C0132,P001,Recurring,100000,0,100000,100000,1200000
R004393,2024-10-01,C0132,P001,Recurring,100000,0,100000,100000,1200000
R004394,2024-11-01,C0132,P001,Recurring,100000,0,100000,100000,1200000
R004395,2024-12-01,C0132,P001,Recurring,100000,0,100000,100000,1200000
R004396,2025-01-01,C0132,P001,Recurring,100000,0,100000,100000,1200000
R004397,2025-02-01,C0132,P001,Recurring,100000,0,100000,100000,1200000
R004398,2025-03-01,C0132,P001,Recurring,100000,0,100000,100000,1200000
R004399,2025-04-01,C0132,P001,Recurring,100000,0,100000,100000,1200000
R004400,2025-05-01,C0132,P001,Recurring,100000,0,100000,100000,1200000
R004401,2025-06-01,C0132,P001,Recurring,100000,0,100000,100000,1200000
R004402,2025-07-01,C0132,P001,Recurring,100000,0,100000,100000,1200000
R004403,2025-08-01,C0132,P001,Recurring,100000,0,100000,100000,1200000
R004404,2025-09-01,C0132,P001,Recurring,100000,0,100000,100000,1200000
R004405,2025-10-01,C0132,P001,Recurring,100000,0,100000,100000,1200000
R004406,2025-11-01,C0132,P001,Recurring,100000,0,100000,100000,1200000
R004407,2025-12-01,C0132,P001,Recurring,100000,0,100000,100000,1200000
R004408,2023-04-01,C0133,P002,New,0,410000,410000,410000,4920000
R004409,2023-05-01,C0133,P002,Recurring,410000,0,410000,410000,4920000
R004410,2023-06-01,C0133,P002,Recurring,410000,0,410000,410000,4920000
R004411,2023-07-01,C0133,P002,Recurring,410000,0,410000,410000,4920000
R004412,2023-08-01,C0133,P002,Recurring,410000,0,410000,410000,4920000
R004413,2023-09-01,C0133,P002,Recurring,410000,0,410000,410000,4920000
R004414,2023-10-01,C0133,P002,Recurring,410000,0,410000,410000,4920000
R004415,2023-11-01,C0133,P002,Recurring,410000,0,410000,410000,4920000
R004416,2023-12-01,C0133,P002,Recurring,410000,0,410000,410000,4920000
R004417,2024-01-01,C0133,P002,Recurring,410000,0,410000,410000,4920000
R004418,2024-02-01,C0133,P002,Recurring,410000,0,410000,410000,4920000
R004419,2024-03-01,C0133,P002,Recurring,410000,0,410000,410000,4920000
R004420,2024-04-01,C0133,P002,Recurring,410000,0,410000,410000,4920000
R004421,2024-05-01,C0133,P002,Recurring,410000,0,410000,410000,4920000
R004422,2024-06-01,C0133,P002,Recurring,410000,0,410000,410000,4920000
R004423,2024-07-01,C0133,P002,Recurring,410000,0,410000,410000,4920000
R004424,2024-08-01,C0133,P002,Recurring,410000,0,410000,410000,4920000
R004425,2024-09-01,C0133,P002,Recurring,410000,0,410000,410000,4920000
R004426,2024-10-01,C0133,P002,Recurring,410000,0,410000,410000,4920000
R004427,2024-11-01,C0133,P002,Recurring,410000,0,410000,410000,4920000
R004428,2024-12-01,C0133,P002,Recurring,410000,0,410000,410000,4920000
R004429,2025-01-01,C0133,P002,Recurring,410000,0,410000,410000,4920000
R004430,2025-02-01,C0133,P002,Recurring,410000,0,410000,410000,4920000
R004431,2025-03-01,C0133,P002,Recurring,410000,0,410000,410000,4920000
R004432,2025-04-01,C0133,P002,Recurring,410000,0,410000,410000,4920000
R004433,2025-05-01,C0133,P002,Recurring,410000,0,410000,410000,4920000
R004434,2025-06-01,C0133,P002,Recurring,410000,0,410000,410000,4920000
R004435,2025-07-01,C0133,P002,Recurring,410000,0,410000,410000,4920000
R004436,2025-08-01,C0133,P002,Recurring,410000,0,410000,410000,4920000
R004437,2025-09-01,C0133,P002,Recurring,410000,0,410000,410000,4920000
R004438,2025-10-01,C0133,P002,Recurring,410000,0,410000,410000,4920000
R004439,2025-11-01,C0133,P002,Recurring,410000,0,410000,410000,4920000
R004440,2025-12-01,C0133,P002,Recurring,410000,0,410000,410000,4920000
R004441,2023-04-01,C0134,P002,New,0,450000,450000,450000,5400000
R004442,2023-05-01,C0134,P002,Recurring,450000,0,450000,450000,5400000
R004443,2023-06-01,C0134,P002,Recurring,450000,0,450000,450000,5400000
R004444,2023-07-01,C0134,P002,Recurring,450000,0,450000,450000,5400000
R004445,2023-08-01,C0134,P002,Recurring,450000,0,450000,450000,5400000
R004446,2023-09-01,C0134,P002,Recurring,450000,0,450000,450000,5400000
R004447,2023-10-01,C0134,P002,Recurring,450000,0,450000,450000,5400000
R004448,2023-11-01,C0134,P002,Recurring,450000,0,450000,450000,5400000
R004449,2023-12-01,C0134,P002,Recurring,450000,0,450000,450000,5400000
R004450,2024-01-01,C0134,P002,Recurring,450000,0,450000,450000,5400000
R004451,2024-02-01,C0134,P002,Recurring,450000,0,450000,450000,5400000
R004452,2024-03-01,C0134,P002,Recurring,450000,0,450000,450000,5400000
R004453,2024-04-01,C0134,P002,Recurring,450000,0,450000,450000,5400000
R004454,2024-05-01,C0134,P002,Recurring,450000,0,450000,450000,5400000
R004455,2024-06-01,C0134,P002,Recurring,450000,0,450000,450000,5400000
R004456,2024-07-01,C0134,P002,Recurring,450000,0,450000,450000,5400000
R004457,2024-08-01,C0134,P002,Recurring,450000,0,450000,450000,5400000
R004458,2024-09-01,C0134,P002,Recurring,450000,0,450000,450000,5400000
R004459,2024-10-01,C0134,P002,Recurring,450000,0,450000,450000,5400000
R004460,2024-11-01,C0134,P002,Recurring,450000,0,450000,450000,5400000
R004461,2024-12-01,C0134,P002,Recurring,450000,0,450000,450000,5400000
R004462,2025-01-01,C0134,P002,Recurring,450000,0,450000,450000,5400000
R004463,2025-02-01,C0134,P002,Recurring,450000,0,450000,450000,5400000
R004464,2025-03-01,C0134,P002,Recurring,450000,0,450000,450000,5400000
R004465,2025-04-01,C0134,P002,Recurring,450000,0,450000,450000,5400000
R004466,2025-05-01,C0134,P002,Recurring,450000,0,450000,450000,5400000
R004467,2025-06-01,C0134,P002,Recurring,450000,0,450000,450000,5400000
R004468,2025-07-01,C0134,P002,Recurring,450000,0,450000,450000,5400000
R004469,2025-08-01,C0134,P002,Recurring,450000,0,450000,450000,5400000
R004470,2025-09-01,C0134,P002,Recurring,450000,0,450000,450000,5400000
R004471,2025-10-01,C0134,P002,Recurring,450000,0,450000,450000,5400000
R004472,2025-11-01,C0134,P002,Recurring,450000,0,450000,450000,5400000
R004473,2025-12-01,C0134,P002,Recurring,450000,0,450000,450000,5400000
R004474,2023-04-01,C0135,P001,New,0,140000,140000,140000,1680000
R004475,2023-05-01,C0135,P001,Recurring,140000,0,140000,140000,1680000
R004476,2023-06-01,C0135,P001,Recurring,140000,0,140000,140000,1680000
R004477,2023-07-01,C0135,P001,Recurring,140000,0,140000,140000,1680000
R004478,2023-08-01,C0135,P001,Recurring,140000,0,140000,140000,1680000
R004479,2023-09-01,C0135,P001,Recurring,140000,0,140000,140000,1680000
R004480,2023-10-01,C0135,P001,Recurring,140000,0,140000,140000,1680000
R004481,2023-11-01,C0135,P001,Recurring,140000,0,140000,140000,1680000
R004482,2023-12-01,C0135,P001,Recurring,140000,0,140000,140000,1680000
R004483,2024-01-01,C0135,P001,Recurring,140000,0,140000,140000,1680000
R004484,2024-02-01,C0135,P001,Recurring,140000,0,140000,140000,1680000
R004485,2024-03-01,C0135,P001,Recurring,140000,0,140000,140000,1680000
R004486,2024-04-01,C0135,P001,Recurring,140000,0,140000,140000,1680000
R004487,2024-05-01,C0135,P001,Recurring,140000,0,140000,140000,1680000
R004488,2024-06-01,C0135,P001,Recurring,140000,0,140000,140000,1680000
R004489,2024-07-01,C0135,P001,Recurring,140000,0,140000,140000,1680000
R004490,2024-08-01,C0135,P001,Recurring,140000,0,140000,140000,1680000
R004491,2024-09-01,C0135,P001,Recurring,140000,0,140000,140000,1680000
R004492,2024-10-01,C0135,P001,Recurring,140000,0,140000,140000,1680000
R004493,2024-11-01,C0135,P001,Recurring,140000,0,140000,140000,1680000
R004494,2024-12-01,C0135,P001,Recurring,140000,0,140000,140000,1680000
R004495,2025-01-01,C0135,P001,Recurring,140000,0,140000,140000,1680000
R004496,2025-02-01,C0135,P001,Recurring,140000,0,140000,140000,1680000
R004497,2025-03-01,C0135,P001,Recurring,140000,0,140000,140000,1680000
R004498,2025-04-01,C0135,P001,Recurring,140000,0,140000,140000,1680000
R004499,2025-05-01,C0135,P001,Recurring,140000,0,140000,140000,1680000
R004500,2025-06-01,C0135,P001,Recurring,140000,0,140000,140000,1680000
R004501,2025-07-01,C0135,P001,Recurring,140000,0,140000,140000,1680000
R004502,2025-08-01,C0135,P001,Recurring,140000,0,140000,140000,1680000
R004503,2025-09-01,C0135,P001,Recurring,140000,0,140000,140000,1680000
R004504,2025-10-01,C0135,P001,Recurring,140000,0,140000,140000,1680000
R004505,2025-11-01,C0135,P001,Recurring,140000,0,140000,140000,1680000
R004506,2025-12-01,C0135,P001,Recurring,140000,0,140000,140000,1680000
R004507,2023-04-01,C0136,P001,New,0,135000,135000,135000,1620000
R004508,2023-05-01,C0136,P001,Recurring,135000,0,135000,135000,1620000
R004509,2023-06-01,C0136,P001,Recurring,135000,0,135000,135000,1620000
R004510,2023-07-01,C0136,P001,Recurring,135000,0,135000,135000,1620000
R004511,2023-08-01,C0136,P001,Recurring,135000,0,135000,135000,1620000
R004512,2023-09-01,C0136,P001,Recurring,135000,0,135000,135000,1620000
R004513,2023-10-01,C0136,P001,Recurring,135000,0,135000,135000,1620000
R004514,2023-11-01,C0136,P001,Recurring,135000,0,135000,135000,1620000
R004515,2023-12-01,C0136,P001,Recurring,135000,0,135000,135000,1620000
R004516,2024-01-01,C0136,P001,Recurring,135000,0,135000,135000,1620000
R004517,2024-02-01,C0136,P001,Recurring,135000,0,135000,135000,1620000
R004518,2024-03-01,C0136,P001,Recurring,135000,0,135000,135000,1620000
R004519,2024-04-01,C0136,P001,Recurring,135000,0,135000,135000,1620000
R004520,2024-05-01,C0136,P001,Recurring,135000,0,135000,135000,1620000
R004521,2024-06-01,C0136,P001,Recurring,135000,0,135000,135000,1620000
R004522,2024-07-01,C0136,P001,Recurring,135000,0,135000,135000,1620000
R004523,2024-08-01,C0136,P001,Expansion,135000,20000,155000,155000,1860000
R004524,2024-09-01,C0136,P001,Recurring,155000,0,155000,155000,1860000
R004525,2024-10-01,C0136,P001,Recurring,155000,0,155000,155000,1860000
R004526,2024-11-01,C0136,P001,Recurring,155000,0,155000,155000,1860000
R004527,2024-12-01,C0136,P001,Recurring,155000,0,155000,155000,1860000
R004528,2025-01-01,C0136,P001,Recurring,155000,0,155000,155000,1860000
R004529,2023-05-01,C0137,P001,New,0,170000,170000,170000,2040000
R004530,2023-06-01,C0137,P001,Recurring,170000,0,170000,170000,2040000
R004531,2023-07-01,C0137,P001,Recurring,170000,0,170000,170000,2040000
R004532,2023-08-01,C0137,P001,Recurring,170000,0,170000,170000,2040000
R004533,2023-09-01,C0137,P001,Recurring,170000,0,170000,170000,2040000
R004534,2023-10-01,C0137,P001,Recurring,170000,0,170000,170000,2040000
R004535,2023-11-01,C0137,P001,Recurring,170000,0,170000,170000,2040000
R004536,2023-12-01,C0137,P001,Recurring,170000,0,170000,170000,2040000
R004537,2024-01-01,C0137,P001,Recurring,170000,0,170000,170000,2040000
R004538,2024-02-01,C0137,P001,Recurring,170000,0,170000,170000,2040000
R004539,2024-03-01,C0137,P001,Recurring,170000,0,170000,170000,2040000
R004540,2024-04-01,C0137,P001,Recurring,170000,0,170000,170000,2040000
R004541,2024-05-01,C0137,P001,Recurring,170000,0,170000,170000,2040000
R004542,2024-06-01,C0137,P001,Recurring,170000,0,170000,170000,2040000
R004543,2024-07-01,C0137,P001,Recurring,170000,0,170000,170000,2040000
R004544,2024-08-01,C0137,P001,Recurring,170000,0,170000,170000,2040000
R004545,2024-09-01,C0137,P001,Recurring,170000,0,170000,170000,2040000
R004546,2024-10-01,C0137,P001,Recurring,170000,0,170000,170000,2040000
R004547,2024-11-01,C0137,P001,Recurring,170000,0,170000,170000,2040000
R004548,2024-12-01,C0137,P001,Recurring,170000,0,170000,170000,2040000
R004549,2025-01-01,C0137,P001,Recurring,170000,0,170000,170000,2040000
R004550,2025-02-01,C0137,P001,Recurring,170000,0,170000,170000,2040000
R004551,2025-03-01,C0137,P001,Recurring,170000,0,170000,170000,2040000
R004552,2025-04-01,C0137,P001,Recurring,170000,0,170000,170000,2040000
R004553,2025-05-01,C0137,P001,Recurring,170000,0,170000,170000,2040000
R004554,2025-06-01,C0137,P001,Recurring,170000,0,170000,170000,2040000
R004555,2025-07-01,C0137,P001,Recurring,170000,0,170000,170000,2040000
R004556,2025-08-01,C0137,P001,Recurring,170000,0,170000,170000,2040000
R004557,2025-09-01,C0137,P001,Recurring,170000,0,170000,170000,2040000
R004558,2023-05-01,C0138,P001,New,0,160000,160000,160000,1920000
R004559,2023-06-01,C0138,P001,Recurring,160000,0,160000,160000,1920000
R004560,2023-07-01,C0138,P001,Recurring,160000,0,160000,160000,1920000
R004561,2023-08-01,C0138,P001,Recurring,160000,0,160000,160000,1920000
R004562,2023-09-01,C0138,P001,Recurring,160000,0,160000,160000,1920000
R004563,2023-10-01,C0138,P001,Recurring,160000,0,160000,160000,1920000
R004564,2023-11-01,C0138,P001,Recurring,160000,0,160000,160000,1920000
R004565,2023-12-01,C0138,P001,Recurring,160000,0,160000,160000,1920000
R004566,2024-01-01,C0138,P001,Recurring,160000,0,160000,160000,1920000
R004567,2024-02-01,C0138,P001,Recurring,160000,0,160000,160000,1920000
R004568,2024-03-01,C0138,P001,Recurring,160000,0,160000,160000,1920000
R004569,2024-04-01,C0138,P001,Recurring,160000,0,160000,160000,1920000
R004570,2024-05-01,C0138,P001,Recurring,160000,0,160000,160000,1920000
R004571,2024-06-01,C0138,P001,Recurring,160000,0,160000,160000,1920000
R004572,2024-07-01,C0138,P001,Recurring,160000,0,160000,160000,1920000
R004573,2024-08-01,C0138,P001,Recurring,160000,0,160000,160000,1920000
R004574,2024-09-01,C0138,P001,Recurring,160000,0,160000,160000,1920000
R004575,2024-10-01,C0138,P001,Recurring,160000,0,160000,160000,1920000
R004576,2024-11-01,C0138,P001,Recurring,160000,0,160000,160000,1920000
R004577,2024-12-01,C0138,P001,Recurring,160000,0,160000,160000,1920000
R004578,2025-01-01,C0138,P001,Recurring,160000,0,160000,160000,1920000
R004579,2025-02-01,C0138,P001,Recurring,160000,0,160000,160000,1920000
R004580,2025-03-01,C0138,P001,Recurring,160000,0,160000,160000,1920000
R004581,2025-04-01,C0138,P001,Recurring,160000,0,160000,160000,1920000
R004582,2025-05-01,C0138,P001,Recurring,160000,0,160000,160000,1920000
R004583,2025-06-01,C0138,P001,Recurring,160000,0,160000,160000,1920000
R004584,2025-07-01,C0138,P001,Recurring,160000,0,160000,160000,1920000
R004585,2025-08-01,C0138,P001,Recurring,160000,0,160000,160000,1920000
R004586,2025-09-01,C0138,P001,Recurring,160000,0,160000,160000,1920000
R004587,2025-10-01,C0138,P001,Recurring,160000,0,160000,160000,1920000
R004588,2025-11-01,C0138,P001,Recurring,160000,0,160000,160000,1920000
R004589,2025-12-01,C0138,P001,Recurring,160000,0,160000,160000,1920000
R004590,2023-05-01,C0139,P001,New,0,130000,130000,130000,1560000
R004591,2023-06-01,C0139,P001,Recurring,130000,0,130000,130000,1560000
R004592,2023-07-01,C0139,P001,Recurring,130000,0,130000,130000,1560000
R004593,2023-08-01,C0139,P001,Recurring,130000,0,130000,130000,1560000
R004594,2023-09-01,C0139,P001,Recurring,130000,0,130000,130000,1560000
R004595,2023-10-01,C0139,P001,Recurring,130000,0,130000,130000,1560000
R004596,2023-11-01,C0139,P001,Recurring,130000,0,130000,130000,1560000
R004597,2023-12-01,C0139,P001,Recurring,130000,0,130000,130000,1560000
R004598,2024-01-01,C0139,P001,Recurring,130000,0,130000,130000,1560000
R004599,2024-02-01,C0139,P001,Recurring,130000,0,130000,130000,1560000
R004600,2024-03-01,C0139,P001,Recurring,130000,0,130000,130000,1560000
R004601,2024-04-01,C0139,P001,Recurring,130000,0,130000,130000,1560000
R004602,2024-05-01,C0139,P001,Recurring,130000,0,130000,130000,1560000
R004603,2024-06-01,C0139,P001,Recurring,130000,0,130000,130000,1560000
R004604,2024-07-01,C0139,P001,Recurring,130000,0,130000,130000,1560000
R004605,2024-08-01,C0139,P001,Recurring,130000,0,130000,130000,1560000
R004606,2024-09-01,C0139,P001,Recurring,130000,0,130000,130000,1560000
R004607,2024-10-01,C0139,P001,Recurring,130000,0,130000,130000,1560000
R004608,2024-11-01,C0139,P001,Recurring,130000,0,130000,130000,1560000
R004609,2024-12-01,C0139,P001,Recurring,130000,0,130000,130000,1560000
R004610,2025-01-01,C0139,P001,Recurring,130000,0,130000,130000,1560000
R004611,2025-02-01,C0139,P001,Recurring,130000,0,130000,130000,1560000
R004612,2025-03-01,C0139,P001,Recurring,130000,0,130000,130000,1560000
R004613,2025-04-01,C0139,P001,Recurring,130000,0,130000,130000,1560000
R004614,2025-05-01,C0139,P001,Recurring,130000,0,130000,130000,1560000
R004615,2025-06-01,C0139,P001,Recurring,130000,0,130000,130000,1560000
R004616,2025-07-01,C0139,P001,Recurring,130000,0,130000,130000,1560000
R004617,2025-08-01,C0139,P001,Recurring,130000,0,130000,130000,1560000
R004618,2025-09-01,C0139,P001,Recurring,130000,0,130000,130000,1560000
R004619,2025-10-01,C0139,P001,Recurring,130000,0,130000,130000,1560000
R004620,2025-11-01,C0139,P001,Recurring,130000,0,130000,130000,1560000
R004621,2025-12-01,C0139,P001,Recurring,130000,0,130000,130000,1560000
R004622,2023-05-01,C0140,P001,New,0,125000,125000,125000,1500000
R004623,2023-06-01,C0140,P001,Recurring,125000,0,125000,125000,1500000
R004624,2023-07-01,C0140,P001,Recurring,125000,0,125000,125000,1500000
R004625,2023-08-01,C0140,P001,Recurring,125000,0,125000,125000,1500000
R004626,2023-09-01,C0140,P001,Recurring,125000,0,125000,125000,1500000
R004627,2023-10-01,C0140,P001,Recurring,125000,0,125000,125000,1500000
R004628,2023-11-01,C0140,P001,Recurring,125000,0,125000,125000,1500000
R004629,2023-12-01,C0140,P001,Recurring,125000,0,125000,125000,1500000
R004630,2024-01-01,C0140,P001,Recurring,125000,0,125000,125000,1500000
R004631,2024-02-01,C0140,P001,Recurring,125000,0,125000,125000,1500000
R004632,2024-03-01,C0140,P001,Recurring,125000,0,125000,125000,1500000
R004633,2024-04-01,C0140,P001,Recurring,125000,0,125000,125000,1500000
R004634,2024-05-01,C0140,P001,Recurring,125000,0,125000,125000,1500000
R004635,2024-06-01,C0140,P001,Recurring,125000,0,125000,125000,1500000
R004636,2024-07-01,C0140,P001,Recurring,125000,0,125000,125000,1500000
R004637,2024-08-01,C0140,P001,Recurring,125000,0,125000,125000,1500000
R004638,2024-09-01,C0140,P001,Recurring,125000,0,125000,125000,1500000
R004639,2024-10-01,C0140,P001,Recurring,125000,0,125000,125000,1500000
R004640,2024-11-01,C0140,P001,Recurring,125000,0,125000,125000,1500000
R004641,2024-12-01,C0140,P001,Recurring,125000,0,125000,125000,1500000
R004642,2025-01-01,C0140,P001,Recurring,125000,0,125000,125000,1500000
R004643,2025-02-01,C0140,P001,Recurring,125000,0,125000,125000,1500000
R004644,2025-03-01,C0140,P001,Recurring,125000,0,125000,125000,1500000
R004645,2025-04-01,C0140,P001,Recurring,125000,0,125000,125000,1500000
R004646,2025-05-01,C0140,P001,Recurring,125000,0,125000,125000,1500000
R004647,2025-06-01,C0140,P001,Recurring,125000,0,125000,125000,1500000
R004648,2025-07-01,C0140,P001,Recurring,125000,0,125000,125000,1500000
R004649,2025-08-01,C0140,P001,Recurring,125000,0,125000,125000,1500000
R004650,2025-09-01,C0140,P001,Recurring,125000,0,125000,125000,1500000
R004651,2025-10-01,C0140,P001,Recurring,125000,0,125000,125000,1500000
R004652,2025-11-01,C0140,P001,Recurring,125000,0,125000,125000,1500000
R004653,2025-12-01,C0140,P001,Expansion,125000,15000,140000,140000,1680000
R004654,2023-05-01,C0141,P001,New,0,160000,160000,160000,1920000
R004655,2023-06-01,C0141,P001,Recurring,160000,0,160000,160000,1920000
R004656,2023-07-01,C0141,P001,Recurring,160000,0,160000,160000,1920000
R004657,2023-08-01,C0141,P001,Recurring,160000,0,160000,160000,1920000
R004658,2023-09-01,C0141,P001,Recurring,160000,0,160000,160000,1920000
R004659,2023-10-01,C0141,P001,Recurring,160000,0,160000,160000,1920000
R004660,2023-11-01,C0141,P001,Recurring,160000,0,160000,160000,1920000
R004661,2023-12-01,C0141,P001,Recurring,160000,0,160000,160000,1920000
R004662,2024-01-01,C0141,P001,Recurring,160000,0,160000,160000,1920000
R004663,2024-02-01,C0141,P001,Recurring,160000,0,160000,160000,1920000
R004664,2024-03-01,C0141,P001,Recurring,160000,0,160000,160000,1920000
R004665,2024-04-01,C0141,P001,Recurring,160000,0,160000,160000,1920000
R004666,2024-05-01,C0141,P001,Recurring,160000,0,160000,160000,1920000
R004667,2024-06-01,C0141,P001,Recurring,160000,0,160000,160000,1920000
R004668,2024-07-01,C0141,P001,Recurring,160000,0,160000,160000,1920000
R004669,2024-08-01,C0141,P001,Recurring,160000,0,160000,160000,1920000
R004670,2024-09-01,C0141,P001,Recurring,160000,0,160000,160000,1920000
R004671,2024-10-01,C0141,P001,Recurring,160000,0,160000,160000,1920000
R004672,2024-11-01,C0141,P001,Recurring,160000,0,160000,160000,1920000
R004673,2024-12-01,C0141,P001,Recurring,160000,0,160000,160000,1920000
R004674,2025-01-01,C0141,P001,Recurring,160000,0,160000,160000,1920000
R004675,2025-02-01,C0141,P001,Recurring,160000,0,160000,160000,1920000
R004676,2025-03-01,C0141,P001,Recurring,160000,0,160000,160000,1920000
R004677,2025-04-01,C0141,P001,Recurring,160000,0,160000,160000,1920000
R004678,2025-05-01,C0141,P001,Recurring,160000,0,160000,160000,1920000
R004679,2025-06-01,C0141,P001,Recurring,160000,0,160000,160000,1920000
R004680,2025-07-01,C0141,P001,Recurring,160000,0,160000,160000,1920000
R004681,2025-08-01,C0141,P001,Recurring,160000,0,160000,160000,1920000
R004682,2025-09-01,C0141,P001,Recurring,160000,0,160000,160000,1920000
R004683,2025-10-01,C0141,P001,Recurring,160000,0,160000,160000,1920000
R004684,2025-11-01,C0141,P001,Recurring,160000,0,160000,160000,1920000
R004685,2025-12-01,C0141,P001,Recurring,160000,0,160000,160000,1920000
R004686,2023-05-01,C0142,P002,New,0,480000,480000,480000,5760000
R004687,2023-06-01,C0142,P002,Recurring,480000,0,480000,480000,5760000
R004688,2023-07-01,C0142,P002,Recurring,480000,0,480000,480000,5760000
R004689,2023-08-01,C0142,P002,Recurring,480000,0,480000,480000,5760000
R004690,2023-09-01,C0142,P002,Recurring,480000,0,480000,480000,5760000
R004691,2023-10-01,C0142,P002,Recurring,480000,0,480000,480000,5760000
R004692,2023-11-01,C0142,P002,Recurring,480000,0,480000,480000,5760000
R004693,2023-12-01,C0142,P002,Recurring,480000,0,480000,480000,5760000
R004694,2024-01-01,C0142,P002,Recurring,480000,0,480000,480000,5760000
R004695,2024-02-01,C0142,P002,Recurring,480000,0,480000,480000,5760000
R004696,2024-03-01,C0142,P002,Recurring,480000,0,480000,480000,5760000
R004697,2024-04-01,C0142,P002,Recurring,480000,0,480000,480000,5760000
R004698,2024-05-01,C0142,P002,Recurring,480000,0,480000,480000,5760000
R004699,2024-06-01,C0142,P002,Recurring,480000,0,480000,480000,5760000
R004700,2024-07-01,C0142,P002,Recurring,480000,0,480000,480000,5760000
R004701,2024-08-01,C0142,P002,Recurring,480000,0,480000,480000,5760000
R004702,2024-09-01,C0142,P002,Recurring,480000,0,480000,480000,5760000
R004703,2024-10-01,C0142,P002,Recurring,480000,0,480000,480000,5760000
R004704,2024-11-01,C0142,P002,Recurring,480000,0,480000,480000,5760000
R004705,2024-12-01,C0142,P002,Recurring,480000,0,480000,480000,5760000
R004706,2025-01-01,C0142,P002,Recurring,480000,0,480000,480000,5760000
R004707,2025-02-01,C0142,P002,Recurring,480000,0,480000,480000,5760000
R004708,2025-03-01,C0142,P002,Recurring,480000,0,480000,480000,5760000
R004709,2025-04-01,C0142,P002,Recurring,480000,0,480000,480000,5760000
R004710,2025-05-01,C0142,P002,Recurring,480000,0,480000,480000,5760000
R004711,2025-06-01,C0142,P002,Recurring,480000,0,480000,480000,5760000
R004712,2025-07-01,C0142,P002,Recurring,480000,0,480000,480000,5760000
R004713,2025-08-01,C0142,P002,Recurring,480000,0,480000,480000,5760000
R004714,2025-09-01,C0142,P002,Recurring,480000,0,480000,480000,5760000
R004715,2025-10-01,C0142,P002,Recurring,480000,0,480000,480000,5760000
R004716,2025-11-01,C0142,P002,Recurring,480000,0,480000,480000,5760000
R004717,2025-12-01,C0142,P002,Recurring,480000,0,480000,480000,5760000
R004718,2023-05-01,C0143,P001,New,0,165000,165000,165000,1980000
R004719,2023-06-01,C0143,P001,Recurring,165000,0,165000,165000,1980000
R004720,2023-07-01,C0143,P001,Recurring,165000,0,165000,165000,1980000
R004721,2023-08-01,C0143,P001,Recurring,165000,0,165000,165000,1980000
R004722,2023-09-01,C0143,P001,Recurring,165000,0,165000,165000,1980000
R004723,2023-10-01,C0143,P001,Recurring,165000,0,165000,165000,1980000
R004724,2023-11-01,C0143,P001,Recurring,165000,0,165000,165000,1980000
R004725,2023-12-01,C0143,P001,Recurring,165000,0,165000,165000,1980000
R004726,2024-01-01,C0143,P001,Recurring,165000,0,165000,165000,1980000
R004727,2024-02-01,C0143,P001,Recurring,165000,0,165000,165000,1980000
R004728,2024-03-01,C0143,P001,Recurring,165000,0,165000,165000,1980000
R004729,2024-04-01,C0143,P001,Recurring,165000,0,165000,165000,1980000
R004730,2023-05-01,C0144,P002,New,0,490000,490000,490000,5880000
R004731,2023-06-01,C0144,P002,Recurring,490000,0,490000,490000,5880000
R004732,2023-07-01,C0144,P002,Recurring,490000,0,490000,490000,5880000
R004733,2023-08-01,C0144,P002,Recurring,490000,0,490000,490000,5880000
R004734,2023-09-01,C0144,P002,Recurring,490000,0,490000,490000,5880000
R004735,2023-10-01,C0144,P002,Recurring,490000,0,490000,490000,5880000
R004736,2023-11-01,C0144,P002,Recurring,490000,0,490000,490000,5880000
R004737,2023-12-01,C0144,P002,Recurring,490000,0,490000,490000,5880000
R004738,2024-01-01,C0144,P002,Recurring,490000,0,490000,490000,5880000
R004739,2024-02-01,C0144,P002,Recurring,490000,0,490000,490000,5880000
R004740,2024-03-01,C0144,P002,Expansion,490000,55000,545000,545000,6540000
R004741,2024-04-01,C0144,P002,Recurring,545000,0,545000,545000,6540000
R004742,2024-05-01,C0144,P002,Recurring,545000,0,545000,545000,6540000
R004743,2024-06-01,C0144,P002,Recurring,545000,0,545000,545000,6540000
R004744,2024-07-01,C0144,P002,Recurring,545000,0,545000,545000,6540000
R004745,2024-08-01,C0144,P002,Recurring,545000,0,545000,545000,6540000
R004746,2024-09-01,C0144,P002,Recurring,545000,0,545000,545000,6540000
R004747,2024-10-01,C0144,P002,Recurring,545000,0,545000,545000,6540000
R004748,2024-11-01,C0144,P002,Recurring,545000,0,545000,545000,6540000
R004749,2024-12-01,C0144,P002,Recurring,545000,0,545000,545000,6540000
R004750,2025-01-01,C0144,P002,Recurring,545000,0,545000,545000,6540000
R004751,2025-02-01,C0144,P002,Recurring,545000,0,545000,545000,6540000
R004752,2025-03-01,C0144,P002,Recurring,545000,0,545000,545000,6540000
R004753,2025-04-01,C0144,P002,Recurring,545000,0,545000,545000,6540000
R004754,2025-05-01,C0144,P002,Recurring,545000,0,545000,545000,6540000
R004755,2025-06-01,C0144,P002,Recurring,545000,0,545000,545000,6540000
R004756,2025-07-01,C0144,P002,Recurring,545000,0,545000,545000,6540000
R004757,2025-08-01,C0144,P002,Recurring,545000,0,545000,545000,6540000
R004758,2025-09-01,C0144,P002,Recurring,545000,0,545000,545000,6540000
R004759,2025-10-01,C0144,P002,Recurring,545000,0,545000,545000,6540000
R004760,2025-11-01,C0144,P002,Recurring,545000,0,545000,545000,6540000
R004761,2025-12-01,C0144,P002,Recurring,545000,0,545000,545000,6540000
R004762,2023-05-01,C0145,P001,New,0,100000,100000,100000,1200000
R004763,2023-06-01,C0145,P001,Recurring,100000,0,100000,100000,1200000
R004764,2023-07-01,C0145,P001,Recurring,100000,0,100000,100000,1200000
R004765,2023-08-01,C0145,P001,Recurring,100000,0,100000,100000,1200000
R004766,2023-09-01,C0145,P001,Recurring,100000,0,100000,100000,1200000
R004767,2023-10-01,C0145,P001,Recurring,100000,0,100000,100000,1200000
R004768,2023-11-01,C0145,P001,Recurring,100000,0,100000,100000,1200000
R004769,2023-12-01,C0145,P001,Recurring,100000,0,100000,100000,1200000
R004770,2024-01-01,C0145,P001,Recurring,100000,0,100000,100000,1200000
R004771,2024-02-01,C0145,P001,Recurring,100000,0,100000,100000,1200000
R004772,2024-03-01,C0145,P001,Recurring,100000,0,100000,100000,1200000
R004773,2024-04-01,C0145,P001,Recurring,100000,0,100000,100000,1200000
R004774,2024-05-01,C0145,P001,Recurring,100000,0,100000,100000,1200000
R004775,2024-06-01,C0145,P001,Recurring,100000,0,100000,100000,1200000
R004776,2024-07-01,C0145,P001,Recurring,100000,0,100000,100000,1200000
R004777,2024-08-01,C0145,P001,Recurring,100000,0,100000,100000,1200000
R004778,2024-09-01,C0145,P001,Recurring,100000,0,100000,100000,1200000
R004779,2024-10-01,C0145,P001,Recurring,100000,0,100000,100000,1200000
R004780,2024-11-01,C0145,P001,Recurring,100000,0,100000,100000,1200000
R004781,2024-12-01,C0145,P002,Upgrade,100000,150000,250000,250000,3000000
R004782,2025-01-01,C0145,P002,Recurring,250000,0,250000,250000,3000000
R004783,2025-02-01,C0145,P002,Recurring,250000,0,250000,250000,3000000
R004784,2025-03-01,C0145,P002,Recurring,250000,0,250000,250000,3000000
R004785,2025-04-01,C0145,P002,Recurring,250000,0,250000,250000,3000000
R004786,2025-05-01,C0145,P002,Recurring,250000,0,250000,250000,3000000
R004787,2025-06-01,C0145,P002,Recurring,250000,0,250000,250000,3000000
R004788,2025-07-01,C0145,P002,Recurring,250000,0,250000,250000,3000000
R004789,2025-08-01,C0145,P002,Recurring,250000,0,250000,250000,3000000
R004790,2025-09-01,C0145,P002,Recurring,250000,0,250000,250000,3000000
R004791,2025-10-01,C0145,P002,Recurring,250000,0,250000,250000,3000000
R004792,2025-11-01,C0145,P002,Expansion,250000,35000,285000,285000,3420000
R004793,2025-12-01,C0145,P002,Recurring,285000,0,285000,285000,3420000
R004794,2023-05-01,C0146,P001,New,0,125000,125000,125000,1500000
R004795,2023-06-01,C0146,P001,Recurring,125000,0,125000,125000,1500000
R004796,2023-07-01,C0146,P001,Recurring,125000,0,125000,125000,1500000
R004797,2023-08-01,C0146,P001,Recurring,125000,0,125000,125000,1500000
R004798,2023-09-01,C0146,P001,Recurring,125000,0,125000,125000,1500000
R004799,2023-10-01,C0146,P001,Recurring,125000,0,125000,125000,1500000
R004800,2023-11-01,C0146,P001,Recurring,125000,0,125000,125000,1500000
R004801,2023-12-01,C0146,P001,Recurring,125000,0,125000,125000,1500000
R004802,2024-01-01,C0146,P001,Recurring,125000,0,125000,125000,1500000
R004803,2024-02-01,C0146,P001,Recurring,125000,0,125000,125000,1500000
R004804,2024-03-01,C0146,P001,Recurring,125000,0,125000,125000,1500000
R004805,2024-04-01,C0146,P001,Recurring,125000,0,125000,125000,1500000
R004806,2024-05-01,C0146,P001,Recurring,125000,0,125000,125000,1500000
R004807,2024-06-01,C0146,P001,Recurring,125000,0,125000,125000,1500000
R004808,2024-07-01,C0146,P001,Recurring,125000,0,125000,125000,1500000
R004809,2024-08-01,C0146,P001,Recurring,125000,0,125000,125000,1500000
R004810,2024-09-01,C0146,P001,Recurring,125000,0,125000,125000,1500000
R004811,2024-10-01,C0146,P001,Expansion,125000,10000,135000,135000,1620000
R004812,2024-11-01,C0146,P001,Recurring,135000,0,135000,135000,1620000
R004813,2024-12-01,C0146,P001,Recurring,135000,0,135000,135000,1620000
R004814,2025-01-01,C0146,P001,Recurring,135000,0,135000,135000,1620000
R004815,2025-02-01,C0146,P001,Recurring,135000,0,135000,135000,1620000
R004816,2025-03-01,C0146,P001,Recurring,135000,0,135000,135000,1620000
R004817,2025-04-01,C0146,P001,Recurring,135000,0,135000,135000,1620000
R004818,2025-05-01,C0146,P001,Recurring,135000,0,135000,135000,1620000
R004819,2025-06-01,C0146,P001,Recurring,135000,0,135000,135000,1620000
R004820,2025-07-01,C0146,P001,Recurring,135000,0,135000,135000,1620000
R004821,2025-08-01,C0146,P001,Recurring,135000,0,135000,135000,1620000
R004822,2025-09-01,C0146,P001,Recurring,135000,0,135000,135000,1620000
R004823,2025-10-01,C0146,P001,Recurring,135000,0,135000,135000,1620000
R004824,2025-11-01,C0146,P001,Recurring,135000,0,135000,135000,1620000
R004825,2025-12-01,C0146,P001,Recurring,135000,0,135000,135000,1620000
R004826,2023-06-01,C0147,P001,New,0,120000,120000,120000,1440000
R004827,2023-07-01,C0147,P001,Recurring,120000,0,120000,120000,1440000
R004828,2023-08-01,C0147,P001,Recurring,120000,0,120000,120000,1440000
R004829,2023-09-01,C0147,P001,Recurring,120000,0,120000,120000,1440000
R004830,2023-10-01,C0147,P001,Recurring,120000,0,120000,120000,1440000
R004831,2023-11-01,C0147,P001,Recurring,120000,0,120000,120000,1440000
R004832,2023-12-01,C0147,P001,Recurring,120000,0,120000,120000,1440000
R004833,2024-01-01,C0147,P001,Recurring,120000,0,120000,120000,1440000
R004834,2024-02-01,C0147,P001,Recurring,120000,0,120000,120000,1440000
R004835,2024-03-01,C0147,P001,Recurring,120000,0,120000,120000,1440000
R004836,2024-04-01,C0147,P001,Recurring,120000,0,120000,120000,1440000
R004837,2024-05-01,C0147,P001,Recurring,120000,0,120000,120000,1440000
R004838,2024-06-01,C0147,P001,Recurring,120000,0,120000,120000,1440000
R004839,2024-07-01,C0147,P001,Recurring,120000,0,120000,120000,1440000
R004840,2024-08-01,C0147,P001,Recurring,120000,0,120000,120000,1440000
R004841,2024-09-01,C0147,P001,Recurring,120000,0,120000,120000,1440000
R004842,2024-10-01,C0147,P001,Recurring,120000,0,120000,120000,1440000
R004843,2024-11-01,C0147,P001,Recurring,120000,0,120000,120000,1440000
R004844,2024-12-01,C0147,P001,Recurring,120000,0,120000,120000,1440000
R004845,2025-01-01,C0147,P001,Recurring,120000,0,120000,120000,1440000
R004846,2025-02-01,C0147,P001,Recurring,120000,0,120000,120000,1440000
R004847,2025-03-01,C0147,P001,Recurring,120000,0,120000,120000,1440000
R004848,2025-04-01,C0147,P001,Recurring,120000,0,120000,120000,1440000
R004849,2025-05-01,C0147,P001,Recurring,120000,0,120000,120000,1440000
R004850,2025-06-01,C0147,P001,Recurring,120000,0,120000,120000,1440000
R004851,2025-07-01,C0147,P001,Recurring,120000,0,120000,120000,1440000
R004852,2025-08-01,C0147,P001,Recurring,120000,0,120000,120000,1440000
R004853,2025-09-01,C0147,P001,Recurring,120000,0,120000,120000,1440000
R004854,2025-10-01,C0147,P001,Recurring,120000,0,120000,120000,1440000
R004855,2025-11-01,C0147,P001,Recurring,120000,0,120000,120000,1440000
R004856,2025-12-01,C0147,P001,Recurring,120000,0,120000,120000,1440000
R004857,2023-06-01,C0148,P002,New,0,380000,380000,380000,4560000
R004858,2023-07-01,C0148,P002,Recurring,380000,0,380000,380000,4560000
R004859,2023-08-01,C0148,P002,Recurring,380000,0,380000,380000,4560000
R004860,2023-09-01,C0148,P002,Recurring,380000,0,380000,380000,4560000
R004861,2023-10-01,C0148,P002,Recurring,380000,0,380000,380000,4560000
R004862,2023-11-01,C0148,P002,Recurring,380000,0,380000,380000,4560000
R004863,2023-12-01,C0148,P002,Recurring,380000,0,380000,380000,4560000
R004864,2024-01-01,C0148,P002,Recurring,380000,0,380000,380000,4560000
R004865,2024-02-01,C0148,P002,Recurring,380000,0,380000,380000,4560000
R004866,2024-03-01,C0148,P002,Recurring,380000,0,380000,380000,4560000
R004867,2024-04-01,C0148,P002,Recurring,380000,0,380000,380000,4560000
R004868,2024-05-01,C0148,P002,Recurring,380000,0,380000,380000,4560000
R004869,2024-06-01,C0148,P002,Recurring,380000,0,380000,380000,4560000
R004870,2024-07-01,C0148,P002,Recurring,380000,0,380000,380000,4560000
R004871,2024-08-01,C0148,P002,Recurring,380000,0,380000,380000,4560000
R004872,2024-09-01,C0148,P002,Recurring,380000,0,380000,380000,4560000
R004873,2024-10-01,C0148,P002,Recurring,380000,0,380000,380000,4560000
R004874,2024-11-01,C0148,P002,Recurring,380000,0,380000,380000,4560000
R004875,2024-12-01,C0148,P002,Recurring,380000,0,380000,380000,4560000
R004876,2025-01-01,C0148,P002,Recurring,380000,0,380000,380000,4560000
R004877,2025-02-01,C0148,P002,Recurring,380000,0,380000,380000,4560000
R004878,2025-03-01,C0148,P002,Recurring,380000,0,380000,380000,4560000
R004879,2025-04-01,C0148,P002,Recurring,380000,0,380000,380000,4560000
R004880,2025-05-01,C0148,P002,Expansion,380000,35000,415000,415000,4980000
R004881,2025-06-01,C0148,P002,Recurring,415000,0,415000,415000,4980000
R004882,2025-07-01,C0148,P002,Recurring,415000,0,415000,415000,4980000
R004883,2025-08-01,C0148,P002,Recurring,415000,0,415000,415000,4980000
R004884,2025-09-01,C0148,P002,Recurring,415000,0,415000,415000,4980000
R004885,2025-10-01,C0148,P002,Recurring,415000,0,415000,415000,4980000
R004886,2025-11-01,C0148,P002,Recurring,415000,0,415000,415000,4980000
R004887,2025-12-01,C0148,P002,Recurring,415000,0,415000,415000,4980000
R004888,2023-06-01,C0149,P002,New,0,400000,400000,400000,4800000
R004889,2023-07-01,C0149,P002,Recurring,400000,0,400000,400000,4800000
R004890,2023-08-01,C0149,P002,Recurring,400000,0,400000,400000,4800000
R004891,2023-09-01,C0149,P002,Recurring,400000,0,400000,400000,4800000
R004892,2023-10-01,C0149,P002,Recurring,400000,0,400000,400000,4800000
R004893,2023-11-01,C0149,P002,Recurring,400000,0,400000,400000,4800000
R004894,2023-12-01,C0149,P002,Recurring,400000,0,400000,400000,4800000
R004895,2024-01-01,C0149,P002,Recurring,400000,0,400000,400000,4800000
R004896,2024-02-01,C0149,P002,Recurring,400000,0,400000,400000,4800000
R004897,2024-03-01,C0149,P002,Recurring,400000,0,400000,400000,4800000
R004898,2024-04-01,C0149,P002,Recurring,400000,0,400000,400000,4800000
R004899,2024-05-01,C0149,P002,Recurring,400000,0,400000,400000,4800000
R004900,2024-06-01,C0149,P002,Recurring,400000,0,400000,400000,4800000
R004901,2024-07-01,C0149,P002,Recurring,400000,0,400000,400000,4800000
R004902,2024-08-01,C0149,P002,Recurring,400000,0,400000,400000,4800000
R004903,2024-09-01,C0149,P002,Recurring,400000,0,400000,400000,4800000
R004904,2024-10-01,C0149,P002,Recurring,400000,0,400000,400000,4800000
R004905,2024-11-01,C0149,P002,Recurring,400000,0,400000,400000,4800000
R004906,2024-12-01,C0149,P002,Recurring,400000,0,400000,400000,4800000
R004907,2025-01-01,C0149,P002,Recurring,400000,0,400000,400000,4800000
R004908,2025-02-01,C0149,P002,Recurring,400000,0,400000,400000,4800000
R004909,2025-03-01,C0149,P002,Recurring,400000,0,400000,400000,4800000
R004910,2025-04-01,C0149,P002,Recurring,400000,0,400000,400000,4800000
R004911,2025-05-01,C0149,P002,Recurring,400000,0,400000,400000,4800000
R004912,2025-06-01,C0149,P002,Recurring,400000,0,400000,400000,4800000
R004913,2025-07-01,C0149,P002,Recurring,400000,0,400000,400000,4800000
R004914,2025-08-01,C0149,P002,Recurring,400000,0,400000,400000,4800000
R004915,2025-09-01,C0149,P002,Recurring,400000,0,400000,400000,4800000
R004916,2025-10-01,C0149,P002,Recurring,400000,0,400000,400000,4800000
R004917,2025-11-01,C0149,P002,Recurring,400000,0,400000,400000,4800000
R004918,2023-06-01,C0150,P001,New,0,140000,140000,140000,1680000
R004919,2023-07-01,C0150,P001,Recurring,140000,0,140000,140000,1680000
R004920,2023-08-01,C0150,P001,Recurring,140000,0,140000,140000,1680000
R004921,2023-09-01,C0150,P001,Recurring,140000,0,140000,140000,1680000
R004922,2023-10-01,C0150,P001,Recurring,140000,0,140000,140000,1680000
R004923,2023-11-01,C0150,P001,Recurring,140000,0,140000,140000,1680000
R004924,2023-12-01,C0150,P001,Recurring,140000,0,140000,140000,1680000
R004925,2024-01-01,C0150,P001,Recurring,140000,0,140000,140000,1680000
R004926,2024-02-01,C0150,P001,Recurring,140000,0,140000,140000,1680000
R004927,2024-03-01,C0150,P001,Recurring,140000,0,140000,140000,1680000
R004928,2024-04-01,C0150,P001,Recurring,140000,0,140000,140000,1680000
R004929,2024-05-01,C0150,P001,Recurring,140000,0,140000,140000,1680000
R004930,2024-06-01,C0150,P001,Recurring,140000,0,140000,140000,1680000
R004931,2024-07-01,C0150,P001,Recurring,140000,0,140000,140000,1680000
R004932,2024-08-01,C0150,P001,Recurring,140000,0,140000,140000,1680000
R004933,2024-09-01,C0150,P001,Recurring,140000,0,140000,140000,1680000
R004934,2024-10-01,C0150,P001,Recurring,140000,0,140000,140000,1680000
R004935,2024-11-01,C0150,P001,Recurring,140000,0,140000,140000,1680000
R004936,2024-12-01,C0150,P001,Recurring,140000,0,140000,140000,1680000
R004937,2025-01-01,C0150,P001,Recurring,140000,0,140000,140000,1680000
R004938,2025-02-01,C0150,P001,Recurring,140000,0,140000,140000,1680000
R004939,2025-03-01,C0150,P001,Recurring,140000,0,140000,140000,1680000
R004940,2025-04-01,C0150,P001,Recurring,140000,0,140000,140000,1680000
R004941,2025-05-01,C0150,P001,Recurring,140000,0,140000,140000,1680000
R004942,2025-06-01,C0150,P001,Recurring,140000,0,140000,140000,1680000
R004943,2025-07-01,C0150,P001,Recurring,140000,0,140000,140000,1680000
R004944,2025-08-01,C0150,P001,Recurring,140000,0,140000,140000,1680000
R004945,2025-09-01,C0150,P001,Recurring,140000,0,140000,140000,1680000
R004946,2025-10-01,C0150,P001,Recurring,140000,0,140000,140000,1680000
R004947,2025-11-01,C0150,P001,Recurring,140000,0,140000,140000,1680000
R004948,2025-12-01,C0150,P001,Recurring,140000,0,140000,140000,1680000
R004949,2023-06-01,C0151,P002,New,0,370000,370000,370000,4440000
R004950,2023-07-01,C0151,P002,Recurring,370000,0,370000,370000,4440000
R004951,2023-08-01,C0151,P002,Recurring,370000,0,370000,370000,4440000
R004952,2023-09-01,C0151,P002,Recurring,370000,0,370000,370000,4440000
R004953,2023-10-01,C0151,P002,Recurring,370000,0,370000,370000,4440000
R004954,2023-11-01,C0151,P002,Recurring,370000,0,370000,370000,4440000
R004955,2023-12-01,C0151,P002,Recurring,370000,0,370000,370000,4440000
R004956,2024-01-01,C0151,P002,Recurring,370000,0,370000,370000,4440000
R004957,2024-02-01,C0151,P002,Recurring,370000,0,370000,370000,4440000
R004958,2024-03-01,C0151,P002,Recurring,370000,0,370000,370000,4440000
R004959,2024-04-01,C0151,P002,Recurring,370000,0,370000,370000,4440000
R004960,2024-05-01,C0151,P002,Recurring,370000,0,370000,370000,4440000
R004961,2024-06-01,C0151,P002,Recurring,370000,0,370000,370000,4440000
R004962,2024-07-01,C0151,P002,Recurring,370000,0,370000,370000,4440000
R004963,2024-08-01,C0151,P002,Recurring,370000,0,370000,370000,4440000
R004964,2024-09-01,C0151,P002,Recurring,370000,0,370000,370000,4440000
R004965,2024-10-01,C0151,P002,Recurring,370000,0,370000,370000,4440000
R004966,2024-11-01,C0151,P002,Recurring,370000,0,370000,370000,4440000
R004967,2024-12-01,C0151,P002,Recurring,370000,0,370000,370000,4440000
R004968,2025-01-01,C0151,P002,Recurring,370000,0,370000,370000,4440000
R004969,2025-02-01,C0151,P002,Recurring,370000,0,370000,370000,4440000
R004970,2025-03-01,C0151,P002,Recurring,370000,0,370000,370000,4440000
R004971,2025-04-01,C0151,P002,Recurring,370000,0,370000,370000,4440000
R004972,2025-05-01,C0151,P002,Recurring,370000,0,370000,370000,4440000
R004973,2025-06-01,C0151,P002,Recurring,370000,0,370000,370000,4440000
R004974,2025-07-01,C0151,P002,Recurring,370000,0,370000,370000,4440000
R004975,2025-08-01,C0151,P002,Recurring,370000,0,370000,370000,4440000
R004976,2025-09-01,C0151,P002,Recurring,370000,0,370000,370000,4440000
R004977,2025-10-01,C0151,P002,Recurring,370000,0,370000,370000,4440000
R004978,2025-11-01,C0151,P002,Recurring,370000,0,370000,370000,4440000
R004979,2025-12-01,C0151,P002,Recurring,370000,0,370000,370000,4440000
R004980,2023-06-01,C0152,P001,New,0,95000,95000,95000,1140000
R004981,2023-07-01,C0152,P001,Recurring,95000,0,95000,95000,1140000
R004982,2023-08-01,C0152,P001,Recurring,95000,0,95000,95000,1140000
R004983,2023-09-01,C0152,P001,Recurring,95000,0,95000,95000,1140000
R004984,2023-10-01,C0152,P001,Recurring,95000,0,95000,95000,1140000
R004985,2023-11-01,C0152,P001,Recurring,95000,0,95000,95000,1140000
R004986,2023-12-01,C0152,P001,Recurring,95000,0,95000,95000,1140000
R004987,2024-01-01,C0152,P001,Recurring,95000,0,95000,95000,1140000
R004988,2024-02-01,C0152,P001,Recurring,95000,0,95000,95000,1140000
R004989,2024-03-01,C0152,P001,Recurring,95000,0,95000,95000,1140000
R004990,2024-04-01,C0152,P001,Recurring,95000,0,95000,95000,1140000
R004991,2024-05-01,C0152,P001,Recurring,95000,0,95000,95000,1140000
R004992,2024-06-01,C0152,P001,Recurring,95000,0,95000,95000,1140000
R004993,2024-07-01,C0152,P001,Recurring,95000,0,95000,95000,1140000
R004994,2024-08-01,C0152,P001,Recurring,95000,0,95000,95000,1140000
R004995,2024-09-01,C0152,P001,Recurring,95000,0,95000,95000,1140000
R004996,2024-10-01,C0152,P001,Recurring,95000,0,95000,95000,1140000
R004997,2024-11-01,C0152,P001,Recurring,95000,0,95000,95000,1140000
R004998,2024-12-01,C0152,P001,Recurring,95000,0,95000,95000,1140000
R004999,2025-01-01,C0152,P001,Recurring,95000,0,95000,95000,1140000
R005000,2025-02-01,C0152,P001,Expansion,95000,10000,105000,105000,1260000
R005001,2025-03-01,C0152,P001,Recurring,105000,0,105000,105000,1260000
R005002,2025-04-01,C0152,P001,Recurring,105000,0,105000,105000,1260000
R005003,2025-05-01,C0152,P001,Recurring,105000,0,105000,105000,1260000
R005004,2025-06-01,C0152,P001,Recurring,105000,0,105000,105000,1260000
R005005,2025-07-01,C0152,P001,Recurring,105000,0,105000,105000,1260000
R005006,2025-08-01,C0152,P001,Recurring,105000,0,105000,105000,1260000
R005007,2025-09-01,C0152,P001,Recurring,105000,0,105000,105000,1260000
R005008,2025-10-01,C0152,P001,Recurring,105000,0,105000,105000,1260000
R005009,2025-11-01,C0152,P001,Recurring,105000,0,105000,105000,1260000
R005010,2025-12-01,C0152,P001,Recurring,105000,0,105000,105000,1260000
R005011,2023-06-01,C0153,P001,New,0,150000,150000,150000,1800000
R005012,2023-07-01,C0153,P001,Recurring,150000,0,150000,150000,1800000
R005013,2023-08-01,C0153,P001,Recurring,150000,0,150000,150000,1800000
R005014,2023-09-01,C0153,P001,Recurring,150000,0,150000,150000,1800000
R005015,2023-10-01,C0153,P001,Recurring,150000,0,150000,150000,1800000
R005016,2023-11-01,C0153,P001,Recurring,150000,0,150000,150000,1800000
R005017,2023-12-01,C0153,P001,Recurring,150000,0,150000,150000,1800000
R005018,2024-01-01,C0153,P001,Recurring,150000,0,150000,150000,1800000
R005019,2024-02-01,C0153,P001,Recurring,150000,0,150000,150000,1800000
R005020,2024-03-01,C0153,P001,Recurring,150000,0,150000,150000,1800000
R005021,2024-04-01,C0153,P001,Recurring,150000,0,150000,150000,1800000
R005022,2024-05-01,C0153,P001,Recurring,150000,0,150000,150000,1800000
R005023,2024-06-01,C0153,P001,Recurring,150000,0,150000,150000,1800000
R005024,2024-07-01,C0153,P001,Recurring,150000,0,150000,150000,1800000
R005025,2024-08-01,C0153,P001,Recurring,150000,0,150000,150000,1800000
R005026,2024-09-01,C0153,P001,Recurring,150000,0,150000,150000,1800000
R005027,2024-10-01,C0153,P001,Recurring,150000,0,150000,150000,1800000
R005028,2024-11-01,C0153,P001,Recurring,150000,0,150000,150000,1800000
R005029,2024-12-01,C0153,P001,Recurring,150000,0,150000,150000,1800000
R005030,2025-01-01,C0153,P001,Recurring,150000,0,150000,150000,1800000
R005031,2025-02-01,C0153,P001,Recurring,150000,0,150000,150000,1800000
R005032,2025-03-01,C0153,P001,Recurring,150000,0,150000,150000,1800000
R005033,2025-04-01,C0153,P001,Recurring,150000,0,150000,150000,1800000
R005034,2025-05-01,C0153,P001,Recurring,150000,0,150000,150000,1800000
R005035,2025-06-01,C0153,P001,Recurring,150000,0,150000,150000,1800000
R005036,2025-07-01,C0153,P001,Recurring,150000,0,150000,150000,1800000
R005037,2025-08-01,C0153,P001,Recurring,150000,0,150000,150000,1800000
R005038,2025-09-01,C0153,P001,Recurring,150000,0,150000,150000,1800000
R005039,2025-10-01,C0153,P001,Recurring,150000,0,150000,150000,1800000
R005040,2025-11-01,C0153,P001,Recurring,150000,0,150000,150000,1800000
R005041,2025-12-01,C0153,P001,Recurring,150000,0,150000,150000,1800000
R005042,2023-06-01,C0154,P002,New,0,250000,250000,250000,3000000
R005043,2023-07-01,C0154,P002,Recurring,250000,0,250000,250000,3000000
R005044,2023-08-01,C0154,P002,Recurring,250000,0,250000,250000,3000000
R005045,2023-09-01,C0154,P002,Recurring,250000,0,250000,250000,3000000
R005046,2023-10-01,C0154,P002,Recurring,250000,0,250000,250000,3000000
R005047,2023-11-01,C0154,P002,Recurring,250000,0,250000,250000,3000000
R005048,2023-12-01,C0154,P002,Recurring,250000,0,250000,250000,3000000
R005049,2024-01-01,C0154,P002,Recurring,250000,0,250000,250000,3000000
R005050,2024-02-01,C0154,P002,Recurring,250000,0,250000,250000,3000000
R005051,2024-03-01,C0154,P002,Recurring,250000,0,250000,250000,3000000
R005052,2024-04-01,C0154,P002,Recurring,250000,0,250000,250000,3000000
R005053,2024-05-01,C0154,P002,Recurring,250000,0,250000,250000,3000000
R005054,2024-06-01,C0154,P002,Recurring,250000,0,250000,250000,3000000
R005055,2024-07-01,C0154,P002,Recurring,250000,0,250000,250000,3000000
R005056,2024-08-01,C0154,P002,Recurring,250000,0,250000,250000,3000000
R005057,2024-09-01,C0154,P002,Recurring,250000,0,250000,250000,3000000
R005058,2024-10-01,C0154,P002,Recurring,250000,0,250000,250000,3000000
R005059,2024-11-01,C0154,P002,Recurring,250000,0,250000,250000,3000000
R005060,2024-12-01,C0154,P002,Recurring,250000,0,250000,250000,3000000
R005061,2025-01-01,C0154,P002,Recurring,250000,0,250000,250000,3000000
R005062,2025-02-01,C0154,P002,Recurring,250000,0,250000,250000,3000000
R005063,2025-03-01,C0154,P002,Recurring,250000,0,250000,250000,3000000
R005064,2025-04-01,C0154,P002,Recurring,250000,0,250000,250000,3000000
R005065,2025-05-01,C0154,P002,Recurring,250000,0,250000,250000,3000000
R005066,2025-06-01,C0154,P002,Recurring,250000,0,250000,250000,3000000
R005067,2025-07-01,C0154,P002,Recurring,250000,0,250000,250000,3000000
R005068,2025-08-01,C0154,P002,Recurring,250000,0,250000,250000,3000000
R005069,2025-09-01,C0154,P002,Recurring,250000,0,250000,250000,3000000
R005070,2025-10-01,C0154,P002,Recurring,250000,0,250000,250000,3000000
R005071,2025-11-01,C0154,P002,Recurring,250000,0,250000,250000,3000000
R005072,2025-12-01,C0154,P002,Recurring,250000,0,250000,250000,3000000
R005073,2023-06-01,C0155,P001,New,0,125000,125000,125000,1500000
R005074,2023-07-01,C0155,P001,Recurring,125000,0,125000,125000,1500000
R005075,2023-08-01,C0155,P001,Recurring,125000,0,125000,125000,1500000
R005076,2023-09-01,C0155,P001,Recurring,125000,0,125000,125000,1500000
R005077,2023-10-01,C0155,P001,Recurring,125000,0,125000,125000,1500000
R005078,2023-11-01,C0155,P001,Recurring,125000,0,125000,125000,1500000
R005079,2023-12-01,C0155,P001,Recurring,125000,0,125000,125000,1500000
R005080,2024-01-01,C0155,P001,Recurring,125000,0,125000,125000,1500000
R005081,2024-02-01,C0155,P001,Recurring,125000,0,125000,125000,1500000
R005082,2024-03-01,C0155,P001,Recurring,125000,0,125000,125000,1500000
R005083,2024-04-01,C0155,P001,Recurring,125000,0,125000,125000,1500000
R005084,2024-05-01,C0155,P001,Recurring,125000,0,125000,125000,1500000
R005085,2024-06-01,C0155,P001,Recurring,125000,0,125000,125000,1500000
R005086,2024-07-01,C0155,P001,Recurring,125000,0,125000,125000,1500000
R005087,2024-08-01,C0155,P001,Recurring,125000,0,125000,125000,1500000
R005088,2024-09-01,C0155,P001,Recurring,125000,0,125000,125000,1500000
R005089,2024-10-01,C0155,P001,Recurring,125000,0,125000,125000,1500000
R005090,2024-11-01,C0155,P001,Recurring,125000,0,125000,125000,1500000
R005091,2024-12-01,C0155,P001,Recurring,125000,0,125000,125000,1500000
R005092,2025-01-01,C0155,P001,Recurring,125000,0,125000,125000,1500000
R005093,2025-02-01,C0155,P001,Recurring,125000,0,125000,125000,1500000
R005094,2025-03-01,C0155,P001,Recurring,125000,0,125000,125000,1500000
R005095,2025-04-01,C0155,P001,Recurring,125000,0,125000,125000,1500000
R005096,2025-05-01,C0155,P001,Recurring,125000,0,125000,125000,1500000
R005097,2025-06-01,C0155,P001,Recurring,125000,0,125000,125000,1500000
R005098,2025-07-01,C0155,P001,Recurring,125000,0,125000,125000,1500000
R005099,2025-08-01,C0155,P001,Recurring,125000,0,125000,125000,1500000
R005100,2025-09-01,C0155,P001,Recurring,125000,0,125000,125000,1500000
R005101,2025-10-01,C0155,P001,Recurring,125000,0,125000,125000,1500000
R005102,2025-11-01,C0155,P001,Recurring,125000,0,125000,125000,1500000
R005103,2025-12-01,C0155,P001,Recurring,125000,0,125000,125000,1500000
R005104,2023-06-01,C0156,P001,New,0,170000,170000,170000,2040000
R005105,2023-07-01,C0156,P001,Recurring,170000,0,170000,170000,2040000
R005106,2023-08-01,C0156,P001,Recurring,170000,0,170000,170000,2040000
R005107,2023-09-01,C0156,P001,Recurring,170000,0,170000,170000,2040000
R005108,2023-10-01,C0156,P001,Recurring,170000,0,170000,170000,2040000
R005109,2023-11-01,C0156,P001,Recurring,170000,0,170000,170000,2040000
R005110,2023-12-01,C0156,P001,Recurring,170000,0,170000,170000,2040000
R005111,2024-01-01,C0156,P001,Recurring,170000,0,170000,170000,2040000
R005112,2024-02-01,C0156,P001,Recurring,170000,0,170000,170000,2040000
R005113,2024-03-01,C0156,P001,Recurring,170000,0,170000,170000,2040000
R005114,2024-04-01,C0156,P001,Recurring,170000,0,170000,170000,2040000
R005115,2024-05-01,C0156,P001,Recurring,170000,0,170000,170000,2040000
R005116,2024-06-01,C0156,P001,Recurring,170000,0,170000,170000,2040000
R005117,2024-07-01,C0156,P001,Recurring,170000,0,170000,170000,2040000
R005118,2024-08-01,C0156,P001,Recurring,170000,0,170000,170000,2040000
R005119,2024-09-01,C0156,P001,Recurring,170000,0,170000,170000,2040000
R005120,2024-10-01,C0156,P001,Recurring,170000,0,170000,170000,2040000
R005121,2024-11-01,C0156,P001,Recurring,170000,0,170000,170000,2040000
R005122,2024-12-01,C0156,P001,Recurring,170000,0,170000,170000,2040000
R005123,2025-01-01,C0156,P001,Recurring,170000,0,170000,170000,2040000
R005124,2025-02-01,C0156,P001,Recurring,170000,0,170000,170000,2040000
R005125,2025-03-01,C0156,P001,Recurring,170000,0,170000,170000,2040000
R005126,2025-04-01,C0156,P001,Recurring,170000,0,170000,170000,2040000
R005127,2025-05-01,C0156,P001,Recurring,170000,0,170000,170000,2040000
R005128,2025-06-01,C0156,P001,Recurring,170000,0,170000,170000,2040000
R005129,2025-07-01,C0156,P001,Recurring,170000,0,170000,170000,2040000
R005130,2025-08-01,C0156,P001,Recurring,170000,0,170000,170000,2040000
R005131,2025-09-01,C0156,P001,Recurring,170000,0,170000,170000,2040000
R005132,2025-10-01,C0156,P001,Recurring,170000,0,170000,170000,2040000
R005133,2025-11-01,C0156,P001,Recurring,170000,0,170000,170000,2040000
R005134,2025-12-01,C0156,P001,Recurring,170000,0,170000,170000,2040000
R005135,2023-06-01,C0157,P001,New,0,115000,115000,115000,1380000
R005136,2023-07-01,C0157,P001,Recurring,115000,0,115000,115000,1380000
R005137,2023-08-01,C0157,P001,Recurring,115000,0,115000,115000,1380000
R005138,2023-09-01,C0157,P001,Recurring,115000,0,115000,115000,1380000
R005139,2023-10-01,C0157,P001,Recurring,115000,0,115000,115000,1380000
R005140,2023-11-01,C0157,P001,Recurring,115000,0,115000,115000,1380000
R005141,2023-12-01,C0157,P001,Recurring,115000,0,115000,115000,1380000
R005142,2024-01-01,C0157,P001,Recurring,115000,0,115000,115000,1380000
R005143,2024-02-01,C0157,P001,Recurring,115000,0,115000,115000,1380000
R005144,2024-03-01,C0157,P001,Recurring,115000,0,115000,115000,1380000
R005145,2024-04-01,C0157,P001,Recurring,115000,0,115000,115000,1380000
R005146,2024-05-01,C0157,P001,Recurring,115000,0,115000,115000,1380000
R005147,2024-06-01,C0157,P001,Recurring,115000,0,115000,115000,1380000
R005148,2024-07-01,C0157,P001,Recurring,115000,0,115000,115000,1380000
R005149,2024-08-01,C0157,P001,Recurring,115000,0,115000,115000,1380000
R005150,2024-09-01,C0157,P001,Recurring,115000,0,115000,115000,1380000
R005151,2024-10-01,C0157,P001,Recurring,115000,0,115000,115000,1380000
R005152,2024-11-01,C0157,P001,Recurring,115000,0,115000,115000,1380000
R005153,2024-12-01,C0157,P001,Recurring,115000,0,115000,115000,1380000
R005154,2025-01-01,C0157,P001,Recurring,115000,0,115000,115000,1380000
R005155,2025-02-01,C0157,P001,Recurring,115000,0,115000,115000,1380000
R005156,2025-03-01,C0157,P001,Recurring,115000,0,115000,115000,1380000
R005157,2025-04-01,C0157,P001,Recurring,115000,0,115000,115000,1380000
R005158,2025-05-01,C0157,P001,Recurring,115000,0,115000,115000,1380000
R005159,2025-06-01,C0157,P001,Recurring,115000,0,115000,115000,1380000
R005160,2025-07-01,C0157,P001,Recurring,115000,0,115000,115000,1380000
R005161,2025-08-01,C0157,P001,Recurring,115000,0,115000,115000,1380000
R005162,2025-09-01,C0157,P001,Recurring,115000,0,115000,115000,1380000
R005163,2025-10-01,C0157,P001,Recurring,115000,0,115000,115000,1380000
R005164,2025-11-01,C0157,P001,Recurring,115000,0,115000,115000,1380000
R005165,2025-12-01,C0157,P001,Recurring,115000,0,115000,115000,1380000
R005166,2023-07-01,C0158,P001,New,0,90000,90000,90000,1080000
R005167,2023-08-01,C0158,P001,Recurring,90000,0,90000,90000,1080000
R005168,2023-09-01,C0158,P001,Recurring,90000,0,90000,90000,1080000
R005169,2023-10-01,C0158,P001,Recurring,90000,0,90000,90000,1080000
R005170,2023-11-01,C0158,P001,Recurring,90000,0,90000,90000,1080000
R005171,2023-12-01,C0158,P001,Recurring,90000,0,90000,90000,1080000
R005172,2024-01-01,C0158,P001,Recurring,90000,0,90000,90000,1080000
R005173,2024-02-01,C0158,P001,Recurring,90000,0,90000,90000,1080000
R005174,2024-03-01,C0158,P001,Recurring,90000,0,90000,90000,1080000
R005175,2024-04-01,C0158,P001,Recurring,90000,0,90000,90000,1080000
R005176,2024-05-01,C0158,P001,Recurring,90000,0,90000,90000,1080000
R005177,2024-06-01,C0158,P001,Recurring,90000,0,90000,90000,1080000
R005178,2024-07-01,C0158,P001,Recurring,90000,0,90000,90000,1080000
R005179,2024-08-01,C0158,P001,Recurring,90000,0,90000,90000,1080000
R005180,2024-09-01,C0158,P001,Recurring,90000,0,90000,90000,1080000
R005181,2024-10-01,C0158,P001,Recurring,90000,0,90000,90000,1080000
R005182,2024-11-01,C0158,P001,Recurring,90000,0,90000,90000,1080000
R005183,2024-12-01,C0158,P001,Recurring,90000,0,90000,90000,1080000
R005184,2025-01-01,C0158,P001,Recurring,90000,0,90000,90000,1080000
R005185,2025-02-01,C0158,P001,Recurring,90000,0,90000,90000,1080000
R005186,2025-03-01,C0158,P001,Recurring,90000,0,90000,90000,1080000
R005187,2025-04-01,C0158,P001,Recurring,90000,0,90000,90000,1080000
R005188,2025-05-01,C0158,P001,Recurring,90000,0,90000,90000,1080000
R005189,2025-06-01,C0158,P001,Recurring,90000,0,90000,90000,1080000
R005190,2025-07-01,C0158,P001,Recurring,90000,0,90000,90000,1080000
R005191,2025-08-01,C0158,P001,Recurring,90000,0,90000,90000,1080000
R005192,2025-09-01,C0158,P001,Recurring,90000,0,90000,90000,1080000
R005193,2025-10-01,C0158,P001,Recurring,90000,0,90000,90000,1080000
R005194,2025-11-01,C0158,P001,Recurring,90000,0,90000,90000,1080000
R005195,2025-12-01,C0158,P001,Recurring,90000,0,90000,90000,1080000
R005196,2023-07-01,C0159,P001,New,0,105000,105000,105000,1260000
R005197,2023-08-01,C0159,P001,Recurring,105000,0,105000,105000,1260000
R005198,2023-09-01,C0159,P001,Recurring,105000,0,105000,105000,1260000
R005199,2023-10-01,C0159,P001,Recurring,105000,0,105000,105000,1260000
R005200,2023-11-01,C0159,P001,Recurring,105000,0,105000,105000,1260000
R005201,2023-12-01,C0159,P001,Recurring,105000,0,105000,105000,1260000
R005202,2024-01-01,C0159,P001,Recurring,105000,0,105000,105000,1260000
R005203,2024-02-01,C0159,P001,Recurring,105000,0,105000,105000,1260000
R005204,2024-03-01,C0159,P001,Recurring,105000,0,105000,105000,1260000
R005205,2024-04-01,C0159,P001,Recurring,105000,0,105000,105000,1260000
R005206,2024-05-01,C0159,P001,Recurring,105000,0,105000,105000,1260000
R005207,2024-06-01,C0159,P001,Recurring,105000,0,105000,105000,1260000
R005208,2024-07-01,C0159,P001,Recurring,105000,0,105000,105000,1260000
R005209,2024-08-01,C0159,P001,Expansion,105000,5000,110000,110000,1320000
R005210,2024-09-01,C0159,P001,Recurring,110000,0,110000,110000,1320000
R005211,2024-10-01,C0159,P001,Recurring,110000,0,110000,110000,1320000
R005212,2024-11-01,C0159,P001,Recurring,110000,0,110000,110000,1320000
R005213,2024-12-01,C0159,P001,Recurring,110000,0,110000,110000,1320000
R005214,2025-01-01,C0159,P001,Recurring,110000,0,110000,110000,1320000
R005215,2025-02-01,C0159,P001,Recurring,110000,0,110000,110000,1320000
R005216,2025-03-01,C0159,P001,Recurring,110000,0,110000,110000,1320000
R005217,2025-04-01,C0159,P001,Recurring,110000,0,110000,110000,1320000
R005218,2025-05-01,C0159,P001,Recurring,110000,0,110000,110000,1320000
R005219,2025-06-01,C0159,P001,Recurring,110000,0,110000,110000,1320000
R005220,2025-07-01,C0159,P001,Recurring,110000,0,110000,110000,1320000
R005221,2025-08-01,C0159,P001,Recurring,110000,0,110000,110000,1320000
R005222,2025-09-01,C0159,P001,Recurring,110000,0,110000,110000,1320000
R005223,2025-10-01,C0159,P001,Recurring,110000,0,110000,110000,1320000
R005224,2025-11-01,C0159,P001,Recurring,110000,0,110000,110000,1320000
R005225,2025-12-01,C0159,P001,Recurring,110000,0,110000,110000,1320000
R005226,2023-07-01,C0160,P001,New,0,165000,165000,165000,1980000
R005227,2023-08-01,C0160,P001,Recurring,165000,0,165000,165000,1980000
R005228,2023-09-01,C0160,P001,Recurring,165000,0,165000,165000,1980000
R005229,2023-10-01,C0160,P001,Recurring,165000,0,165000,165000,1980000
R005230,2023-11-01,C0160,P001,Recurring,165000,0,165000,165000,1980000
R005231,2023-12-01,C0160,P001,Recurring,165000,0,165000,165000,1980000
R005232,2024-01-01,C0160,P001,Recurring,165000,0,165000,165000,1980000
R005233,2024-02-01,C0160,P001,Recurring,165000,0,165000,165000,1980000
R005234,2024-03-01,C0160,P001,Recurring,165000,0,165000,165000,1980000
R005235,2024-04-01,C0160,P001,Recurring,165000,0,165000,165000,1980000
R005236,2024-05-01,C0160,P001,Recurring,165000,0,165000,165000,1980000
R005237,2024-06-01,C0160,P001,Recurring,165000,0,165000,165000,1980000
R005238,2024-07-01,C0160,P001,Recurring,165000,0,165000,165000,1980000
R005239,2024-08-01,C0160,P001,Recurring,165000,0,165000,165000,1980000
R005240,2024-09-01,C0160,P002,Upgrade,165000,170000,335000,335000,4020000
R005241,2024-10-01,C0160,P002,Recurring,335000,0,335000,335000,4020000
R005242,2024-11-01,C0160,P002,Recurring,335000,0,335000,335000,4020000
R005243,2024-12-01,C0160,P002,Recurring,335000,0,335000,335000,4020000
R005244,2025-01-01,C0160,P002,Recurring,335000,0,335000,335000,4020000
R005245,2025-02-01,C0160,P002,Recurring,335000,0,335000,335000,4020000
R005246,2025-03-01,C0160,P002,Recurring,335000,0,335000,335000,4020000
R005247,2025-04-01,C0160,P002,Recurring,335000,0,335000,335000,4020000
R005248,2025-05-01,C0160,P002,Recurring,335000,0,335000,335000,4020000
R005249,2025-06-01,C0160,P002,Recurring,335000,0,335000,335000,4020000
R005250,2025-07-01,C0160,P002,Recurring,335000,0,335000,335000,4020000
R005251,2025-08-01,C0160,P002,Recurring,335000,0,335000,335000,4020000
R005252,2025-09-01,C0160,P002,Recurring,335000,0,335000,335000,4020000
R005253,2025-10-01,C0160,P002,Recurring,335000,0,335000,335000,4020000
R005254,2025-11-01,C0160,P002,Recurring,335000,0,335000,335000,4020000
R005255,2025-12-01,C0160,P002,Recurring,335000,0,335000,335000,4020000
R005256,2023-07-01,C0161,P001,New,0,115000,115000,115000,1380000
R005257,2023-08-01,C0161,P001,Recurring,115000,0,115000,115000,1380000
R005258,2023-09-01,C0161,P001,Recurring,115000,0,115000,115000,1380000
R005259,2023-10-01,C0161,P001,Recurring,115000,0,115000,115000,1380000
R005260,2023-11-01,C0161,P001,Recurring,115000,0,115000,115000,1380000
R005261,2023-12-01,C0161,P001,Recurring,115000,0,115000,115000,1380000
R005262,2024-01-01,C0161,P001,Recurring,115000,0,115000,115000,1380000
R005263,2024-02-01,C0161,P001,Recurring,115000,0,115000,115000,1380000
R005264,2024-03-01,C0161,P001,Recurring,115000,0,115000,115000,1380000
R005265,2024-04-01,C0161,P001,Recurring,115000,0,115000,115000,1380000
R005266,2024-05-01,C0161,P001,Expansion,115000,20000,135000,135000,1620000
R005267,2024-06-01,C0161,P001,Recurring,135000,0,135000,135000,1620000
R005268,2024-07-01,C0161,P001,Recurring,135000,0,135000,135000,1620000
R005269,2024-08-01,C0161,P001,Recurring,135000,0,135000,135000,1620000
R005270,2024-09-01,C0161,P001,Recurring,135000,0,135000,135000,1620000
R005271,2024-10-01,C0161,P001,Recurring,135000,0,135000,135000,1620000
R005272,2024-11-01,C0161,P001,Recurring,135000,0,135000,135000,1620000
R005273,2024-12-01,C0161,P001,Recurring,135000,0,135000,135000,1620000
R005274,2025-01-01,C0161,P001,Recurring,135000,0,135000,135000,1620000
R005275,2025-02-01,C0161,P001,Recurring,135000,0,135000,135000,1620000
R005276,2025-03-01,C0161,P001,Recurring,135000,0,135000,135000,1620000
R005277,2025-04-01,C0161,P001,Recurring,135000,0,135000,135000,1620000
R005278,2025-05-01,C0161,P001,Recurring,135000,0,135000,135000,1620000
R005279,2025-06-01,C0161,P001,Recurring,135000,0,135000,135000,1620000
R005280,2025-07-01,C0161,P001,Recurring,135000,0,135000,135000,1620000
R005281,2025-08-01,C0161,P002,Upgrade,135000,115000,250000,250000,3000000
R005282,2025-09-01,C0161,P002,Recurring,250000,0,250000,250000,3000000
R005283,2025-10-01,C0161,P002,Recurring,250000,0,250000,250000,3000000
R005284,2025-11-01,C0161,P002,Recurring,250000,0,250000,250000,3000000
R005285,2025-12-01,C0161,P002,Recurring,250000,0,250000,250000,3000000
R005286,2023-07-01,C0162,P001,New,0,135000,135000,135000,1620000
R005287,2023-08-01,C0162,P001,Recurring,135000,0,135000,135000,1620000
R005288,2023-09-01,C0162,P001,Recurring,135000,0,135000,135000,1620000
R005289,2023-10-01,C0162,P001,Recurring,135000,0,135000,135000,1620000
R005290,2023-11-01,C0162,P001,Recurring,135000,0,135000,135000,1620000
R005291,2023-12-01,C0162,P001,Recurring,135000,0,135000,135000,1620000
R005292,2024-01-01,C0162,P001,Recurring,135000,0,135000,135000,1620000
R005293,2024-02-01,C0162,P001,Recurring,135000,0,135000,135000,1620000
R005294,2024-03-01,C0162,P001,Recurring,135000,0,135000,135000,1620000
R005295,2024-04-01,C0162,P001,Recurring,135000,0,135000,135000,1620000
R005296,2024-05-01,C0162,P001,Recurring,135000,0,135000,135000,1620000
R005297,2024-06-01,C0162,P001,Recurring,135000,0,135000,135000,1620000
R005298,2024-07-01,C0162,P001,Recurring,135000,0,135000,135000,1620000
R005299,2024-08-01,C0162,P001,Recurring,135000,0,135000,135000,1620000
R005300,2024-09-01,C0162,P001,Recurring,135000,0,135000,135000,1620000
R005301,2024-10-01,C0162,P001,Recurring,135000,0,135000,135000,1620000
R005302,2024-11-01,C0162,P001,Recurring,135000,0,135000,135000,1620000
R005303,2024-12-01,C0162,P001,Recurring,135000,0,135000,135000,1620000
R005304,2025-01-01,C0162,P001,Recurring,135000,0,135000,135000,1620000
R005305,2025-02-01,C0162,P001,Recurring,135000,0,135000,135000,1620000
R005306,2025-03-01,C0162,P001,Recurring,135000,0,135000,135000,1620000
R005307,2025-04-01,C0162,P001,Recurring,135000,0,135000,135000,1620000
R005308,2025-05-01,C0162,P001,Recurring,135000,0,135000,135000,1620000
R005309,2025-06-01,C0162,P001,Recurring,135000,0,135000,135000,1620000
R005310,2025-07-01,C0162,P001,Recurring,135000,0,135000,135000,1620000
R005311,2025-08-01,C0162,P001,Recurring,135000,0,135000,135000,1620000
R005312,2025-09-01,C0162,P001,Recurring,135000,0,135000,135000,1620000
R005313,2025-10-01,C0162,P001,Recurring,135000,0,135000,135000,1620000
R005314,2025-11-01,C0162,P001,Recurring,135000,0,135000,135000,1620000
R005315,2025-12-01,C0162,P001,Recurring,135000,0,135000,135000,1620000
R005316,2023-07-01,C0163,P002,New,0,490000,490000,490000,5880000
R005317,2023-08-01,C0163,P002,Recurring,490000,0,490000,490000,5880000
R005318,2023-09-01,C0163,P002,Recurring,490000,0,490000,490000,5880000
R005319,2023-10-01,C0163,P002,Recurring,490000,0,490000,490000,5880000
R005320,2023-11-01,C0163,P002,Recurring,490000,0,490000,490000,5880000
R005321,2023-12-01,C0163,P002,Recurring,490000,0,490000,490000,5880000
R005322,2024-01-01,C0163,P002,Recurring,490000,0,490000,490000,5880000
R005323,2024-02-01,C0163,P002,Recurring,490000,0,490000,490000,5880000
R005324,2024-03-01,C0163,P002,Recurring,490000,0,490000,490000,5880000
R005325,2024-04-01,C0163,P002,Recurring,490000,0,490000,490000,5880000
R005326,2024-05-01,C0163,P002,Recurring,490000,0,490000,490000,5880000
R005327,2024-06-01,C0163,P002,Recurring,490000,0,490000,490000,5880000
R005328,2024-07-01,C0163,P002,Recurring,490000,0,490000,490000,5880000
R005329,2024-08-01,C0163,P002,Recurring,490000,0,490000,490000,5880000
R005330,2024-09-01,C0163,P002,Recurring,490000,0,490000,490000,5880000
R005331,2024-10-01,C0163,P002,Recurring,490000,0,490000,490000,5880000
R005332,2024-11-01,C0163,P002,Recurring,490000,0,490000,490000,5880000
R005333,2024-12-01,C0163,P002,Recurring,490000,0,490000,490000,5880000
R005334,2025-01-01,C0163,P002,Recurring,490000,0,490000,490000,5880000
R005335,2025-02-01,C0163,P002,Recurring,490000,0,490000,490000,5880000
R005336,2025-03-01,C0163,P002,Recurring,490000,0,490000,490000,5880000
R005337,2025-04-01,C0163,P002,Recurring,490000,0,490000,490000,5880000
R005338,2025-05-01,C0163,P002,Recurring,490000,0,490000,490000,5880000
R005339,2025-06-01,C0163,P002,Recurring,490000,0,490000,490000,5880000
R005340,2025-07-01,C0163,P002,Recurring,490000,0,490000,490000,5880000
R005341,2025-08-01,C0163,P002,Recurring,490000,0,490000,490000,5880000
R005342,2025-09-01,C0163,P002,Recurring,490000,0,490000,490000,5880000
R005343,2025-10-01,C0163,P002,Recurring,490000,0,490000,490000,5880000
R005344,2025-11-01,C0163,P002,Recurring,490000,0,490000,490000,5880000
R005345,2025-12-01,C0163,P002,Recurring,490000,0,490000,490000,5880000
R005346,2023-07-01,C0164,P001,New,0,95000,95000,95000,1140000
R005347,2023-08-01,C0164,P001,Recurring,95000,0,95000,95000,1140000
R005348,2023-09-01,C0164,P001,Recurring,95000,0,95000,95000,1140000
R005349,2023-10-01,C0164,P001,Recurring,95000,0,95000,95000,1140000
R005350,2023-11-01,C0164,P001,Recurring,95000,0,95000,95000,1140000
R005351,2023-12-01,C0164,P001,Recurring,95000,0,95000,95000,1140000
R005352,2024-01-01,C0164,P001,Recurring,95000,0,95000,95000,1140000
R005353,2024-02-01,C0164,P001,Recurring,95000,0,95000,95000,1140000
R005354,2024-03-01,C0164,P001,Recurring,95000,0,95000,95000,1140000
R005355,2024-04-01,C0164,P001,Recurring,95000,0,95000,95000,1140000
R005356,2024-05-01,C0164,P001,Recurring,95000,0,95000,95000,1140000
R005357,2024-06-01,C0164,P001,Recurring,95000,0,95000,95000,1140000
R005358,2024-07-01,C0164,P001,Recurring,95000,0,95000,95000,1140000
R005359,2024-08-01,C0164,P001,Recurring,95000,0,95000,95000,1140000
R005360,2024-09-01,C0164,P001,Recurring,95000,0,95000,95000,1140000
R005361,2024-10-01,C0164,P001,Recurring,95000,0,95000,95000,1140000
R005362,2024-11-01,C0164,P001,Recurring,95000,0,95000,95000,1140000
R005363,2024-12-01,C0164,P001,Recurring,95000,0,95000,95000,1140000
R005364,2025-01-01,C0164,P001,Recurring,95000,0,95000,95000,1140000
R005365,2025-02-01,C0164,P001,Recurring,95000,0,95000,95000,1140000
R005366,2025-03-01,C0164,P001,Recurring,95000,0,95000,95000,1140000
R005367,2025-04-01,C0164,P001,Recurring,95000,0,95000,95000,1140000
R005368,2025-05-01,C0164,P001,Recurring,95000,0,95000,95000,1140000
R005369,2025-06-01,C0164,P001,Recurring,95000,0,95000,95000,1140000
R005370,2025-07-01,C0164,P001,Recurring,95000,0,95000,95000,1140000
R005371,2025-08-01,C0164,P001,Recurring,95000,0,95000,95000,1140000
R005372,2025-09-01,C0164,P001,Recurring,95000,0,95000,95000,1140000
R005373,2025-10-01,C0164,P001,Recurring,95000,0,95000,95000,1140000
R005374,2025-11-01,C0164,P001,Recurring,95000,0,95000,95000,1140000
R005375,2025-12-01,C0164,P001,Recurring,95000,0,95000,95000,1140000
R005376,2023-07-01,C0165,P002,New,0,370000,370000,370000,4440000
R005377,2023-08-01,C0165,P002,Recurring,370000,0,370000,370000,4440000
R005378,2023-09-01,C0165,P002,Recurring,370000,0,370000,370000,4440000
R005379,2023-10-01,C0165,P002,Recurring,370000,0,370000,370000,4440000
R005380,2023-11-01,C0165,P002,Recurring,370000,0,370000,370000,4440000
R005381,2023-12-01,C0165,P002,Recurring,370000,0,370000,370000,4440000
R005382,2024-01-01,C0165,P002,Recurring,370000,0,370000,370000,4440000
R005383,2024-02-01,C0165,P002,Recurring,370000,0,370000,370000,4440000
R005384,2024-03-01,C0165,P002,Recurring,370000,0,370000,370000,4440000
R005385,2024-04-01,C0165,P002,Recurring,370000,0,370000,370000,4440000
R005386,2024-05-01,C0165,P002,Recurring,370000,0,370000,370000,4440000
R005387,2024-06-01,C0165,P002,Recurring,370000,0,370000,370000,4440000
R005388,2024-07-01,C0165,P002,Recurring,370000,0,370000,370000,4440000
R005389,2024-08-01,C0165,P002,Recurring,370000,0,370000,370000,4440000
R005390,2024-09-01,C0165,P002,Recurring,370000,0,370000,370000,4440000
R005391,2024-10-01,C0165,P002,Recurring,370000,0,370000,370000,4440000
R005392,2024-11-01,C0165,P002,Recurring,370000,0,370000,370000,4440000
R005393,2024-12-01,C0165,P002,Recurring,370000,0,370000,370000,4440000
R005394,2025-01-01,C0165,P002,Recurring,370000,0,370000,370000,4440000
R005395,2025-02-01,C0165,P002,Recurring,370000,0,370000,370000,4440000
R005396,2025-03-01,C0165,P002,Recurring,370000,0,370000,370000,4440000
R005397,2025-04-01,C0165,P002,Recurring,370000,0,370000,370000,4440000
R005398,2025-05-01,C0165,P002,Recurring,370000,0,370000,370000,4440000
R005399,2025-06-01,C0165,P002,Recurring,370000,0,370000,370000,4440000
R005400,2025-07-01,C0165,P002,Recurring,370000,0,370000,370000,4440000
R005401,2025-08-01,C0165,P002,Recurring,370000,0,370000,370000,4440000
R005402,2025-09-01,C0165,P002,Recurring,370000,0,370000,370000,4440000
R005403,2025-10-01,C0165,P002,Recurring,370000,0,370000,370000,4440000
R005404,2025-11-01,C0165,P002,Recurring,370000,0,370000,370000,4440000
R005405,2025-12-01,C0165,P002,Recurring,370000,0,370000,370000,4440000
R005406,2023-07-01,C0166,P001,New,0,155000,155000,155000,1860000
R005407,2023-08-01,C0166,P001,Recurring,155000,0,155000,155000,1860000
R005408,2023-09-01,C0166,P001,Recurring,155000,0,155000,155000,1860000
R005409,2023-10-01,C0166,P001,Recurring,155000,0,155000,155000,1860000
R005410,2023-11-01,C0166,P001,Recurring,155000,0,155000,155000,1860000
R005411,2023-12-01,C0166,P001,Recurring,155000,0,155000,155000,1860000
R005412,2024-01-01,C0166,P001,Recurring,155000,0,155000,155000,1860000
R005413,2024-02-01,C0166,P001,Recurring,155000,0,155000,155000,1860000
R005414,2024-03-01,C0166,P001,Recurring,155000,0,155000,155000,1860000
R005415,2024-04-01,C0166,P001,Recurring,155000,0,155000,155000,1860000
R005416,2024-05-01,C0166,P001,Recurring,155000,0,155000,155000,1860000
R005417,2024-06-01,C0166,P001,Recurring,155000,0,155000,155000,1860000
R005418,2024-07-01,C0166,P001,Recurring,155000,0,155000,155000,1860000
R005419,2024-08-01,C0166,P001,Recurring,155000,0,155000,155000,1860000
R005420,2024-09-01,C0166,P001,Recurring,155000,0,155000,155000,1860000
R005421,2024-10-01,C0166,P001,Recurring,155000,0,155000,155000,1860000
R005422,2024-11-01,C0166,P001,Recurring,155000,0,155000,155000,1860000
R005423,2024-12-01,C0166,P001,Recurring,155000,0,155000,155000,1860000
R005424,2025-01-01,C0166,P001,Recurring,155000,0,155000,155000,1860000
R005425,2025-02-01,C0166,P001,Recurring,155000,0,155000,155000,1860000
R005426,2025-03-01,C0166,P001,Recurring,155000,0,155000,155000,1860000
R005427,2025-04-01,C0166,P001,Recurring,155000,0,155000,155000,1860000
R005428,2025-05-01,C0166,P001,Recurring,155000,0,155000,155000,1860000
R005429,2025-06-01,C0166,P001,Recurring,155000,0,155000,155000,1860000
R005430,2025-07-01,C0166,P001,Recurring,155000,0,155000,155000,1860000
R005431,2025-08-01,C0166,P001,Recurring,155000,0,155000,155000,1860000
R005432,2025-09-01,C0166,P001,Recurring,155000,0,155000,155000,1860000
R005433,2025-10-01,C0166,P001,Recurring,155000,0,155000,155000,1860000
R005434,2025-11-01,C0166,P001,Recurring,155000,0,155000,155000,1860000
R005435,2025-12-01,C0166,P001,Recurring,155000,0,155000,155000,1860000
R005436,2023-07-01,C0167,P002,New,0,420000,420000,420000,5040000
R005437,2023-08-01,C0167,P002,Recurring,420000,0,420000,420000,5040000
R005438,2023-09-01,C0167,P002,Recurring,420000,0,420000,420000,5040000
R005439,2023-10-01,C0167,P002,Recurring,420000,0,420000,420000,5040000
R005440,2023-11-01,C0167,P002,Recurring,420000,0,420000,420000,5040000
R005441,2023-12-01,C0167,P002,Recurring,420000,0,420000,420000,5040000
R005442,2024-01-01,C0167,P002,Recurring,420000,0,420000,420000,5040000
R005443,2024-02-01,C0167,P002,Recurring,420000,0,420000,420000,5040000
R005444,2024-03-01,C0167,P002,Recurring,420000,0,420000,420000,5040000
R005445,2024-04-01,C0167,P002,Recurring,420000,0,420000,420000,5040000
R005446,2024-05-01,C0167,P002,Recurring,420000,0,420000,420000,5040000
R005447,2024-06-01,C0167,P002,Recurring,420000,0,420000,420000,5040000
R005448,2024-07-01,C0167,P002,Recurring,420000,0,420000,420000,5040000
R005449,2024-08-01,C0167,P002,Recurring,420000,0,420000,420000,5040000
R005450,2024-09-01,C0167,P002,Recurring,420000,0,420000,420000,5040000
R005451,2024-10-01,C0167,P002,Recurring,420000,0,420000,420000,5040000
R005452,2024-11-01,C0167,P002,Recurring,420000,0,420000,420000,5040000
R005453,2024-12-01,C0167,P002,Recurring,420000,0,420000,420000,5040000
R005454,2025-01-01,C0167,P002,Recurring,420000,0,420000,420000,5040000
R005455,2025-02-01,C0167,P002,Recurring,420000,0,420000,420000,5040000
R005456,2025-03-01,C0167,P002,Recurring,420000,0,420000,420000,5040000
R005457,2025-04-01,C0167,P002,Recurring,420000,0,420000,420000,5040000
R005458,2025-05-01,C0167,P002,Recurring,420000,0,420000,420000,5040000
R005459,2025-06-01,C0167,P002,Recurring,420000,0,420000,420000,5040000
R005460,2025-07-01,C0167,P002,Recurring,420000,0,420000,420000,5040000
R005461,2025-08-01,C0167,P002,Recurring,420000,0,420000,420000,5040000
R005462,2025-09-01,C0167,P002,Recurring,420000,0,420000,420000,5040000
R005463,2025-10-01,C0167,P002,Recurring,420000,0,420000,420000,5040000
R005464,2025-11-01,C0167,P002,Recurring,420000,0,420000,420000,5040000
R005465,2025-12-01,C0167,P002,Recurring,420000,0,420000,420000,5040000
R005466,2023-08-01,C0168,P002,New,0,350000,350000,350000,4200000
R005467,2023-09-01,C0168,P002,Recurring,350000,0,350000,350000,4200000
R005468,2023-10-01,C0168,P002,Recurring,350000,0,350000,350000,4200000
R005469,2023-11-01,C0168,P002,Recurring,350000,0,350000,350000,4200000
R005470,2023-12-01,C0168,P002,Recurring,350000,0,350000,350000,4200000
R005471,2024-01-01,C0168,P002,Recurring,350000,0,350000,350000,4200000
R005472,2024-02-01,C0168,P002,Recurring,350000,0,350000,350000,4200000
R005473,2024-03-01,C0168,P002,Recurring,350000,0,350000,350000,4200000
R005474,2024-04-01,C0168,P002,Recurring,350000,0,350000,350000,4200000
R005475,2024-05-01,C0168,P002,Recurring,350000,0,350000,350000,4200000
R005476,2024-06-01,C0168,P002,Recurring,350000,0,350000,350000,4200000
R005477,2024-07-01,C0168,P002,Recurring,350000,0,350000,350000,4200000
R005478,2024-08-01,C0168,P002,Recurring,350000,0,350000,350000,4200000
R005479,2024-09-01,C0168,P002,Recurring,350000,0,350000,350000,4200000
R005480,2024-10-01,C0168,P002,Recurring,350000,0,350000,350000,4200000
R005481,2025-03-01,C0168,P002,Reactivation,0,350000,350000,350000,4200000
R005482,2025-04-01,C0168,P002,Expansion,350000,55000,405000,405000,4860000
R005483,2025-05-01,C0168,P002,Recurring,405000,0,405000,405000,4860000
R005484,2025-06-01,C0168,P002,Recurring,405000,0,405000,405000,4860000
R005485,2025-07-01,C0168,P002,Recurring,405000,0,405000,405000,4860000
R005486,2025-08-01,C0168,P002,Recurring,405000,0,405000,405000,4860000
R005487,2025-09-01,C0168,P002,Recurring,405000,0,405000,405000,4860000
R005488,2025-10-01,C0168,P002,Recurring,405000,0,405000,405000,4860000
R005489,2025-11-01,C0168,P002,Recurring,405000,0,405000,405000,4860000
R005490,2025-12-01,C0168,P002,Recurring,405000,0,405000,405000,4860000
R005491,2023-08-01,C0169,P001,New,0,115000,115000,115000,1380000
R005492,2023-09-01,C0169,P001,Recurring,115000,0,115000,115000,1380000
R005493,2023-10-01,C0169,P001,Recurring,115000,0,115000,115000,1380000
R005494,2023-11-01,C0169,P001,Recurring,115000,0,115000,115000,1380000
R005495,2023-12-01,C0169,P001,Recurring,115000,0,115000,115000,1380000
R005496,2024-01-01,C0169,P001,Recurring,115000,0,115000,115000,1380000
R005497,2024-02-01,C0169,P001,Recurring,115000,0,115000,115000,1380000
R005498,2024-03-01,C0169,P001,Recurring,115000,0,115000,115000,1380000
R005499,2024-04-01,C0169,P001,Recurring,115000,0,115000,115000,1380000
R005500,2024-05-01,C0169,P001,Recurring,115000,0,115000,115000,1380000
R005501,2024-06-01,C0169,P001,Recurring,115000,0,115000,115000,1380000
R005502,2024-07-01,C0169,P001,Recurring,115000,0,115000,115000,1380000
R005503,2024-08-01,C0169,P001,Recurring,115000,0,115000,115000,1380000
R005504,2024-09-01,C0169,P001,Recurring,115000,0,115000,115000,1380000
R005505,2024-10-01,C0169,P001,Recurring,115000,0,115000,115000,1380000
R005506,2024-11-01,C0169,P001,Recurring,115000,0,115000,115000,1380000
R005507,2024-12-01,C0169,P001,Recurring,115000,0,115000,115000,1380000
R005508,2025-01-01,C0169,P001,Recurring,115000,0,115000,115000,1380000
R005509,2025-02-01,C0169,P001,Recurring,115000,0,115000,115000,1380000
R005510,2025-03-01,C0169,P001,Recurring,115000,0,115000,115000,1380000
R005511,2025-04-01,C0169,P001,Recurring,115000,0,115000,115000,1380000
R005512,2023-08-01,C0170,P001,New,0,95000,95000,95000,1140000
R005513,2023-09-01,C0170,P001,Recurring,95000,0,95000,95000,1140000
R005514,2023-10-01,C0170,P001,Recurring,95000,0,95000,95000,1140000
R005515,2023-11-01,C0170,P001,Recurring,95000,0,95000,95000,1140000
R005516,2023-12-01,C0170,P001,Recurring,95000,0,95000,95000,1140000
R005517,2024-01-01,C0170,P001,Recurring,95000,0,95000,95000,1140000
R005518,2024-02-01,C0170,P001,Recurring,95000,0,95000,95000,1140000
R005519,2024-03-01,C0170,P001,Recurring,95000,0,95000,95000,1140000
R005520,2024-04-01,C0170,P001,Recurring,95000,0,95000,95000,1140000
R005521,2024-05-01,C0170,P001,Recurring,95000,0,95000,95000,1140000
R005522,2024-06-01,C0170,P001,Recurring,95000,0,95000,95000,1140000
R005523,2024-07-01,C0170,P001,Recurring,95000,0,95000,95000,1140000
R005524,2024-08-01,C0170,P001,Recurring,95000,0,95000,95000,1140000
R005525,2024-09-01,C0170,P001,Recurring,95000,0,95000,95000,1140000
R005526,2024-10-01,C0170,P001,Recurring,95000,0,95000,95000,1140000
R005527,2024-11-01,C0170,P001,Recurring,95000,0,95000,95000,1140000
R005528,2024-12-01,C0170,P001,Expansion,95000,15000,110000,110000,1320000
R005529,2025-01-01,C0170,P001,Recurring,110000,0,110000,110000,1320000
R005530,2025-02-01,C0170,P001,Recurring,110000,0,110000,110000,1320000
R005531,2025-03-01,C0170,P001,Recurring,110000,0,110000,110000,1320000
R005532,2025-04-01,C0170,P001,Recurring,110000,0,110000,110000,1320000
R005533,2025-05-01,C0170,P001,Recurring,110000,0,110000,110000,1320000
R005534,2025-06-01,C0170,P001,Recurring,110000,0,110000,110000,1320000
R005535,2025-07-01,C0170,P001,Recurring,110000,0,110000,110000,1320000
R005536,2025-08-01,C0170,P001,Recurring,110000,0,110000,110000,1320000
R005537,2025-09-01,C0170,P001,Recurring,110000,0,110000,110000,1320000
R005538,2025-10-01,C0170,P001,Recurring,110000,0,110000,110000,1320000
R005539,2025-11-01,C0170,P001,Recurring,110000,0,110000,110000,1320000
R005540,2025-12-01,C0170,P001,Recurring,110000,0,110000,110000,1320000
R005541,2023-08-01,C0171,P001,New,0,135000,135000,135000,1620000
R005542,2023-09-01,C0171,P001,Recurring,135000,0,135000,135000,1620000
R005543,2023-10-01,C0171,P001,Recurring,135000,0,135000,135000,1620000
R005544,2023-11-01,C0171,P001,Recurring,135000,0,135000,135000,1620000
R005545,2023-12-01,C0171,P001,Recurring,135000,0,135000,135000,1620000
R005546,2024-01-01,C0171,P001,Recurring,135000,0,135000,135000,1620000
R005547,2024-02-01,C0171,P001,Recurring,135000,0,135000,135000,1620000
R005548,2024-03-01,C0171,P001,Recurring,135000,0,135000,135000,1620000
R005549,2024-04-01,C0171,P001,Recurring,135000,0,135000,135000,1620000
R005550,2024-05-01,C0171,P001,Recurring,135000,0,135000,135000,1620000
R005551,2024-06-01,C0171,P001,Recurring,135000,0,135000,135000,1620000
R005552,2024-07-01,C0171,P001,Recurring,135000,0,135000,135000,1620000
R005553,2024-08-01,C0171,P001,Recurring,135000,0,135000,135000,1620000
R005554,2024-09-01,C0171,P001,Recurring,135000,0,135000,135000,1620000
R005555,2024-10-01,C0171,P001,Recurring,135000,0,135000,135000,1620000
R005556,2024-11-01,C0171,P001,Recurring,135000,0,135000,135000,1620000
R005557,2024-12-01,C0171,P001,Recurring,135000,0,135000,135000,1620000
R005558,2025-01-01,C0171,P001,Recurring,135000,0,135000,135000,1620000
R005559,2025-02-01,C0171,P001,Recurring,135000,0,135000,135000,1620000
R005560,2025-03-01,C0171,P001,Recurring,135000,0,135000,135000,1620000
R005561,2025-04-01,C0171,P001,Recurring,135000,0,135000,135000,1620000
R005562,2025-05-01,C0171,P001,Recurring,135000,0,135000,135000,1620000
R005563,2025-06-01,C0171,P001,Recurring,135000,0,135000,135000,1620000
R005564,2025-07-01,C0171,P001,Recurring,135000,0,135000,135000,1620000
R005565,2025-08-01,C0171,P001,Recurring,135000,0,135000,135000,1620000
R005566,2025-09-01,C0171,P001,Recurring,135000,0,135000,135000,1620000
R005567,2025-10-01,C0171,P001,Recurring,135000,0,135000,135000,1620000
R005568,2025-11-01,C0171,P001,Recurring,135000,0,135000,135000,1620000
R005569,2025-12-01,C0171,P001,Recurring,135000,0,135000,135000,1620000
R005570,2023-08-01,C0172,P001,New,0,145000,145000,145000,1740000
R005571,2023-09-01,C0172,P001,Recurring,145000,0,145000,145000,1740000
R005572,2023-10-01,C0172,P001,Recurring,145000,0,145000,145000,1740000
R005573,2023-11-01,C0172,P001,Recurring,145000,0,145000,145000,1740000
R005574,2023-12-01,C0172,P001,Recurring,145000,0,145000,145000,1740000
R005575,2024-01-01,C0172,P001,Recurring,145000,0,145000,145000,1740000
R005576,2024-02-01,C0172,P001,Recurring,145000,0,145000,145000,1740000
R005577,2024-03-01,C0172,P001,Recurring,145000,0,145000,145000,1740000
R005578,2024-04-01,C0172,P001,Recurring,145000,0,145000,145000,1740000
R005579,2024-05-01,C0172,P001,Recurring,145000,0,145000,145000,1740000
R005580,2024-06-01,C0172,P001,Recurring,145000,0,145000,145000,1740000
R005581,2024-07-01,C0172,P001,Recurring,145000,0,145000,145000,1740000
R005582,2024-08-01,C0172,P001,Recurring,145000,0,145000,145000,1740000
R005583,2024-09-01,C0172,P001,Recurring,145000,0,145000,145000,1740000
R005584,2024-10-01,C0172,P001,Recurring,145000,0,145000,145000,1740000
R005585,2024-11-01,C0172,P001,Recurring,145000,0,145000,145000,1740000
R005586,2024-12-01,C0172,P001,Recurring,145000,0,145000,145000,1740000
R005587,2025-01-01,C0172,P001,Recurring,145000,0,145000,145000,1740000
R005588,2025-02-01,C0172,P001,Recurring,145000,0,145000,145000,1740000
R005589,2025-03-01,C0172,P001,Recurring,145000,0,145000,145000,1740000
R005590,2025-04-01,C0172,P001,Recurring,145000,0,145000,145000,1740000
R005591,2025-05-01,C0172,P001,Recurring,145000,0,145000,145000,1740000
R005592,2025-06-01,C0172,P001,Recurring,145000,0,145000,145000,1740000
R005593,2025-07-01,C0172,P001,Recurring,145000,0,145000,145000,1740000
R005594,2025-08-01,C0172,P002,Upgrade,145000,105000,250000,250000,3000000
R005595,2025-09-01,C0172,P002,Recurring,250000,0,250000,250000,3000000
R005596,2025-10-01,C0172,P002,Recurring,250000,0,250000,250000,3000000
R005597,2025-11-01,C0172,P002,Recurring,250000,0,250000,250000,3000000
R005598,2025-12-01,C0172,P002,Recurring,250000,0,250000,250000,3000000
R005599,2023-08-01,C0173,P001,New,0,135000,135000,135000,1620000
R005600,2023-09-01,C0173,P001,Recurring,135000,0,135000,135000,1620000
R005601,2023-10-01,C0173,P001,Recurring,135000,0,135000,135000,1620000
R005602,2023-11-01,C0173,P001,Recurring,135000,0,135000,135000,1620000
R005603,2023-12-01,C0173,P001,Recurring,135000,0,135000,135000,1620000
R005604,2024-01-01,C0173,P001,Recurring,135000,0,135000,135000,1620000
R005605,2024-02-01,C0173,P001,Recurring,135000,0,135000,135000,1620000
R005606,2024-03-01,C0173,P001,Recurring,135000,0,135000,135000,1620000
R005607,2024-04-01,C0173,P001,Recurring,135000,0,135000,135000,1620000
R005608,2024-05-01,C0173,P001,Recurring,135000,0,135000,135000,1620000
R005609,2024-06-01,C0173,P001,Expansion,135000,25000,160000,160000,1920000
R005610,2024-07-01,C0173,P001,Recurring,160000,0,160000,160000,1920000
R005611,2024-08-01,C0173,P001,Recurring,160000,0,160000,160000,1920000
R005612,2024-09-01,C0173,P001,Recurring,160000,0,160000,160000,1920000
R005613,2024-10-01,C0173,P001,Recurring,160000,0,160000,160000,1920000
R005614,2024-11-01,C0173,P001,Recurring,160000,0,160000,160000,1920000
R005615,2024-12-01,C0173,P001,Recurring,160000,0,160000,160000,1920000
R005616,2025-01-01,C0173,P001,Recurring,160000,0,160000,160000,1920000
R005617,2025-02-01,C0173,P001,Recurring,160000,0,160000,160000,1920000
R005618,2025-03-01,C0173,P001,Recurring,160000,0,160000,160000,1920000
R005619,2025-04-01,C0173,P001,Recurring,160000,0,160000,160000,1920000
R005620,2025-05-01,C0173,P001,Recurring,160000,0,160000,160000,1920000
R005621,2025-06-01,C0173,P001,Recurring,160000,0,160000,160000,1920000
R005622,2025-07-01,C0173,P001,Recurring,160000,0,160000,160000,1920000
R005623,2025-08-01,C0173,P001,Recurring,160000,0,160000,160000,1920000
R005624,2025-09-01,C0173,P001,Recurring,160000,0,160000,160000,1920000
R005625,2025-10-01,C0173,P001,Expansion,160000,25000,185000,185000,2220000
R005626,2025-11-01,C0173,P001,Recurring,185000,0,185000,185000,2220000
R005627,2025-12-01,C0173,P001,Recurring,185000,0,185000,185000,2220000
R005628,2023-08-01,C0174,P001,New,0,160000,160000,160000,1920000
R005629,2023-09-01,C0174,P001,Recurring,160000,0,160000,160000,1920000
R005630,2023-10-01,C0174,P001,Recurring,160000,0,160000,160000,1920000
R005631,2023-11-01,C0174,P001,Recurring,160000,0,160000,160000,1920000
R005632,2023-12-01,C0174,P001,Recurring,160000,0,160000,160000,1920000
R005633,2024-01-01,C0174,P001,Recurring,160000,0,160000,160000,1920000
R005634,2024-02-01,C0174,P001,Recurring,160000,0,160000,160000,1920000
R005635,2024-03-01,C0174,P001,Recurring,160000,0,160000,160000,1920000
R005636,2024-04-01,C0174,P001,Recurring,160000,0,160000,160000,1920000
R005637,2024-05-01,C0174,P001,Recurring,160000,0,160000,160000,1920000
R005638,2024-06-01,C0174,P001,Recurring,160000,0,160000,160000,1920000
R005639,2024-07-01,C0174,P001,Recurring,160000,0,160000,160000,1920000
R005640,2024-08-01,C0174,P001,Recurring,160000,0,160000,160000,1920000
R005641,2024-09-01,C0174,P001,Recurring,160000,0,160000,160000,1920000
R005642,2024-10-01,C0174,P001,Recurring,160000,0,160000,160000,1920000
R005643,2024-11-01,C0174,P001,Recurring,160000,0,160000,160000,1920000
R005644,2024-12-01,C0174,P001,Recurring,160000,0,160000,160000,1920000
R005645,2025-01-01,C0174,P001,Recurring,160000,0,160000,160000,1920000
R005646,2025-02-01,C0174,P001,Recurring,160000,0,160000,160000,1920000
R005647,2025-03-01,C0174,P001,Recurring,160000,0,160000,160000,1920000
R005648,2025-04-01,C0174,P001,Recurring,160000,0,160000,160000,1920000
R005649,2025-05-01,C0174,P001,Recurring,160000,0,160000,160000,1920000
R005650,2025-06-01,C0174,P001,Recurring,160000,0,160000,160000,1920000
R005651,2025-07-01,C0174,P001,Recurring,160000,0,160000,160000,1920000
R005652,2025-08-01,C0174,P001,Recurring,160000,0,160000,160000,1920000
R005653,2025-09-01,C0174,P001,Recurring,160000,0,160000,160000,1920000
R005654,2025-10-01,C0174,P001,Recurring,160000,0,160000,160000,1920000
R005655,2025-11-01,C0174,P001,Recurring,160000,0,160000,160000,1920000
R005656,2025-12-01,C0174,P001,Recurring,160000,0,160000,160000,1920000
R005657,2023-08-01,C0175,P002,New,0,260000,260000,260000,3120000
R005658,2023-09-01,C0175,P002,Recurring,260000,0,260000,260000,3120000
R005659,2023-10-01,C0175,P002,Recurring,260000,0,260000,260000,3120000
R005660,2023-11-01,C0175,P002,Recurring,260000,0,260000,260000,3120000
R005661,2023-12-01,C0175,P002,Recurring,260000,0,260000,260000,3120000
R005662,2024-01-01,C0175,P002,Recurring,260000,0,260000,260000,3120000
R005663,2024-02-01,C0175,P002,Recurring,260000,0,260000,260000,3120000
R005664,2024-03-01,C0175,P002,Recurring,260000,0,260000,260000,3120000
R005665,2024-04-01,C0175,P002,Recurring,260000,0,260000,260000,3120000
R005666,2024-05-01,C0175,P002,Recurring,260000,0,260000,260000,3120000
R005667,2024-06-01,C0175,P002,Recurring,260000,0,260000,260000,3120000
R005668,2024-07-01,C0175,P002,Recurring,260000,0,260000,260000,3120000
R005669,2024-08-01,C0175,P002,Recurring,260000,0,260000,260000,3120000
R005670,2024-09-01,C0175,P002,Expansion,260000,20000,280000,280000,3360000
R005671,2024-10-01,C0175,P002,Recurring,280000,0,280000,280000,3360000
R005672,2024-11-01,C0175,P002,Recurring,280000,0,280000,280000,3360000
R005673,2024-12-01,C0175,P002,Recurring,280000,0,280000,280000,3360000
R005674,2025-01-01,C0175,P002,Recurring,280000,0,280000,280000,3360000
R005675,2025-02-01,C0175,P002,Recurring,280000,0,280000,280000,3360000
R005676,2025-03-01,C0175,P002,Recurring,280000,0,280000,280000,3360000
R005677,2025-04-01,C0175,P002,Recurring,280000,0,280000,280000,3360000
R005678,2025-05-01,C0175,P002,Recurring,280000,0,280000,280000,3360000
R005679,2025-06-01,C0175,P002,Recurring,280000,0,280000,280000,3360000
R005680,2025-07-01,C0175,P002,Recurring,280000,0,280000,280000,3360000
R005681,2025-08-01,C0175,P002,Recurring,280000,0,280000,280000,3360000
R005682,2023-08-01,C0176,P001,New,0,100000,100000,100000,1200000
R005683,2023-09-01,C0176,P001,Recurring,100000,0,100000,100000,1200000
R005684,2023-10-01,C0176,P001,Recurring,100000,0,100000,100000,1200000
R005685,2023-11-01,C0176,P001,Recurring,100000,0,100000,100000,1200000
R005686,2023-12-01,C0176,P001,Recurring,100000,0,100000,100000,1200000
R005687,2024-01-01,C0176,P001,Recurring,100000,0,100000,100000,1200000
R005688,2024-02-01,C0176,P001,Recurring,100000,0,100000,100000,1200000
R005689,2024-03-01,C0176,P001,Recurring,100000,0,100000,100000,1200000
R005690,2024-04-01,C0176,P001,Recurring,100000,0,100000,100000,1200000
R005691,2024-05-01,C0176,P001,Recurring,100000,0,100000,100000,1200000
R005692,2024-06-01,C0176,P001,Recurring,100000,0,100000,100000,1200000
R005693,2024-07-01,C0176,P001,Recurring,100000,0,100000,100000,1200000
R005694,2024-08-01,C0176,P001,Recurring,100000,0,100000,100000,1200000
R005695,2024-09-01,C0176,P001,Recurring,100000,0,100000,100000,1200000
R005696,2024-10-01,C0176,P001,Recurring,100000,0,100000,100000,1200000
R005697,2024-11-01,C0176,P001,Recurring,100000,0,100000,100000,1200000
R005698,2024-12-01,C0176,P001,Recurring,100000,0,100000,100000,1200000
R005699,2025-01-01,C0176,P001,Recurring,100000,0,100000,100000,1200000
R005700,2025-02-01,C0176,P001,Recurring,100000,0,100000,100000,1200000
R005701,2025-03-01,C0176,P001,Recurring,100000,0,100000,100000,1200000
R005702,2025-04-01,C0176,P001,Recurring,100000,0,100000,100000,1200000
R005703,2025-05-01,C0176,P001,Recurring,100000,0,100000,100000,1200000
R005704,2025-06-01,C0176,P001,Recurring,100000,0,100000,100000,1200000
R005705,2025-07-01,C0176,P001,Recurring,100000,0,100000,100000,1200000
R005706,2025-08-01,C0176,P001,Recurring,100000,0,100000,100000,1200000
R005707,2025-09-01,C0176,P001,Recurring,100000,0,100000,100000,1200000
R005708,2025-10-01,C0176,P001,Recurring,100000,0,100000,100000,1200000
R005709,2025-11-01,C0176,P001,Recurring,100000,0,100000,100000,1200000
R005710,2025-12-01,C0176,P001,Recurring,100000,0,100000,100000,1200000
R005711,2023-08-01,C0177,P001,New,0,110000,110000,110000,1320000
R005712,2023-09-01,C0177,P001,Recurring,110000,0,110000,110000,1320000
R005713,2023-10-01,C0177,P001,Recurring,110000,0,110000,110000,1320000
R005714,2023-11-01,C0177,P001,Recurring,110000,0,110000,110000,1320000
R005715,2023-12-01,C0177,P001,Recurring,110000,0,110000,110000,1320000
R005716,2024-01-01,C0177,P001,Recurring,110000,0,110000,110000,1320000
R005717,2024-02-01,C0177,P001,Recurring,110000,0,110000,110000,1320000
R005718,2024-03-01,C0177,P001,Recurring,110000,0,110000,110000,1320000
R005719,2024-04-01,C0177,P001,Recurring,110000,0,110000,110000,1320000
R005720,2024-05-01,C0177,P001,Recurring,110000,0,110000,110000,1320000
R005721,2024-06-01,C0177,P001,Recurring,110000,0,110000,110000,1320000
R005722,2024-07-01,C0177,P001,Recurring,110000,0,110000,110000,1320000
R005723,2024-08-01,C0177,P001,Recurring,110000,0,110000,110000,1320000
R005724,2024-09-01,C0177,P001,Recurring,110000,0,110000,110000,1320000
R005725,2024-10-01,C0177,P001,Recurring,110000,0,110000,110000,1320000
R005726,2024-11-01,C0177,P001,Recurring,110000,0,110000,110000,1320000
R005727,2024-12-01,C0177,P001,Recurring,110000,0,110000,110000,1320000
R005728,2025-01-01,C0177,P001,Recurring,110000,0,110000,110000,1320000
R005729,2025-02-01,C0177,P001,Recurring,110000,0,110000,110000,1320000
R005730,2025-03-01,C0177,P001,Recurring,110000,0,110000,110000,1320000
R005731,2025-04-01,C0177,P001,Recurring,110000,0,110000,110000,1320000
R005732,2025-05-01,C0177,P001,Recurring,110000,0,110000,110000,1320000
R005733,2025-06-01,C0177,P001,Recurring,110000,0,110000,110000,1320000
R005734,2025-07-01,C0177,P001,Recurring,110000,0,110000,110000,1320000
R005735,2025-08-01,C0177,P001,Recurring,110000,0,110000,110000,1320000
R005736,2025-09-01,C0177,P001,Recurring,110000,0,110000,110000,1320000
R005737,2025-10-01,C0177,P001,Recurring,110000,0,110000,110000,1320000
R005738,2025-11-01,C0177,P001,Recurring,110000,0,110000,110000,1320000
R005739,2025-12-01,C0177,P001,Recurring,110000,0,110000,110000,1320000
R005740,2023-09-01,C0178,P002,New,0,470000,470000,470000,5640000
R005741,2023-10-01,C0178,P002,Recurring,470000,0,470000,470000,5640000
R005742,2023-11-01,C0178,P002,Recurring,470000,0,470000,470000,5640000
R005743,2023-12-01,C0178,P002,Recurring,470000,0,470000,470000,5640000
R005744,2024-01-01,C0178,P002,Recurring,470000,0,470000,470000,5640000
R005745,2024-02-01,C0178,P002,Recurring,470000,0,470000,470000,5640000
R005746,2024-03-01,C0178,P002,Recurring,470000,0,470000,470000,5640000
R005747,2024-04-01,C0178,P002,Recurring,470000,0,470000,470000,5640000
R005748,2024-05-01,C0178,P002,Recurring,470000,0,470000,470000,5640000
R005749,2024-06-01,C0178,P002,Recurring,470000,0,470000,470000,5640000
R005750,2024-07-01,C0178,P002,Recurring,470000,0,470000,470000,5640000
R005751,2024-08-01,C0178,P002,Recurring,470000,0,470000,470000,5640000
R005752,2024-09-01,C0178,P002,Recurring,470000,0,470000,470000,5640000
R005753,2024-10-01,C0178,P002,Recurring,470000,0,470000,470000,5640000
R005754,2024-11-01,C0178,P002,Recurring,470000,0,470000,470000,5640000
R005755,2024-12-01,C0178,P002,Recurring,470000,0,470000,470000,5640000
R005756,2025-01-01,C0178,P002,Recurring,470000,0,470000,470000,5640000
R005757,2025-02-01,C0178,P002,Recurring,470000,0,470000,470000,5640000
R005758,2025-03-01,C0178,P002,Expansion,470000,75000,545000,545000,6540000
R005759,2025-04-01,C0178,P002,Recurring,545000,0,545000,545000,6540000
R005760,2025-05-01,C0178,P002,Recurring,545000,0,545000,545000,6540000
R005761,2025-06-01,C0178,P002,Recurring,545000,0,545000,545000,6540000
R005762,2025-07-01,C0178,P002,Recurring,545000,0,545000,545000,6540000
R005763,2025-08-01,C0178,P002,Recurring,545000,0,545000,545000,6540000
R005764,2025-09-01,C0178,P002,Recurring,545000,0,545000,545000,6540000
R005765,2025-10-01,C0178,P002,Recurring,545000,0,545000,545000,6540000
R005766,2025-11-01,C0178,P002,Recurring,545000,0,545000,545000,6540000
R005767,2025-12-01,C0178,P002,Recurring,545000,0,545000,545000,6540000
R005768,2023-09-01,C0179,P002,New,0,370000,370000,370000,4440000
R005769,2023-10-01,C0179,P002,Recurring,370000,0,370000,370000,4440000
R005770,2023-11-01,C0179,P002,Recurring,370000,0,370000,370000,4440000
R005771,2023-12-01,C0179,P002,Recurring,370000,0,370000,370000,4440000
R005772,2024-01-01,C0179,P002,Recurring,370000,0,370000,370000,4440000
R005773,2024-02-01,C0179,P002,Recurring,370000,0,370000,370000,4440000
R005774,2024-03-01,C0179,P002,Recurring,370000,0,370000,370000,4440000
R005775,2024-04-01,C0179,P002,Recurring,370000,0,370000,370000,4440000
R005776,2024-05-01,C0179,P002,Recurring,370000,0,370000,370000,4440000
R005777,2024-06-01,C0179,P002,Recurring,370000,0,370000,370000,4440000
R005778,2024-07-01,C0179,P002,Recurring,370000,0,370000,370000,4440000
R005779,2024-08-01,C0179,P002,Recurring,370000,0,370000,370000,4440000
R005780,2024-09-01,C0179,P002,Recurring,370000,0,370000,370000,4440000
R005781,2024-10-01,C0179,P002,Recurring,370000,0,370000,370000,4440000
R005782,2024-11-01,C0179,P002,Recurring,370000,0,370000,370000,4440000
R005783,2024-12-01,C0179,P002,Recurring,370000,0,370000,370000,4440000
R005784,2025-01-01,C0179,P002,Recurring,370000,0,370000,370000,4440000
R005785,2025-02-01,C0179,P002,Recurring,370000,0,370000,370000,4440000
R005786,2025-03-01,C0179,P002,Recurring,370000,0,370000,370000,4440000
R005787,2025-04-01,C0179,P002,Recurring,370000,0,370000,370000,4440000
R005788,2025-05-01,C0179,P002,Recurring,370000,0,370000,370000,4440000
R005789,2025-06-01,C0179,P002,Recurring,370000,0,370000,370000,4440000
R005790,2025-07-01,C0179,P002,Recurring,370000,0,370000,370000,4440000
R005791,2025-08-01,C0179,P002,Recurring,370000,0,370000,370000,4440000
R005792,2025-09-01,C0179,P002,Recurring,370000,0,370000,370000,4440000
R005793,2025-10-01,C0179,P002,Recurring,370000,0,370000,370000,4440000
R005794,2025-11-01,C0179,P002,Recurring,370000,0,370000,370000,4440000
R005795,2025-12-01,C0179,P002,Recurring,370000,0,370000,370000,4440000
R005796,2023-09-01,C0180,P002,New,0,500000,500000,500000,6000000
R005797,2023-10-01,C0180,P002,Recurring,500000,0,500000,500000,6000000
R005798,2023-11-01,C0180,P002,Recurring,500000,0,500000,500000,6000000
R005799,2023-12-01,C0180,P002,Recurring,500000,0,500000,500000,6000000
R005800,2024-01-01,C0180,P002,Recurring,500000,0,500000,500000,6000000
R005801,2024-02-01,C0180,P002,Recurring,500000,0,500000,500000,6000000
R005802,2024-03-01,C0180,P002,Recurring,500000,0,500000,500000,6000000
R005803,2024-04-01,C0180,P002,Recurring,500000,0,500000,500000,6000000
R005804,2024-05-01,C0180,P002,Recurring,500000,0,500000,500000,6000000
R005805,2024-06-01,C0180,P002,Recurring,500000,0,500000,500000,6000000
R005806,2024-07-01,C0180,P002,Recurring,500000,0,500000,500000,6000000
R005807,2024-08-01,C0180,P002,Recurring,500000,0,500000,500000,6000000
R005808,2024-12-01,C0180,P002,Reactivation,0,500000,500000,500000,6000000
R005809,2025-01-01,C0180,P002,Recurring,500000,0,500000,500000,6000000
R005810,2025-02-01,C0180,P002,Recurring,500000,0,500000,500000,6000000
R005811,2025-03-01,C0180,P002,Recurring,500000,0,500000,500000,6000000
R005812,2025-04-01,C0180,P002,Recurring,500000,0,500000,500000,6000000
R005813,2025-05-01,C0180,P002,Recurring,500000,0,500000,500000,6000000
R005814,2025-06-01,C0180,P002,Recurring,500000,0,500000,500000,6000000
R005815,2025-07-01,C0180,P002,Recurring,500000,0,500000,500000,6000000
R005816,2025-08-01,C0180,P002,Recurring,500000,0,500000,500000,6000000
R005817,2025-09-01,C0180,P002,Recurring,500000,0,500000,500000,6000000
R005818,2025-10-01,C0180,P002,Recurring,500000,0,500000,500000,6000000
R005819,2025-11-01,C0180,P002,Recurring,500000,0,500000,500000,6000000
R005820,2025-12-01,C0180,P002,Recurring,500000,0,500000,500000,6000000
R005821,2023-09-01,C0181,P002,New,0,420000,420000,420000,5040000
R005822,2023-10-01,C0181,P002,Recurring,420000,0,420000,420000,5040000
R005823,2023-11-01,C0181,P002,Recurring,420000,0,420000,420000,5040000
R005824,2023-12-01,C0181,P002,Recurring,420000,0,420000,420000,5040000
R005825,2024-01-01,C0181,P002,Recurring,420000,0,420000,420000,5040000
R005826,2024-02-01,C0181,P002,Recurring,420000,0,420000,420000,5040000
R005827,2024-03-01,C0181,P002,Recurring,420000,0,420000,420000,5040000
R005828,2024-04-01,C0181,P002,Recurring,420000,0,420000,420000,5040000
R005829,2024-05-01,C0181,P002,Recurring,420000,0,420000,420000,5040000
R005830,2024-06-01,C0181,P002,Recurring,420000,0,420000,420000,5040000
R005831,2024-07-01,C0181,P002,Recurring,420000,0,420000,420000,5040000
R005832,2024-08-01,C0181,P002,Recurring,420000,0,420000,420000,5040000
R005833,2024-09-01,C0181,P002,Recurring,420000,0,420000,420000,5040000
R005834,2024-10-01,C0181,P002,Recurring,420000,0,420000,420000,5040000
R005835,2024-11-01,C0181,P002,Recurring,420000,0,420000,420000,5040000
R005836,2024-12-01,C0181,P002,Recurring,420000,0,420000,420000,5040000
R005837,2025-01-01,C0181,P002,Recurring,420000,0,420000,420000,5040000
R005838,2025-02-01,C0181,P002,Recurring,420000,0,420000,420000,5040000
R005839,2025-03-01,C0181,P002,Recurring,420000,0,420000,420000,5040000
R005840,2025-04-01,C0181,P002,Recurring,420000,0,420000,420000,5040000
R005841,2025-05-01,C0181,P002,Recurring,420000,0,420000,420000,5040000
R005842,2025-06-01,C0181,P002,Recurring,420000,0,420000,420000,5040000
R005843,2025-07-01,C0181,P002,Recurring,420000,0,420000,420000,5040000
R005844,2025-08-01,C0181,P002,Recurring,420000,0,420000,420000,5040000
R005845,2025-09-01,C0181,P002,Recurring,420000,0,420000,420000,5040000
R005846,2025-10-01,C0181,P002,Recurring,420000,0,420000,420000,5040000
R005847,2025-11-01,C0181,P002,Recurring,420000,0,420000,420000,5040000
R005848,2025-12-01,C0181,P002,Recurring,420000,0,420000,420000,5040000
R005849,2023-09-01,C0182,P002,New,0,430000,430000,430000,5160000
R005850,2023-10-01,C0182,P002,Recurring,430000,0,430000,430000,5160000
R005851,2023-11-01,C0182,P002,Recurring,430000,0,430000,430000,5160000
R005852,2023-12-01,C0182,P002,Recurring,430000,0,430000,430000,5160000
R005853,2024-01-01,C0182,P002,Recurring,430000,0,430000,430000,5160000
R005854,2024-02-01,C0182,P002,Recurring,430000,0,430000,430000,5160000
R005855,2024-03-01,C0182,P002,Recurring,430000,0,430000,430000,5160000
R005856,2024-04-01,C0182,P002,Recurring,430000,0,430000,430000,5160000
R005857,2024-05-01,C0182,P002,Recurring,430000,0,430000,430000,5160000
R005858,2024-06-01,C0182,P002,Recurring,430000,0,430000,430000,5160000
R005859,2024-07-01,C0182,P002,Recurring,430000,0,430000,430000,5160000
R005860,2024-08-01,C0182,P002,Recurring,430000,0,430000,430000,5160000
R005861,2024-09-01,C0182,P002,Recurring,430000,0,430000,430000,5160000
R005862,2024-10-01,C0182,P002,Recurring,430000,0,430000,430000,5160000
R005863,2024-11-01,C0182,P002,Recurring,430000,0,430000,430000,5160000
R005864,2024-12-01,C0182,P002,Recurring,430000,0,430000,430000,5160000
R005865,2025-01-01,C0182,P002,Recurring,430000,0,430000,430000,5160000
R005866,2025-02-01,C0182,P002,Recurring,430000,0,430000,430000,5160000
R005867,2025-03-01,C0182,P002,Recurring,430000,0,430000,430000,5160000
R005868,2025-04-01,C0182,P002,Recurring,430000,0,430000,430000,5160000
R005869,2025-05-01,C0182,P002,Recurring,430000,0,430000,430000,5160000
R005870,2025-06-01,C0182,P002,Recurring,430000,0,430000,430000,5160000
R005871,2025-07-01,C0182,P002,Recurring,430000,0,430000,430000,5160000
R005872,2025-08-01,C0182,P002,Recurring,430000,0,430000,430000,5160000
R005873,2025-09-01,C0182,P002,Recurring,430000,0,430000,430000,5160000
R005874,2025-10-01,C0182,P002,Recurring,430000,0,430000,430000,5160000
R005875,2025-11-01,C0182,P002,Recurring,430000,0,430000,430000,5160000
R005876,2025-12-01,C0182,P002,Recurring,430000,0,430000,430000,5160000
R005877,2023-09-01,C0183,P001,New,0,150000,150000,150000,1800000
R005878,2023-10-01,C0183,P001,Recurring,150000,0,150000,150000,1800000
R005879,2023-11-01,C0183,P001,Recurring,150000,0,150000,150000,1800000
R005880,2023-12-01,C0183,P001,Recurring,150000,0,150000,150000,1800000
R005881,2024-01-01,C0183,P001,Recurring,150000,0,150000,150000,1800000
R005882,2024-02-01,C0183,P001,Recurring,150000,0,150000,150000,1800000
R005883,2024-03-01,C0183,P001,Recurring,150000,0,150000,150000,1800000
R005884,2024-04-01,C0183,P001,Recurring,150000,0,150000,150000,1800000
R005885,2024-05-01,C0183,P001,Recurring,150000,0,150000,150000,1800000
R005886,2024-06-01,C0183,P001,Recurring,150000,0,150000,150000,1800000
R005887,2024-07-01,C0183,P001,Recurring,150000,0,150000,150000,1800000
R005888,2024-08-01,C0183,P001,Recurring,150000,0,150000,150000,1800000
R005889,2024-09-01,C0183,P001,Recurring,150000,0,150000,150000,1800000
R005890,2024-10-01,C0183,P002,Upgrade,150000,110000,260000,260000,3120000
R005891,2024-11-01,C0183,P002,Recurring,260000,0,260000,260000,3120000
R005892,2024-12-01,C0183,P002,Recurring,260000,0,260000,260000,3120000
R005893,2025-01-01,C0183,P002,Recurring,260000,0,260000,260000,3120000
R005894,2025-02-01,C0183,P002,Recurring,260000,0,260000,260000,3120000
R005895,2025-03-01,C0183,P002,Recurring,260000,0,260000,260000,3120000
R005896,2025-04-01,C0183,P002,Recurring,260000,0,260000,260000,3120000
R005897,2025-05-01,C0183,P002,Recurring,260000,0,260000,260000,3120000
R005898,2025-06-01,C0183,P002,Recurring,260000,0,260000,260000,3120000
R005899,2025-07-01,C0183,P002,Recurring,260000,0,260000,260000,3120000
R005900,2025-08-01,C0183,P002,Recurring,260000,0,260000,260000,3120000
R005901,2025-09-01,C0183,P002,Recurring,260000,0,260000,260000,3120000
R005902,2025-10-01,C0183,P002,Recurring,260000,0,260000,260000,3120000
R005903,2025-11-01,C0183,P002,Recurring,260000,0,260000,260000,3120000
R005904,2025-12-01,C0183,P002,Recurring,260000,0,260000,260000,3120000
R005905,2023-09-01,C0184,P001,New,0,90000,90000,90000,1080000
R005906,2023-10-01,C0184,P001,Recurring,90000,0,90000,90000,1080000
R005907,2023-11-01,C0184,P001,Recurring,90000,0,90000,90000,1080000
R005908,2023-12-01,C0184,P001,Recurring,90000,0,90000,90000,1080000
R005909,2024-01-01,C0184,P001,Recurring,90000,0,90000,90000,1080000
R005910,2024-02-01,C0184,P001,Recurring,90000,0,90000,90000,1080000
R005911,2024-03-01,C0184,P001,Recurring,90000,0,90000,90000,1080000
R005912,2024-04-01,C0184,P001,Recurring,90000,0,90000,90000,1080000
R005913,2024-05-01,C0184,P001,Recurring,90000,0,90000,90000,1080000
R005914,2024-06-01,C0184,P001,Recurring,90000,0,90000,90000,1080000
R005915,2024-07-01,C0184,P001,Recurring,90000,0,90000,90000,1080000
R005916,2024-08-01,C0184,P001,Recurring,90000,0,90000,90000,1080000
R005917,2024-09-01,C0184,P001,Recurring,90000,0,90000,90000,1080000
R005918,2024-10-01,C0184,P001,Recurring,90000,0,90000,90000,1080000
R005919,2024-11-01,C0184,P001,Recurring,90000,0,90000,90000,1080000
R005920,2024-12-01,C0184,P001,Recurring,90000,0,90000,90000,1080000
R005921,2025-01-01,C0184,P001,Recurring,90000,0,90000,90000,1080000
R005922,2025-02-01,C0184,P001,Recurring,90000,0,90000,90000,1080000
R005923,2025-03-01,C0184,P001,Recurring,90000,0,90000,90000,1080000
R005924,2025-04-01,C0184,P001,Recurring,90000,0,90000,90000,1080000
R005925,2025-05-01,C0184,P001,Recurring,90000,0,90000,90000,1080000
R005926,2025-06-01,C0184,P001,Recurring,90000,0,90000,90000,1080000
R005927,2025-07-01,C0184,P001,Recurring,90000,0,90000,90000,1080000
R005928,2025-08-01,C0184,P001,Expansion,90000,10000,100000,100000,1200000
R005929,2025-09-01,C0184,P001,Recurring,100000,0,100000,100000,1200000
R005930,2025-10-01,C0184,P001,Recurring,100000,0,100000,100000,1200000
R005931,2025-11-01,C0184,P001,Recurring,100000,0,100000,100000,1200000
R005932,2025-12-01,C0184,P001,Recurring,100000,0,100000,100000,1200000
R005933,2023-09-01,C0185,P002,New,0,340000,340000,340000,4080000
R005934,2023-10-01,C0185,P002,Recurring,340000,0,340000,340000,4080000
R005935,2023-11-01,C0185,P002,Recurring,340000,0,340000,340000,4080000
R005936,2023-12-01,C0185,P002,Recurring,340000,0,340000,340000,4080000
R005937,2024-01-01,C0185,P002,Recurring,340000,0,340000,340000,4080000
R005938,2024-02-01,C0185,P002,Recurring,340000,0,340000,340000,4080000
R005939,2024-03-01,C0185,P002,Recurring,340000,0,340000,340000,4080000
R005940,2024-04-01,C0185,P002,Recurring,340000,0,340000,340000,4080000
R005941,2024-05-01,C0185,P002,Recurring,340000,0,340000,340000,4080000
R005942,2024-06-01,C0185,P002,Recurring,340000,0,340000,340000,4080000
R005943,2024-07-01,C0185,P002,Recurring,340000,0,340000,340000,4080000
R005944,2024-08-01,C0185,P002,Recurring,340000,0,340000,340000,4080000
R005945,2024-09-01,C0185,P002,Recurring,340000,0,340000,340000,4080000
R005946,2024-10-01,C0185,P002,Recurring,340000,0,340000,340000,4080000
R005947,2024-11-01,C0185,P002,Recurring,340000,0,340000,340000,4080000
R005948,2024-12-01,C0185,P002,Recurring,340000,0,340000,340000,4080000
R005949,2025-01-01,C0185,P002,Recurring,340000,0,340000,340000,4080000
R005950,2025-02-01,C0185,P002,Recurring,340000,0,340000,340000,4080000
R005951,2025-03-01,C0185,P002,Recurring,340000,0,340000,340000,4080000
R005952,2025-04-01,C0185,P002,Recurring,340000,0,340000,340000,4080000
R005953,2025-05-01,C0185,P002,Recurring,340000,0,340000,340000,4080000
R005954,2025-06-01,C0185,P002,Recurring,340000,0,340000,340000,4080000
R005955,2025-07-01,C0185,P002,Recurring,340000,0,340000,340000,4080000
R005956,2025-08-01,C0185,P002,Recurring,340000,0,340000,340000,4080000
R005957,2025-09-01,C0185,P002,Recurring,340000,0,340000,340000,4080000
R005958,2025-10-01,C0185,P002,Recurring,340000,0,340000,340000,4080000
R005959,2025-11-01,C0185,P002,Recurring,340000,0,340000,340000,4080000
R005960,2025-12-01,C0185,P002,Recurring,340000,0,340000,340000,4080000
R005961,2023-09-01,C0186,P001,New,0,135000,135000,135000,1620000
R005962,2023-10-01,C0186,P001,Recurring,135000,0,135000,135000,1620000
R005963,2023-11-01,C0186,P001,Recurring,135000,0,135000,135000,1620000
R005964,2023-12-01,C0186,P001,Recurring,135000,0,135000,135000,1620000
R005965,2024-01-01,C0186,P001,Recurring,135000,0,135000,135000,1620000
R005966,2024-02-01,C0186,P001,Recurring,135000,0,135000,135000,1620000
R005967,2024-03-01,C0186,P001,Recurring,135000,0,135000,135000,1620000
R005968,2024-04-01,C0186,P001,Recurring,135000,0,135000,135000,1620000
R005969,2024-05-01,C0186,P001,Recurring,135000,0,135000,135000,1620000
R005970,2024-06-01,C0186,P001,Recurring,135000,0,135000,135000,1620000
R005971,2024-07-01,C0186,P001,Recurring,135000,0,135000,135000,1620000
R005972,2024-08-01,C0186,P001,Recurring,135000,0,135000,135000,1620000
R005973,2024-09-01,C0186,P001,Recurring,135000,0,135000,135000,1620000
R005974,2024-10-01,C0186,P001,Recurring,135000,0,135000,135000,1620000
R005975,2024-11-01,C0186,P001,Recurring,135000,0,135000,135000,1620000
R005976,2024-12-01,C0186,P001,Recurring,135000,0,135000,135000,1620000
R005977,2025-01-01,C0186,P001,Recurring,135000,0,135000,135000,1620000
R005978,2025-02-01,C0186,P001,Recurring,135000,0,135000,135000,1620000
R005979,2025-03-01,C0186,P001,Recurring,135000,0,135000,135000,1620000
R005980,2025-04-01,C0186,P002,Upgrade,135000,135000,270000,270000,3240000
R005981,2025-05-01,C0186,P002,Recurring,270000,0,270000,270000,3240000
R005982,2025-06-01,C0186,P002,Recurring,270000,0,270000,270000,3240000
R005983,2025-07-01,C0186,P002,Recurring,270000,0,270000,270000,3240000
R005984,2025-08-01,C0186,P002,Recurring,270000,0,270000,270000,3240000
R005985,2025-09-01,C0186,P002,Recurring,270000,0,270000,270000,3240000
R005986,2025-10-01,C0186,P002,Recurring,270000,0,270000,270000,3240000
R005987,2025-11-01,C0186,P002,Recurring,270000,0,270000,270000,3240000
R005988,2025-12-01,C0186,P002,Recurring,270000,0,270000,270000,3240000
R005989,2023-09-01,C0187,P001,New,0,140000,140000,140000,1680000
R005990,2023-10-01,C0187,P001,Recurring,140000,0,140000,140000,1680000
R005991,2023-11-01,C0187,P001,Recurring,140000,0,140000,140000,1680000
R005992,2023-12-01,C0187,P001,Recurring,140000,0,140000,140000,1680000
R005993,2024-01-01,C0187,P001,Recurring,140000,0,140000,140000,1680000
R005994,2024-02-01,C0187,P001,Recurring,140000,0,140000,140000,1680000
R005995,2024-03-01,C0187,P001,Recurring,140000,0,140000,140000,1680000
R005996,2024-04-01,C0187,P001,Recurring,140000,0,140000,140000,1680000
R005997,2024-05-01,C0187,P001,Recurring,140000,0,140000,140000,1680000
R005998,2024-06-01,C0187,P001,Recurring,140000,0,140000,140000,1680000
R005999,2024-07-01,C0187,P001,Recurring,140000,0,140000,140000,1680000
R006000,2024-08-01,C0187,P001,Recurring,140000,0,140000,140000,1680000
R006001,2024-09-01,C0187,P001,Recurring,140000,0,140000,140000,1680000
R006002,2024-10-01,C0187,P001,Recurring,140000,0,140000,140000,1680000
R006003,2024-11-01,C0187,P001,Recurring,140000,0,140000,140000,1680000
R006004,2024-12-01,C0187,P002,Upgrade,140000,140000,280000,280000,3360000
R006005,2025-01-01,C0187,P002,Recurring,280000,0,280000,280000,3360000
R006006,2025-02-01,C0187,P002,Recurring,280000,0,280000,280000,3360000
R006007,2025-03-01,C0187,P002,Recurring,280000,0,280000,280000,3360000
R006008,2025-04-01,C0187,P002,Recurring,280000,0,280000,280000,3360000
R006009,2025-05-01,C0187,P002,Recurring,280000,0,280000,280000,3360000
R006010,2025-06-01,C0187,P002,Recurring,280000,0,280000,280000,3360000
R006011,2025-07-01,C0187,P002,Recurring,280000,0,280000,280000,3360000
R006012,2025-08-01,C0187,P002,Recurring,280000,0,280000,280000,3360000
R006013,2025-09-01,C0187,P002,Recurring,280000,0,280000,280000,3360000
R006014,2025-10-01,C0187,P002,Recurring,280000,0,280000,280000,3360000
R006015,2025-11-01,C0187,P002,Recurring,280000,0,280000,280000,3360000
R006016,2025-12-01,C0187,P002,Recurring,280000,0,280000,280000,3360000
R006017,2023-09-01,C0188,P002,New,0,310000,310000,310000,3720000
R006018,2023-10-01,C0188,P002,Recurring,310000,0,310000,310000,3720000
R006019,2023-11-01,C0188,P002,Recurring,310000,0,310000,310000,3720000
R006020,2023-12-01,C0188,P002,Recurring,310000,0,310000,310000,3720000
R006021,2024-01-01,C0188,P002,Recurring,310000,0,310000,310000,3720000
R006022,2024-02-01,C0188,P002,Recurring,310000,0,310000,310000,3720000
R006023,2024-03-01,C0188,P002,Recurring,310000,0,310000,310000,3720000
R006024,2024-04-01,C0188,P002,Recurring,310000,0,310000,310000,3720000
R006025,2024-05-01,C0188,P002,Recurring,310000,0,310000,310000,3720000
R006026,2024-06-01,C0188,P002,Recurring,310000,0,310000,310000,3720000
R006027,2024-07-01,C0188,P002,Recurring,310000,0,310000,310000,3720000
R006028,2024-08-01,C0188,P002,Recurring,310000,0,310000,310000,3720000
R006029,2024-09-01,C0188,P002,Recurring,310000,0,310000,310000,3720000
R006030,2024-10-01,C0188,P002,Recurring,310000,0,310000,310000,3720000
R006031,2024-11-01,C0188,P002,Recurring,310000,0,310000,310000,3720000
R006032,2024-12-01,C0188,P002,Recurring,310000,0,310000,310000,3720000
R006033,2025-01-01,C0188,P002,Recurring,310000,0,310000,310000,3720000
R006034,2025-02-01,C0188,P002,Recurring,310000,0,310000,310000,3720000
R006035,2025-03-01,C0188,P002,Recurring,310000,0,310000,310000,3720000
R006036,2025-04-01,C0188,P002,Recurring,310000,0,310000,310000,3720000
R006037,2025-05-01,C0188,P002,Recurring,310000,0,310000,310000,3720000
R006038,2025-06-01,C0188,P002,Recurring,310000,0,310000,310000,3720000
R006039,2025-07-01,C0188,P002,Recurring,310000,0,310000,310000,3720000
R006040,2025-08-01,C0188,P002,Recurring,310000,0,310000,310000,3720000
R006041,2025-09-01,C0188,P002,Recurring,310000,0,310000,310000,3720000
R006042,2025-10-01,C0188,P002,Recurring,310000,0,310000,310000,3720000
R006043,2025-11-01,C0188,P002,Recurring,310000,0,310000,310000,3720000
R006044,2025-12-01,C0188,P002,Recurring,310000,0,310000,310000,3720000
R006045,2023-09-01,C0189,P001,New,0,125000,125000,125000,1500000
R006046,2023-10-01,C0189,P001,Recurring,125000,0,125000,125000,1500000
R006047,2023-11-01,C0189,P001,Recurring,125000,0,125000,125000,1500000
R006048,2023-12-01,C0189,P001,Recurring,125000,0,125000,125000,1500000
R006049,2024-01-01,C0189,P001,Recurring,125000,0,125000,125000,1500000
R006050,2024-02-01,C0189,P001,Recurring,125000,0,125000,125000,1500000
R006051,2024-03-01,C0189,P001,Recurring,125000,0,125000,125000,1500000
R006052,2024-04-01,C0189,P001,Recurring,125000,0,125000,125000,1500000
R006053,2024-05-01,C0189,P001,Recurring,125000,0,125000,125000,1500000
R006054,2024-06-01,C0189,P001,Recurring,125000,0,125000,125000,1500000
R006055,2024-07-01,C0189,P001,Recurring,125000,0,125000,125000,1500000
R006056,2024-08-01,C0189,P001,Recurring,125000,0,125000,125000,1500000
R006057,2024-09-01,C0189,P001,Recurring,125000,0,125000,125000,1500000
R006058,2024-10-01,C0189,P001,Recurring,125000,0,125000,125000,1500000
R006059,2024-11-01,C0189,P001,Recurring,125000,0,125000,125000,1500000
R006060,2024-12-01,C0189,P001,Recurring,125000,0,125000,125000,1500000
R006061,2025-01-01,C0189,P001,Expansion,125000,15000,140000,140000,1680000
R006062,2025-02-01,C0189,P001,Recurring,140000,0,140000,140000,1680000
R006063,2025-03-01,C0189,P001,Recurring,140000,0,140000,140000,1680000
R006064,2025-04-01,C0189,P001,Recurring,140000,0,140000,140000,1680000
R006065,2025-05-01,C0189,P001,Recurring,140000,0,140000,140000,1680000
R006066,2025-06-01,C0189,P001,Recurring,140000,0,140000,140000,1680000
R006067,2025-07-01,C0189,P001,Expansion,140000,10000,150000,150000,1800000
R006068,2025-08-01,C0189,P001,Recurring,150000,0,150000,150000,1800000
R006069,2025-09-01,C0189,P001,Recurring,150000,0,150000,150000,1800000
R006070,2025-10-01,C0189,P001,Recurring,150000,0,150000,150000,1800000
R006071,2025-11-01,C0189,P001,Recurring,150000,0,150000,150000,1800000
R006072,2025-12-01,C0189,P001,Recurring,150000,0,150000,150000,1800000
R006073,2023-09-01,C0190,P002,New,0,330000,330000,330000,3960000
R006074,2023-10-01,C0190,P002,Recurring,330000,0,330000,330000,3960000
R006075,2023-11-01,C0190,P002,Recurring,330000,0,330000,330000,3960000
R006076,2023-12-01,C0190,P002,Recurring,330000,0,330000,330000,3960000
R006077,2024-01-01,C0190,P002,Recurring,330000,0,330000,330000,3960000
R006078,2024-02-01,C0190,P002,Recurring,330000,0,330000,330000,3960000
R006079,2024-03-01,C0190,P002,Recurring,330000,0,330000,330000,3960000
R006080,2024-04-01,C0190,P002,Recurring,330000,0,330000,330000,3960000
R006081,2024-05-01,C0190,P002,Recurring,330000,0,330000,330000,3960000
R006082,2024-06-01,C0190,P002,Recurring,330000,0,330000,330000,3960000
R006083,2024-07-01,C0190,P002,Recurring,330000,0,330000,330000,3960000
R006084,2024-08-01,C0190,P002,Recurring,330000,0,330000,330000,3960000
R006085,2024-09-01,C0190,P002,Recurring,330000,0,330000,330000,3960000
R006086,2024-10-01,C0190,P002,Recurring,330000,0,330000,330000,3960000
R006087,2024-11-01,C0190,P002,Recurring,330000,0,330000,330000,3960000
R006088,2024-12-01,C0190,P002,Recurring,330000,0,330000,330000,3960000
R006089,2025-01-01,C0190,P002,Recurring,330000,0,330000,330000,3960000
R006090,2025-02-01,C0190,P002,Recurring,330000,0,330000,330000,3960000
R006091,2025-03-01,C0190,P002,Recurring,330000,0,330000,330000,3960000
R006092,2025-04-01,C0190,P002,Recurring,330000,0,330000,330000,3960000
R006093,2025-05-01,C0190,P002,Recurring,330000,0,330000,330000,3960000
R006094,2025-06-01,C0190,P002,Recurring,330000,0,330000,330000,3960000
R006095,2025-07-01,C0190,P002,Recurring,330000,0,330000,330000,3960000
R006096,2025-08-01,C0190,P002,Recurring,330000,0,330000,330000,3960000
R006097,2025-09-01,C0190,P002,Recurring,330000,0,330000,330000,3960000
R006098,2025-10-01,C0190,P002,Recurring,330000,0,330000,330000,3960000
R006099,2025-11-01,C0190,P002,Expansion,330000,55000,385000,385000,4620000
R006100,2025-12-01,C0190,P002,Recurring,385000,0,385000,385000,4620000
R006101,2023-10-01,C0191,P001,New,0,155000,155000,155000,1860000
R006102,2023-11-01,C0191,P001,Recurring,155000,0,155000,155000,1860000
R006103,2023-12-01,C0191,P001,Recurring,155000,0,155000,155000,1860000
R006104,2024-01-01,C0191,P001,Recurring,155000,0,155000,155000,1860000
R006105,2024-02-01,C0191,P001,Recurring,155000,0,155000,155000,1860000
R006106,2024-03-01,C0191,P001,Recurring,155000,0,155000,155000,1860000
R006107,2024-04-01,C0191,P001,Recurring,155000,0,155000,155000,1860000
R006108,2024-05-01,C0191,P001,Recurring,155000,0,155000,155000,1860000
R006109,2024-06-01,C0191,P001,Recurring,155000,0,155000,155000,1860000
R006110,2024-07-01,C0191,P001,Recurring,155000,0,155000,155000,1860000
R006111,2024-08-01,C0191,P001,Recurring,155000,0,155000,155000,1860000
R006112,2024-09-01,C0191,P001,Recurring,155000,0,155000,155000,1860000
R006113,2024-10-01,C0191,P001,Recurring,155000,0,155000,155000,1860000
R006114,2024-11-01,C0191,P001,Recurring,155000,0,155000,155000,1860000
R006115,2024-12-01,C0191,P001,Expansion,155000,30000,185000,185000,2220000
R006116,2025-01-01,C0191,P001,Recurring,185000,0,185000,185000,2220000
R006117,2025-02-01,C0191,P001,Recurring,185000,0,185000,185000,2220000
R006118,2025-03-01,C0191,P001,Recurring,185000,0,185000,185000,2220000
R006119,2025-04-01,C0191,P001,Recurring,185000,0,185000,185000,2220000
R006120,2025-05-01,C0191,P001,Recurring,185000,0,185000,185000,2220000
R006121,2025-06-01,C0191,P001,Recurring,185000,0,185000,185000,2220000
R006122,2025-07-01,C0191,P001,Recurring,185000,0,185000,185000,2220000
R006123,2025-08-01,C0191,P001,Recurring,185000,0,185000,185000,2220000
R006124,2025-09-01,C0191,P001,Recurring,185000,0,185000,185000,2220000
R006125,2025-10-01,C0191,P001,Recurring,185000,0,185000,185000,2220000
R006126,2025-11-01,C0191,P001,Recurring,185000,0,185000,185000,2220000
R006127,2025-12-01,C0191,P001,Recurring,185000,0,185000,185000,2220000
R006128,2023-10-01,C0192,P002,New,0,250000,250000,250000,3000000
R006129,2023-11-01,C0192,P002,Recurring,250000,0,250000,250000,3000000
R006130,2023-12-01,C0192,P002,Recurring,250000,0,250000,250000,3000000
R006131,2024-01-01,C0192,P002,Recurring,250000,0,250000,250000,3000000
R006132,2024-02-01,C0192,P002,Recurring,250000,0,250000,250000,3000000
R006133,2024-03-01,C0192,P002,Recurring,250000,0,250000,250000,3000000
R006134,2024-04-01,C0192,P002,Recurring,250000,0,250000,250000,3000000
R006135,2024-05-01,C0192,P002,Recurring,250000,0,250000,250000,3000000
R006136,2024-06-01,C0192,P002,Recurring,250000,0,250000,250000,3000000
R006137,2024-07-01,C0192,P002,Recurring,250000,0,250000,250000,3000000
R006138,2024-08-01,C0192,P002,Recurring,250000,0,250000,250000,3000000
R006139,2024-09-01,C0192,P002,Recurring,250000,0,250000,250000,3000000
R006140,2024-10-01,C0192,P002,Recurring,250000,0,250000,250000,3000000
R006141,2025-03-01,C0192,P002,Reactivation,0,250000,250000,250000,3000000
R006142,2025-04-01,C0192,P002,Recurring,250000,0,250000,250000,3000000
R006143,2025-05-01,C0192,P002,Recurring,250000,0,250000,250000,3000000
R006144,2025-06-01,C0192,P002,Recurring,250000,0,250000,250000,3000000
R006145,2025-07-01,C0192,P002,Recurring,250000,0,250000,250000,3000000
R006146,2025-08-01,C0192,P002,Recurring,250000,0,250000,250000,3000000
R006147,2025-09-01,C0192,P002,Recurring,250000,0,250000,250000,3000000
R006148,2025-10-01,C0192,P002,Recurring,250000,0,250000,250000,3000000
R006149,2025-11-01,C0192,P002,Recurring,250000,0,250000,250000,3000000
R006150,2025-12-01,C0192,P002,Recurring,250000,0,250000,250000,3000000
R006151,2023-10-01,C0193,P002,New,0,360000,360000,360000,4320000
R006152,2023-11-01,C0193,P002,Recurring,360000,0,360000,360000,4320000
R006153,2023-12-01,C0193,P002,Recurring,360000,0,360000,360000,4320000
R006154,2024-01-01,C0193,P002,Recurring,360000,0,360000,360000,4320000
R006155,2024-02-01,C0193,P002,Recurring,360000,0,360000,360000,4320000
R006156,2024-03-01,C0193,P002,Recurring,360000,0,360000,360000,4320000
R006157,2024-04-01,C0193,P002,Recurring,360000,0,360000,360000,4320000
R006158,2024-05-01,C0193,P002,Recurring,360000,0,360000,360000,4320000
R006159,2024-06-01,C0193,P002,Recurring,360000,0,360000,360000,4320000
R006160,2024-07-01,C0193,P002,Recurring,360000,0,360000,360000,4320000
R006161,2024-08-01,C0193,P002,Recurring,360000,0,360000,360000,4320000
R006162,2024-09-01,C0193,P002,Recurring,360000,0,360000,360000,4320000
R006163,2024-10-01,C0193,P002,Recurring,360000,0,360000,360000,4320000
R006164,2024-11-01,C0193,P002,Recurring,360000,0,360000,360000,4320000
R006165,2024-12-01,C0193,P002,Recurring,360000,0,360000,360000,4320000
R006166,2025-01-01,C0193,P002,Recurring,360000,0,360000,360000,4320000
R006167,2025-02-01,C0193,P002,Recurring,360000,0,360000,360000,4320000
R006168,2025-03-01,C0193,P002,Recurring,360000,0,360000,360000,4320000
R006169,2025-04-01,C0193,P002,Recurring,360000,0,360000,360000,4320000
R006170,2025-05-01,C0193,P002,Recurring,360000,0,360000,360000,4320000
R006171,2025-06-01,C0193,P002,Recurring,360000,0,360000,360000,4320000
R006172,2025-07-01,C0193,P002,Recurring,360000,0,360000,360000,4320000
R006173,2025-08-01,C0193,P002,Recurring,360000,0,360000,360000,4320000
R006174,2025-09-01,C0193,P002,Expansion,360000,35000,395000,395000,4740000
R006175,2025-10-01,C0193,P002,Recurring,395000,0,395000,395000,4740000
R006176,2025-11-01,C0193,P002,Recurring,395000,0,395000,395000,4740000
R006177,2025-12-01,C0193,P002,Recurring,395000,0,395000,395000,4740000
R006178,2023-10-01,C0194,P001,New,0,155000,155000,155000,1860000
R006179,2023-11-01,C0194,P001,Recurring,155000,0,155000,155000,1860000
R006180,2023-12-01,C0194,P001,Recurring,155000,0,155000,155000,1860000
R006181,2024-01-01,C0194,P001,Recurring,155000,0,155000,155000,1860000
R006182,2024-02-01,C0194,P001,Recurring,155000,0,155000,155000,1860000
R006183,2024-03-01,C0194,P001,Recurring,155000,0,155000,155000,1860000
R006184,2024-04-01,C0194,P001,Recurring,155000,0,155000,155000,1860000
R006185,2024-05-01,C0194,P001,Recurring,155000,0,155000,155000,1860000
R006186,2024-06-01,C0194,P001,Recurring,155000,0,155000,155000,1860000
R006187,2024-07-01,C0194,P001,Recurring,155000,0,155000,155000,1860000
R006188,2024-08-01,C0194,P001,Recurring,155000,0,155000,155000,1860000
R006189,2024-09-01,C0194,P001,Recurring,155000,0,155000,155000,1860000
R006190,2024-10-01,C0194,P001,Recurring,155000,0,155000,155000,1860000
R006191,2024-11-01,C0194,P001,Recurring,155000,0,155000,155000,1860000
R006192,2024-12-01,C0194,P001,Recurring,155000,0,155000,155000,1860000
R006193,2025-01-01,C0194,P001,Recurring,155000,0,155000,155000,1860000
R006194,2025-02-01,C0194,P001,Recurring,155000,0,155000,155000,1860000
R006195,2025-03-01,C0194,P001,Recurring,155000,0,155000,155000,1860000
R006196,2025-04-01,C0194,P001,Recurring,155000,0,155000,155000,1860000
R006197,2025-05-01,C0194,P001,Recurring,155000,0,155000,155000,1860000
R006198,2025-06-01,C0194,P001,Recurring,155000,0,155000,155000,1860000
R006199,2025-07-01,C0194,P001,Recurring,155000,0,155000,155000,1860000
R006200,2025-08-01,C0194,P001,Recurring,155000,0,155000,155000,1860000
R006201,2025-09-01,C0194,P001,Recurring,155000,0,155000,155000,1860000
R006202,2025-10-01,C0194,P002,Upgrade,155000,135000,290000,290000,3480000
R006203,2025-11-01,C0194,P002,Recurring,290000,0,290000,290000,3480000
R006204,2025-12-01,C0194,P002,Recurring,290000,0,290000,290000,3480000
R006205,2023-10-01,C0195,P002,New,0,470000,470000,470000,5640000
R006206,2023-11-01,C0195,P002,Recurring,470000,0,470000,470000,5640000
R006207,2023-12-01,C0195,P002,Recurring,470000,0,470000,470000,5640000
R006208,2024-01-01,C0195,P002,Recurring,470000,0,470000,470000,5640000
R006209,2024-02-01,C0195,P002,Recurring,470000,0,470000,470000,5640000
R006210,2024-03-01,C0195,P002,Recurring,470000,0,470000,470000,5640000
R006211,2024-04-01,C0195,P002,Recurring,470000,0,470000,470000,5640000
R006212,2024-05-01,C0195,P002,Recurring,470000,0,470000,470000,5640000
R006213,2024-06-01,C0195,P002,Recurring,470000,0,470000,470000,5640000
R006214,2024-07-01,C0195,P002,Recurring,470000,0,470000,470000,5640000
R006215,2024-08-01,C0195,P002,Recurring,470000,0,470000,470000,5640000
R006216,2024-09-01,C0195,P002,Recurring,470000,0,470000,470000,5640000
R006217,2024-10-01,C0195,P002,Expansion,470000,80000,550000,550000,6600000
R006218,2024-11-01,C0195,P002,Recurring,550000,0,550000,550000,6600000
R006219,2024-12-01,C0195,P002,Recurring,550000,0,550000,550000,6600000
R006220,2025-01-01,C0195,P002,Recurring,550000,0,550000,550000,6600000
R006221,2025-02-01,C0195,P002,Recurring,550000,0,550000,550000,6600000
R006222,2025-03-01,C0195,P002,Recurring,550000,0,550000,550000,6600000
R006223,2025-04-01,C0195,P002,Recurring,550000,0,550000,550000,6600000
R006224,2025-05-01,C0195,P002,Recurring,550000,0,550000,550000,6600000
R006225,2025-06-01,C0195,P002,Recurring,550000,0,550000,550000,6600000
R006226,2025-07-01,C0195,P002,Recurring,550000,0,550000,550000,6600000
R006227,2025-08-01,C0195,P002,Recurring,550000,0,550000,550000,6600000
R006228,2025-09-01,C0195,P002,Recurring,550000,0,550000,550000,6600000
R006229,2025-10-01,C0195,P002,Recurring,550000,0,550000,550000,6600000
R006230,2025-11-01,C0195,P002,Recurring,550000,0,550000,550000,6600000
R006231,2025-12-01,C0195,P002,Recurring,550000,0,550000,550000,6600000
R006232,2023-10-01,C0196,P001,New,0,135000,135000,135000,1620000
R006233,2023-11-01,C0196,P001,Recurring,135000,0,135000,135000,1620000
R006234,2023-12-01,C0196,P001,Recurring,135000,0,135000,135000,1620000
R006235,2024-01-01,C0196,P001,Recurring,135000,0,135000,135000,1620000
R006236,2024-02-01,C0196,P001,Recurring,135000,0,135000,135000,1620000
R006237,2024-03-01,C0196,P001,Recurring,135000,0,135000,135000,1620000
R006238,2024-04-01,C0196,P001,Recurring,135000,0,135000,135000,1620000
R006239,2024-05-01,C0196,P001,Recurring,135000,0,135000,135000,1620000
R006240,2024-06-01,C0196,P001,Recurring,135000,0,135000,135000,1620000
R006241,2024-07-01,C0196,P001,Recurring,135000,0,135000,135000,1620000
R006242,2024-08-01,C0196,P001,Recurring,135000,0,135000,135000,1620000
R006243,2024-09-01,C0196,P001,Recurring,135000,0,135000,135000,1620000
R006244,2024-10-01,C0196,P002,Upgrade,135000,120000,255000,255000,3060000
R006245,2024-11-01,C0196,P002,Recurring,255000,0,255000,255000,3060000
R006246,2024-12-01,C0196,P002,Recurring,255000,0,255000,255000,3060000
R006247,2025-01-01,C0196,P002,Expansion,255000,50000,305000,305000,3660000
R006248,2025-02-01,C0196,P002,Recurring,305000,0,305000,305000,3660000
R006249,2025-03-01,C0196,P002,Recurring,305000,0,305000,305000,3660000
R006250,2025-04-01,C0196,P002,Recurring,305000,0,305000,305000,3660000
R006251,2025-05-01,C0196,P002,Recurring,305000,0,305000,305000,3660000
R006252,2025-06-01,C0196,P002,Expansion,305000,35000,340000,340000,4080000
R006253,2025-07-01,C0196,P002,Recurring,340000,0,340000,340000,4080000
R006254,2025-08-01,C0196,P002,Recurring,340000,0,340000,340000,4080000
R006255,2025-09-01,C0196,P002,Recurring,340000,0,340000,340000,4080000
R006256,2025-10-01,C0196,P002,Recurring,340000,0,340000,340000,4080000
R006257,2023-10-01,C0197,P001,New,0,100000,100000,100000,1200000
R006258,2023-11-01,C0197,P001,Recurring,100000,0,100000,100000,1200000
R006259,2023-12-01,C0197,P001,Recurring,100000,0,100000,100000,1200000
R006260,2024-01-01,C0197,P001,Recurring,100000,0,100000,100000,1200000
R006261,2024-02-01,C0197,P001,Recurring,100000,0,100000,100000,1200000
R006262,2024-03-01,C0197,P001,Recurring,100000,0,100000,100000,1200000
R006263,2024-04-01,C0197,P001,Recurring,100000,0,100000,100000,1200000
R006264,2024-05-01,C0197,P001,Recurring,100000,0,100000,100000,1200000
R006265,2024-06-01,C0197,P001,Recurring,100000,0,100000,100000,1200000
R006266,2024-07-01,C0197,P001,Recurring,100000,0,100000,100000,1200000
R006267,2024-08-01,C0197,P001,Recurring,100000,0,100000,100000,1200000
R006268,2024-09-01,C0197,P001,Recurring,100000,0,100000,100000,1200000
R006269,2024-10-01,C0197,P001,Recurring,100000,0,100000,100000,1200000
R006270,2024-11-01,C0197,P001,Recurring,100000,0,100000,100000,1200000
R006271,2024-12-01,C0197,P001,Recurring,100000,0,100000,100000,1200000
R006272,2025-01-01,C0197,P002,Upgrade,100000,150000,250000,250000,3000000
R006273,2025-02-01,C0197,P002,Recurring,250000,0,250000,250000,3000000
R006274,2025-03-01,C0197,P002,Recurring,250000,0,250000,250000,3000000
R006275,2025-04-01,C0197,P002,Recurring,250000,0,250000,250000,3000000
R006276,2025-05-01,C0197,P002,Recurring,250000,0,250000,250000,3000000
R006277,2025-06-01,C0197,P002,Recurring,250000,0,250000,250000,3000000
R006278,2025-07-01,C0197,P002,Recurring,250000,0,250000,250000,3000000
R006279,2025-08-01,C0197,P002,Recurring,250000,0,250000,250000,3000000
R006280,2025-09-01,C0197,P002,Expansion,250000,45000,295000,295000,3540000
R006281,2025-10-01,C0197,P002,Recurring,295000,0,295000,295000,3540000
R006282,2025-11-01,C0197,P002,Recurring,295000,0,295000,295000,3540000
R006283,2025-12-01,C0197,P002,Recurring,295000,0,295000,295000,3540000
R006284,2023-10-01,C0198,P001,New,0,130000,130000,130000,1560000
R006285,2023-11-01,C0198,P001,Recurring,130000,0,130000,130000,1560000
R006286,2023-12-01,C0198,P001,Recurring,130000,0,130000,130000,1560000
R006287,2024-01-01,C0198,P001,Recurring,130000,0,130000,130000,1560000
R006288,2024-02-01,C0198,P001,Recurring,130000,0,130000,130000,1560000
R006289,2024-03-01,C0198,P001,Recurring,130000,0,130000,130000,1560000
R006290,2024-04-01,C0198,P001,Recurring,130000,0,130000,130000,1560000
R006291,2024-05-01,C0198,P001,Recurring,130000,0,130000,130000,1560000
R006292,2024-06-01,C0198,P001,Recurring,130000,0,130000,130000,1560000
R006293,2024-07-01,C0198,P001,Recurring,130000,0,130000,130000,1560000
R006294,2024-08-01,C0198,P001,Recurring,130000,0,130000,130000,1560000
R006295,2024-09-01,C0198,P001,Recurring,130000,0,130000,130000,1560000
R006296,2024-10-01,C0198,P001,Recurring,130000,0,130000,130000,1560000
R006297,2024-11-01,C0198,P001,Recurring,130000,0,130000,130000,1560000
R006298,2024-12-01,C0198,P001,Recurring,130000,0,130000,130000,1560000
R006299,2025-01-01,C0198,P001,Recurring,130000,0,130000,130000,1560000
R006300,2025-02-01,C0198,P001,Recurring,130000,0,130000,130000,1560000
R006301,2025-03-01,C0198,P002,Upgrade,130000,120000,250000,250000,3000000
R006302,2025-04-01,C0198,P002,Expansion,250000,45000,295000,295000,3540000
R006303,2025-05-01,C0198,P002,Recurring,295000,0,295000,295000,3540000
R006304,2025-06-01,C0198,P002,Recurring,295000,0,295000,295000,3540000
R006305,2025-07-01,C0198,P002,Recurring,295000,0,295000,295000,3540000
R006306,2025-08-01,C0198,P002,Recurring,295000,0,295000,295000,3540000
R006307,2025-09-01,C0198,P002,Recurring,295000,0,295000,295000,3540000
R006308,2025-10-01,C0198,P002,Recurring,295000,0,295000,295000,3540000
R006309,2025-11-01,C0198,P002,Recurring,295000,0,295000,295000,3540000
R006310,2025-12-01,C0198,P002,Recurring,295000,0,295000,295000,3540000
R006311,2023-10-01,C0199,P001,New,0,100000,100000,100000,1200000
R006312,2023-11-01,C0199,P001,Recurring,100000,0,100000,100000,1200000
R006313,2023-12-01,C0199,P001,Recurring,100000,0,100000,100000,1200000
R006314,2024-01-01,C0199,P001,Recurring,100000,0,100000,100000,1200000
R006315,2024-02-01,C0199,P001,Recurring,100000,0,100000,100000,1200000
R006316,2024-03-01,C0199,P001,Recurring,100000,0,100000,100000,1200000
R006317,2024-04-01,C0199,P001,Recurring,100000,0,100000,100000,1200000
R006318,2024-05-01,C0199,P001,Recurring,100000,0,100000,100000,1200000
R006319,2024-06-01,C0199,P001,Recurring,100000,0,100000,100000,1200000
R006320,2024-07-01,C0199,P001,Recurring,100000,0,100000,100000,1200000
R006321,2024-08-01,C0199,P001,Recurring,100000,0,100000,100000,1200000
R006322,2024-09-01,C0199,P001,Recurring,100000,0,100000,100000,1200000
R006323,2024-10-01,C0199,P001,Recurring,100000,0,100000,100000,1200000
R006324,2024-11-01,C0199,P001,Recurring,100000,0,100000,100000,1200000
R006325,2024-12-01,C0199,P001,Recurring,100000,0,100000,100000,1200000
R006326,2025-01-01,C0199,P001,Recurring,100000,0,100000,100000,1200000
R006327,2025-02-01,C0199,P001,Recurring,100000,0,100000,100000,1200000
R006328,2025-03-01,C0199,P001,Recurring,100000,0,100000,100000,1200000
R006329,2025-04-01,C0199,P001,Recurring,100000,0,100000,100000,1200000
R006330,2025-05-01,C0199,P001,Recurring,100000,0,100000,100000,1200000
R006331,2025-06-01,C0199,P001,Recurring,100000,0,100000,100000,1200000
R006332,2025-07-01,C0199,P001,Recurring,100000,0,100000,100000,1200000
R006333,2025-08-01,C0199,P001,Recurring,100000,0,100000,100000,1200000
R006334,2025-09-01,C0199,P001,Recurring,100000,0,100000,100000,1200000
R006335,2025-10-01,C0199,P001,Recurring,100000,0,100000,100000,1200000
R006336,2025-11-01,C0199,P001,Recurring,100000,0,100000,100000,1200000
R006337,2025-12-01,C0199,P001,Recurring,100000,0,100000,100000,1200000
R006338,2023-10-01,C0200,P001,New,0,90000,90000,90000,1080000
R006339,2023-11-01,C0200,P001,Recurring,90000,0,90000,90000,1080000
R006340,2023-12-01,C0200,P001,Recurring,90000,0,90000,90000,1080000
R006341,2024-01-01,C0200,P001,Recurring,90000,0,90000,90000,1080000
R006342,2024-02-01,C0200,P001,Recurring,90000,0,90000,90000,1080000
R006343,2024-03-01,C0200,P001,Recurring,90000,0,90000,90000,1080000
R006344,2024-04-01,C0200,P001,Recurring,90000,0,90000,90000,1080000
R006345,2024-05-01,C0200,P001,Recurring,90000,0,90000,90000,1080000
R006346,2024-06-01,C0200,P001,Recurring,90000,0,90000,90000,1080000
R006347,2024-07-01,C0200,P001,Recurring,90000,0,90000,90000,1080000
R006348,2024-08-01,C0200,P001,Recurring,90000,0,90000,90000,1080000
R006349,2024-09-01,C0200,P001,Recurring,90000,0,90000,90000,1080000
R006350,2025-02-01,C0200,P001,Reactivation,0,90000,90000,90000,1080000
R006351,2025-03-01,C0200,P001,Recurring,90000,0,90000,90000,1080000
R006352,2025-04-01,C0200,P001,Recurring,90000,0,90000,90000,1080000
R006353,2025-05-01,C0200,P001,Recurring,90000,0,90000,90000,1080000
R006354,2025-06-01,C0200,P001,Expansion,90000,15000,105000,105000,1260000
R006355,2025-07-01,C0200,P001,Recurring,105000,0,105000,105000,1260000
R006356,2025-08-01,C0200,P001,Recurring,105000,0,105000,105000,1260000
R006357,2025-09-01,C0200,P001,Recurring,105000,0,105000,105000,1260000
R006358,2025-10-01,C0200,P001,Recurring,105000,0,105000,105000,1260000
R006359,2025-11-01,C0200,P001,Recurring,105000,0,105000,105000,1260000
R006360,2025-12-01,C0200,P001,Recurring,105000,0,105000,105000,1260000
R006361,2023-10-01,C0201,P002,New,0,500000,500000,500000,6000000
R006362,2023-11-01,C0201,P002,Recurring,500000,0,500000,500000,6000000
R006363,2023-12-01,C0201,P002,Recurring,500000,0,500000,500000,6000000
R006364,2024-01-01,C0201,P002,Recurring,500000,0,500000,500000,6000000
R006365,2024-02-01,C0201,P002,Recurring,500000,0,500000,500000,6000000
R006366,2024-03-01,C0201,P002,Recurring,500000,0,500000,500000,6000000
R006367,2024-04-01,C0201,P002,Recurring,500000,0,500000,500000,6000000
R006368,2024-05-01,C0201,P002,Recurring,500000,0,500000,500000,6000000
R006369,2024-06-01,C0201,P002,Recurring,500000,0,500000,500000,6000000
R006370,2024-07-01,C0201,P002,Recurring,500000,0,500000,500000,6000000
R006371,2024-08-01,C0201,P002,Recurring,500000,0,500000,500000,6000000
R006372,2024-09-01,C0201,P002,Recurring,500000,0,500000,500000,6000000
R006373,2024-10-01,C0201,P002,Recurring,500000,0,500000,500000,6000000
R006374,2024-11-01,C0201,P002,Recurring,500000,0,500000,500000,6000000
R006375,2024-12-01,C0201,P002,Recurring,500000,0,500000,500000,6000000
R006376,2025-01-01,C0201,P002,Recurring,500000,0,500000,500000,6000000
R006377,2025-02-01,C0201,P002,Recurring,500000,0,500000,500000,6000000
R006378,2025-03-01,C0201,P002,Recurring,500000,0,500000,500000,6000000
R006379,2025-04-01,C0201,P002,Recurring,500000,0,500000,500000,6000000
R006380,2025-05-01,C0201,P002,Recurring,500000,0,500000,500000,6000000
R006381,2025-06-01,C0201,P002,Recurring,500000,0,500000,500000,6000000
R006382,2025-07-01,C0201,P002,Recurring,500000,0,500000,500000,6000000
R006383,2025-08-01,C0201,P002,Recurring,500000,0,500000,500000,6000000
R006384,2025-09-01,C0201,P002,Recurring,500000,0,500000,500000,6000000
R006385,2025-10-01,C0201,P002,Recurring,500000,0,500000,500000,6000000
R006386,2025-11-01,C0201,P002,Recurring,500000,0,500000,500000,6000000
R006387,2025-12-01,C0201,P002,Recurring,500000,0,500000,500000,6000000
R006388,2023-10-01,C0202,P001,New,0,150000,150000,150000,1800000
R006389,2023-11-01,C0202,P001,Recurring,150000,0,150000,150000,1800000
R006390,2023-12-01,C0202,P001,Recurring,150000,0,150000,150000,1800000
R006391,2024-01-01,C0202,P001,Recurring,150000,0,150000,150000,1800000
R006392,2024-02-01,C0202,P001,Recurring,150000,0,150000,150000,1800000
R006393,2024-03-01,C0202,P001,Recurring,150000,0,150000,150000,1800000
R006394,2024-04-01,C0202,P001,Recurring,150000,0,150000,150000,1800000
R006395,2024-05-01,C0202,P001,Recurring,150000,0,150000,150000,1800000
R006396,2024-06-01,C0202,P001,Recurring,150000,0,150000,150000,1800000
R006397,2024-07-01,C0202,P001,Recurring,150000,0,150000,150000,1800000
R006398,2024-08-01,C0202,P001,Recurring,150000,0,150000,150000,1800000
R006399,2024-09-01,C0202,P001,Recurring,150000,0,150000,150000,1800000
R006400,2024-10-01,C0202,P001,Recurring,150000,0,150000,150000,1800000
R006401,2024-11-01,C0202,P001,Recurring,150000,0,150000,150000,1800000
R006402,2024-12-01,C0202,P001,Recurring,150000,0,150000,150000,1800000
R006403,2025-01-01,C0202,P001,Recurring,150000,0,150000,150000,1800000
R006404,2025-02-01,C0202,P001,Recurring,150000,0,150000,150000,1800000
R006405,2025-03-01,C0202,P001,Recurring,150000,0,150000,150000,1800000
R006406,2025-04-01,C0202,P001,Recurring,150000,0,150000,150000,1800000
R006407,2025-05-01,C0202,P001,Recurring,150000,0,150000,150000,1800000
R006408,2025-06-01,C0202,P001,Recurring,150000,0,150000,150000,1800000
R006409,2025-07-01,C0202,P001,Recurring,150000,0,150000,150000,1800000
R006410,2025-08-01,C0202,P001,Recurring,150000,0,150000,150000,1800000
R006411,2025-09-01,C0202,P001,Recurring,150000,0,150000,150000,1800000
R006412,2025-10-01,C0202,P001,Recurring,150000,0,150000,150000,1800000
R006413,2025-11-01,C0202,P001,Recurring,150000,0,150000,150000,1800000
R006414,2025-12-01,C0202,P001,Recurring,150000,0,150000,150000,1800000
R006415,2023-11-01,C0203,P001,New,0,130000,130000,130000,1560000
R006416,2023-12-01,C0203,P001,Recurring,130000,0,130000,130000,1560000
R006417,2024-01-01,C0203,P001,Recurring,130000,0,130000,130000,1560000
R006418,2024-02-01,C0203,P001,Recurring,130000,0,130000,130000,1560000
R006419,2024-03-01,C0203,P001,Recurring,130000,0,130000,130000,1560000
R006420,2024-04-01,C0203,P001,Recurring,130000,0,130000,130000,1560000
R006421,2024-05-01,C0203,P001,Recurring,130000,0,130000,130000,1560000
R006422,2024-06-01,C0203,P001,Recurring,130000,0,130000,130000,1560000
R006423,2024-07-01,C0203,P001,Recurring,130000,0,130000,130000,1560000
R006424,2024-08-01,C0203,P001,Recurring,130000,0,130000,130000,1560000
R006425,2024-09-01,C0203,P001,Recurring,130000,0,130000,130000,1560000
R006426,2024-10-01,C0203,P001,Recurring,130000,0,130000,130000,1560000
R006427,2024-11-01,C0203,P001,Recurring,130000,0,130000,130000,1560000
R006428,2024-12-01,C0203,P001,Recurring,130000,0,130000,130000,1560000
R006429,2025-01-01,C0203,P001,Recurring,130000,0,130000,130000,1560000
R006430,2025-02-01,C0203,P001,Recurring,130000,0,130000,130000,1560000
R006431,2025-03-01,C0203,P001,Recurring,130000,0,130000,130000,1560000
R006432,2025-04-01,C0203,P001,Recurring,130000,0,130000,130000,1560000
R006433,2025-05-01,C0203,P001,Recurring,130000,0,130000,130000,1560000
R006434,2025-06-01,C0203,P001,Recurring,130000,0,130000,130000,1560000
R006435,2025-07-01,C0203,P001,Recurring,130000,0,130000,130000,1560000
R006436,2025-08-01,C0203,P001,Recurring,130000,0,130000,130000,1560000
R006437,2025-09-01,C0203,P001,Recurring,130000,0,130000,130000,1560000
R006438,2025-10-01,C0203,P001,Recurring,130000,0,130000,130000,1560000
R006439,2025-11-01,C0203,P001,Recurring,130000,0,130000,130000,1560000
R006440,2025-12-01,C0203,P001,Recurring,130000,0,130000,130000,1560000
R006441,2023-11-01,C0204,P001,New,0,105000,105000,105000,1260000
R006442,2023-12-01,C0204,P001,Recurring,105000,0,105000,105000,1260000
R006443,2024-01-01,C0204,P001,Recurring,105000,0,105000,105000,1260000
R006444,2024-02-01,C0204,P001,Recurring,105000,0,105000,105000,1260000
R006445,2024-03-01,C0204,P001,Recurring,105000,0,105000,105000,1260000
R006446,2024-04-01,C0204,P001,Recurring,105000,0,105000,105000,1260000
R006447,2024-05-01,C0204,P001,Recurring,105000,0,105000,105000,1260000
R006448,2024-06-01,C0204,P001,Recurring,105000,0,105000,105000,1260000
R006449,2024-07-01,C0204,P001,Recurring,105000,0,105000,105000,1260000
R006450,2024-08-01,C0204,P001,Recurring,105000,0,105000,105000,1260000
R006451,2024-09-01,C0204,P001,Recurring,105000,0,105000,105000,1260000
R006452,2024-10-01,C0204,P001,Recurring,105000,0,105000,105000,1260000
R006453,2024-11-01,C0204,P001,Recurring,105000,0,105000,105000,1260000
R006454,2024-12-01,C0204,P001,Recurring,105000,0,105000,105000,1260000
R006455,2025-01-01,C0204,P001,Recurring,105000,0,105000,105000,1260000
R006456,2025-02-01,C0204,P001,Recurring,105000,0,105000,105000,1260000
R006457,2025-03-01,C0204,P001,Recurring,105000,0,105000,105000,1260000
R006458,2025-04-01,C0204,P001,Recurring,105000,0,105000,105000,1260000
R006459,2025-05-01,C0204,P001,Recurring,105000,0,105000,105000,1260000
R006460,2025-06-01,C0204,P001,Expansion,105000,15000,120000,120000,1440000
R006461,2025-07-01,C0204,P001,Recurring,120000,0,120000,120000,1440000
R006462,2025-08-01,C0204,P001,Recurring,120000,0,120000,120000,1440000
R006463,2025-09-01,C0204,P001,Recurring,120000,0,120000,120000,1440000
R006464,2025-10-01,C0204,P001,Recurring,120000,0,120000,120000,1440000
R006465,2025-11-01,C0204,P001,Recurring,120000,0,120000,120000,1440000
R006466,2025-12-01,C0204,P001,Recurring,120000,0,120000,120000,1440000
R006467,2023-11-01,C0205,P001,New,0,110000,110000,110000,1320000
R006468,2023-12-01,C0205,P001,Recurring,110000,0,110000,110000,1320000
R006469,2024-01-01,C0205,P001,Recurring,110000,0,110000,110000,1320000
R006470,2024-02-01,C0205,P001,Recurring,110000,0,110000,110000,1320000
R006471,2024-03-01,C0205,P001,Recurring,110000,0,110000,110000,1320000
R006472,2024-04-01,C0205,P001,Recurring,110000,0,110000,110000,1320000
R006473,2024-05-01,C0205,P001,Recurring,110000,0,110000,110000,1320000
R006474,2024-06-01,C0205,P001,Recurring,110000,0,110000,110000,1320000
R006475,2024-07-01,C0205,P001,Recurring,110000,0,110000,110000,1320000
R006476,2024-08-01,C0205,P001,Recurring,110000,0,110000,110000,1320000
R006477,2024-09-01,C0205,P001,Recurring,110000,0,110000,110000,1320000
R006478,2024-10-01,C0205,P001,Recurring,110000,0,110000,110000,1320000
R006479,2024-11-01,C0205,P001,Recurring,110000,0,110000,110000,1320000
R006480,2024-12-01,C0205,P001,Recurring,110000,0,110000,110000,1320000
R006481,2025-01-01,C0205,P001,Recurring,110000,0,110000,110000,1320000
R006482,2025-02-01,C0205,P001,Recurring,110000,0,110000,110000,1320000
R006483,2025-03-01,C0205,P001,Recurring,110000,0,110000,110000,1320000
R006484,2025-04-01,C0205,P001,Recurring,110000,0,110000,110000,1320000
R006485,2025-05-01,C0205,P001,Recurring,110000,0,110000,110000,1320000
R006486,2025-06-01,C0205,P001,Recurring,110000,0,110000,110000,1320000
R006487,2025-07-01,C0205,P001,Recurring,110000,0,110000,110000,1320000
R006488,2025-08-01,C0205,P001,Recurring,110000,0,110000,110000,1320000
R006489,2025-09-01,C0205,P001,Recurring,110000,0,110000,110000,1320000
R006490,2025-10-01,C0205,P001,Recurring,110000,0,110000,110000,1320000
R006491,2025-11-01,C0205,P001,Recurring,110000,0,110000,110000,1320000
R006492,2025-12-01,C0205,P001,Recurring,110000,0,110000,110000,1320000
R006493,2023-11-01,C0206,P002,New,0,470000,470000,470000,5640000
R006494,2023-12-01,C0206,P002,Recurring,470000,0,470000,470000,5640000
R006495,2024-01-01,C0206,P002,Recurring,470000,0,470000,470000,5640000
R006496,2024-02-01,C0206,P002,Recurring,470000,0,470000,470000,5640000
R006497,2024-03-01,C0206,P002,Recurring,470000,0,470000,470000,5640000
R006498,2024-04-01,C0206,P002,Recurring,470000,0,470000,470000,5640000
R006499,2024-05-01,C0206,P002,Recurring,470000,0,470000,470000,5640000
R006500,2024-06-01,C0206,P002,Recurring,470000,0,470000,470000,5640000
R006501,2024-07-01,C0206,P002,Recurring,470000,0,470000,470000,5640000
R006502,2024-08-01,C0206,P002,Recurring,470000,0,470000,470000,5640000
R006503,2024-09-01,C0206,P002,Recurring,470000,0,470000,470000,5640000
R006504,2024-10-01,C0206,P002,Recurring,470000,0,470000,470000,5640000
R006505,2024-11-01,C0206,P002,Expansion,470000,80000,550000,550000,6600000
R006506,2024-12-01,C0206,P002,Recurring,550000,0,550000,550000,6600000
R006507,2025-01-01,C0206,P002,Recurring,550000,0,550000,550000,6600000
R006508,2025-02-01,C0206,P002,Recurring,550000,0,550000,550000,6600000
R006509,2025-03-01,C0206,P002,Recurring,550000,0,550000,550000,6600000
R006510,2025-04-01,C0206,P002,Recurring,550000,0,550000,550000,6600000
R006511,2025-05-01,C0206,P002,Recurring,550000,0,550000,550000,6600000
R006512,2025-06-01,C0206,P002,Recurring,550000,0,550000,550000,6600000
R006513,2025-07-01,C0206,P002,Recurring,550000,0,550000,550000,6600000
R006514,2025-08-01,C0206,P002,Recurring,550000,0,550000,550000,6600000
R006515,2025-09-01,C0206,P002,Recurring,550000,0,550000,550000,6600000
R006516,2025-10-01,C0206,P002,Recurring,550000,0,550000,550000,6600000
R006517,2025-11-01,C0206,P002,Recurring,550000,0,550000,550000,6600000
R006518,2025-12-01,C0206,P002,Recurring,550000,0,550000,550000,6600000
R006519,2023-11-01,C0207,P001,New,0,150000,150000,150000,1800000
R006520,2023-12-01,C0207,P001,Recurring,150000,0,150000,150000,1800000
R006521,2024-01-01,C0207,P001,Recurring,150000,0,150000,150000,1800000
R006522,2024-02-01,C0207,P001,Recurring,150000,0,150000,150000,1800000
R006523,2024-03-01,C0207,P001,Recurring,150000,0,150000,150000,1800000
R006524,2024-04-01,C0207,P001,Recurring,150000,0,150000,150000,1800000
R006525,2024-05-01,C0207,P001,Recurring,150000,0,150000,150000,1800000
R006526,2024-06-01,C0207,P001,Recurring,150000,0,150000,150000,1800000
R006527,2024-07-01,C0207,P001,Recurring,150000,0,150000,150000,1800000
R006528,2024-08-01,C0207,P001,Recurring,150000,0,150000,150000,1800000
R006529,2024-09-01,C0207,P001,Recurring,150000,0,150000,150000,1800000
R006530,2024-10-01,C0207,P001,Recurring,150000,0,150000,150000,1800000
R006531,2024-11-01,C0207,P001,Recurring,150000,0,150000,150000,1800000
R006532,2024-12-01,C0207,P001,Recurring,150000,0,150000,150000,1800000
R006533,2025-01-01,C0207,P001,Recurring,150000,0,150000,150000,1800000
R006534,2025-02-01,C0207,P001,Recurring,150000,0,150000,150000,1800000
R006535,2025-03-01,C0207,P001,Recurring,150000,0,150000,150000,1800000
R006536,2025-04-01,C0207,P001,Recurring,150000,0,150000,150000,1800000
R006537,2025-05-01,C0207,P001,Recurring,150000,0,150000,150000,1800000
R006538,2025-06-01,C0207,P001,Recurring,150000,0,150000,150000,1800000
R006539,2025-07-01,C0207,P001,Recurring,150000,0,150000,150000,1800000
R006540,2025-08-01,C0207,P001,Recurring,150000,0,150000,150000,1800000
R006541,2025-09-01,C0207,P001,Recurring,150000,0,150000,150000,1800000
R006542,2025-10-01,C0207,P001,Recurring,150000,0,150000,150000,1800000
R006543,2025-11-01,C0207,P001,Recurring,150000,0,150000,150000,1800000
R006544,2025-12-01,C0207,P001,Recurring,150000,0,150000,150000,1800000
R006545,2023-11-01,C0208,P001,New,0,165000,165000,165000,1980000
R006546,2023-12-01,C0208,P001,Recurring,165000,0,165000,165000,1980000
R006547,2024-01-01,C0208,P001,Recurring,165000,0,165000,165000,1980000
R006548,2024-02-01,C0208,P001,Recurring,165000,0,165000,165000,1980000
R006549,2024-03-01,C0208,P001,Recurring,165000,0,165000,165000,1980000
R006550,2024-04-01,C0208,P001,Recurring,165000,0,165000,165000,1980000
R006551,2024-05-01,C0208,P001,Recurring,165000,0,165000,165000,1980000
R006552,2024-06-01,C0208,P001,Recurring,165000,0,165000,165000,1980000
R006553,2024-07-01,C0208,P001,Recurring,165000,0,165000,165000,1980000
R006554,2024-08-01,C0208,P001,Recurring,165000,0,165000,165000,1980000
R006555,2024-09-01,C0208,P001,Expansion,165000,30000,195000,195000,2340000
R006556,2024-10-01,C0208,P002,Upgrade,195000,185000,380000,380000,4560000
R006557,2024-11-01,C0208,P002,Recurring,380000,0,380000,380000,4560000
R006558,2025-03-01,C0208,P002,Reactivation,0,380000,380000,380000,4560000
R006559,2025-04-01,C0208,P002,Recurring,380000,0,380000,380000,4560000
R006560,2025-05-01,C0208,P002,Recurring,380000,0,380000,380000,4560000
R006561,2025-06-01,C0208,P002,Recurring,380000,0,380000,380000,4560000
R006562,2025-07-01,C0208,P002,Recurring,380000,0,380000,380000,4560000
R006563,2025-08-01,C0208,P002,Recurring,380000,0,380000,380000,4560000
R006564,2025-09-01,C0208,P002,Recurring,380000,0,380000,380000,4560000
R006565,2025-10-01,C0208,P002,Recurring,380000,0,380000,380000,4560000
R006566,2025-11-01,C0208,P002,Recurring,380000,0,380000,380000,4560000
R006567,2025-12-01,C0208,P002,Recurring,380000,0,380000,380000,4560000
R006568,2023-11-01,C0209,P001,New,0,145000,145000,145000,1740000
R006569,2023-12-01,C0209,P001,Recurring,145000,0,145000,145000,1740000
R006570,2024-01-01,C0209,P001,Recurring,145000,0,145000,145000,1740000
R006571,2024-02-01,C0209,P001,Recurring,145000,0,145000,145000,1740000
R006572,2024-03-01,C0209,P001,Recurring,145000,0,145000,145000,1740000
R006573,2024-04-01,C0209,P001,Recurring,145000,0,145000,145000,1740000
R006574,2024-05-01,C0209,P001,Recurring,145000,0,145000,145000,1740000
R006575,2024-06-01,C0209,P001,Recurring,145000,0,145000,145000,1740000
R006576,2024-07-01,C0209,P001,Recurring,145000,0,145000,145000,1740000
R006577,2024-08-01,C0209,P001,Recurring,145000,0,145000,145000,1740000
R006578,2024-09-01,C0209,P001,Recurring,145000,0,145000,145000,1740000
R006579,2024-10-01,C0209,P001,Recurring,145000,0,145000,145000,1740000
R006580,2024-11-01,C0209,P001,Recurring,145000,0,145000,145000,1740000
R006581,2024-12-01,C0209,P001,Recurring,145000,0,145000,145000,1740000
R006582,2025-01-01,C0209,P001,Recurring,145000,0,145000,145000,1740000
R006583,2025-02-01,C0209,P001,Recurring,145000,0,145000,145000,1740000
R006584,2025-03-01,C0209,P001,Recurring,145000,0,145000,145000,1740000
R006585,2025-04-01,C0209,P001,Recurring,145000,0,145000,145000,1740000
R006586,2025-05-01,C0209,P001,Recurring,145000,0,145000,145000,1740000
R006587,2025-06-01,C0209,P001,Recurring,145000,0,145000,145000,1740000
R006588,2025-07-01,C0209,P001,Recurring,145000,0,145000,145000,1740000
R006589,2025-08-01,C0209,P001,Recurring,145000,0,145000,145000,1740000
R006590,2025-09-01,C0209,P001,Recurring,145000,0,145000,145000,1740000
R006591,2025-10-01,C0209,P001,Recurring,145000,0,145000,145000,1740000
R006592,2025-11-01,C0209,P001,Recurring,145000,0,145000,145000,1740000
R006593,2025-12-01,C0209,P002,Upgrade,145000,130000,275000,275000,3300000
R006594,2023-11-01,C0210,P001,New,0,170000,170000,170000,2040000
R006595,2023-12-01,C0210,P001,Recurring,170000,0,170000,170000,2040000
R006596,2024-01-01,C0210,P001,Recurring,170000,0,170000,170000,2040000
R006597,2024-02-01,C0210,P001,Recurring,170000,0,170000,170000,2040000
R006598,2024-03-01,C0210,P001,Recurring,170000,0,170000,170000,2040000
R006599,2024-04-01,C0210,P001,Recurring,170000,0,170000,170000,2040000
R006600,2024-05-01,C0210,P001,Recurring,170000,0,170000,170000,2040000
R006601,2024-06-01,C0210,P001,Recurring,170000,0,170000,170000,2040000
R006602,2024-07-01,C0210,P001,Recurring,170000,0,170000,170000,2040000
R006603,2024-08-01,C0210,P001,Recurring,170000,0,170000,170000,2040000
R006604,2024-09-01,C0210,P001,Recurring,170000,0,170000,170000,2040000
R006605,2023-11-01,C0211,P002,New,0,390000,390000,390000,4680000
R006606,2023-12-01,C0211,P002,Recurring,390000,0,390000,390000,4680000
R006607,2024-01-01,C0211,P002,Recurring,390000,0,390000,390000,4680000
R006608,2024-02-01,C0211,P002,Recurring,390000,0,390000,390000,4680000
R006609,2024-03-01,C0211,P002,Recurring,390000,0,390000,390000,4680000
R006610,2024-04-01,C0211,P002,Recurring,390000,0,390000,390000,4680000
R006611,2024-05-01,C0211,P002,Recurring,390000,0,390000,390000,4680000
R006612,2024-06-01,C0211,P002,Recurring,390000,0,390000,390000,4680000
R006613,2024-07-01,C0211,P002,Recurring,390000,0,390000,390000,4680000
R006614,2024-08-01,C0211,P002,Recurring,390000,0,390000,390000,4680000
R006615,2024-09-01,C0211,P002,Recurring,390000,0,390000,390000,4680000
R006616,2025-01-01,C0211,P002,Reactivation,0,390000,390000,390000,4680000
R006617,2025-02-01,C0211,P002,Recurring,390000,0,390000,390000,4680000
R006618,2025-03-01,C0211,P002,Recurring,390000,0,390000,390000,4680000
R006619,2025-04-01,C0211,P002,Recurring,390000,0,390000,390000,4680000
R006620,2025-05-01,C0211,P002,Expansion,390000,30000,420000,420000,5040000
R006621,2025-06-01,C0211,P002,Recurring,420000,0,420000,420000,5040000
R006622,2025-07-01,C0211,P002,Recurring,420000,0,420000,420000,5040000
R006623,2025-08-01,C0211,P002,Recurring,420000,0,420000,420000,5040000
R006624,2025-09-01,C0211,P002,Recurring,420000,0,420000,420000,5040000
R006625,2025-10-01,C0211,P002,Recurring,420000,0,420000,420000,5040000
R006626,2025-11-01,C0211,P002,Recurring,420000,0,420000,420000,5040000
R006627,2025-12-01,C0211,P002,Recurring,420000,0,420000,420000,5040000
R006628,2023-11-01,C0212,P002,New,0,500000,500000,500000,6000000
R006629,2023-12-01,C0212,P002,Recurring,500000,0,500000,500000,6000000
R006630,2024-01-01,C0212,P002,Recurring,500000,0,500000,500000,6000000
R006631,2024-02-01,C0212,P002,Recurring,500000,0,500000,500000,6000000
R006632,2024-03-01,C0212,P002,Recurring,500000,0,500000,500000,6000000
R006633,2024-04-01,C0212,P002,Recurring,500000,0,500000,500000,6000000
R006634,2024-05-01,C0212,P002,Recurring,500000,0,500000,500000,6000000
R006635,2024-06-01,C0212,P002,Recurring,500000,0,500000,500000,6000000
R006636,2024-07-01,C0212,P002,Recurring,500000,0,500000,500000,6000000
R006637,2024-08-01,C0212,P002,Recurring,500000,0,500000,500000,6000000
R006638,2024-09-01,C0212,P002,Recurring,500000,0,500000,500000,6000000
R006639,2024-10-01,C0212,P002,Recurring,500000,0,500000,500000,6000000
R006640,2024-11-01,C0212,P002,Recurring,500000,0,500000,500000,6000000
R006641,2024-12-01,C0212,P002,Recurring,500000,0,500000,500000,6000000
R006642,2025-01-01,C0212,P002,Recurring,500000,0,500000,500000,6000000
R006643,2025-02-01,C0212,P002,Recurring,500000,0,500000,500000,6000000
R006644,2025-03-01,C0212,P002,Recurring,500000,0,500000,500000,6000000
R006645,2025-04-01,C0212,P002,Recurring,500000,0,500000,500000,6000000
R006646,2025-05-01,C0212,P002,Recurring,500000,0,500000,500000,6000000
R006647,2025-06-01,C0212,P002,Recurring,500000,0,500000,500000,6000000
R006648,2025-07-01,C0212,P002,Recurring,500000,0,500000,500000,6000000
R006649,2025-08-01,C0212,P002,Recurring,500000,0,500000,500000,6000000
R006650,2025-09-01,C0212,P002,Recurring,500000,0,500000,500000,6000000
R006651,2025-10-01,C0212,P002,Recurring,500000,0,500000,500000,6000000
R006652,2025-11-01,C0212,P002,Recurring,500000,0,500000,500000,6000000
R006653,2025-12-01,C0212,P002,Recurring,500000,0,500000,500000,6000000
R006654,2023-11-01,C0213,P002,New,0,310000,310000,310000,3720000
R006655,2023-12-01,C0213,P002,Recurring,310000,0,310000,310000,3720000
R006656,2024-01-01,C0213,P002,Recurring,310000,0,310000,310000,3720000
R006657,2024-02-01,C0213,P002,Recurring,310000,0,310000,310000,3720000
R006658,2024-03-01,C0213,P002,Recurring,310000,0,310000,310000,3720000
R006659,2024-04-01,C0213,P002,Recurring,310000,0,310000,310000,3720000
R006660,2024-05-01,C0213,P002,Recurring,310000,0,310000,310000,3720000
R006661,2024-06-01,C0213,P002,Recurring,310000,0,310000,310000,3720000
R006662,2024-07-01,C0213,P002,Expansion,310000,30000,340000,340000,4080000
R006663,2024-08-01,C0213,P002,Recurring,340000,0,340000,340000,4080000
R006664,2024-09-01,C0213,P002,Recurring,340000,0,340000,340000,4080000
R006665,2024-10-01,C0213,P002,Recurring,340000,0,340000,340000,4080000
R006666,2024-11-01,C0213,P002,Recurring,340000,0,340000,340000,4080000
R006667,2024-12-01,C0213,P002,Recurring,340000,0,340000,340000,4080000
R006668,2025-01-01,C0213,P002,Recurring,340000,0,340000,340000,4080000
R006669,2025-02-01,C0213,P002,Recurring,340000,0,340000,340000,4080000
R006670,2025-03-01,C0213,P002,Recurring,340000,0,340000,340000,4080000
R006671,2025-04-01,C0213,P002,Recurring,340000,0,340000,340000,4080000
R006672,2025-05-01,C0213,P002,Recurring,340000,0,340000,340000,4080000
R006673,2025-06-01,C0213,P002,Recurring,340000,0,340000,340000,4080000
R006674,2025-07-01,C0213,P002,Recurring,340000,0,340000,340000,4080000
R006675,2025-08-01,C0213,P002,Recurring,340000,0,340000,340000,4080000
R006676,2025-09-01,C0213,P002,Recurring,340000,0,340000,340000,4080000
R006677,2025-10-01,C0213,P002,Recurring,340000,0,340000,340000,4080000
R006678,2025-11-01,C0213,P002,Recurring,340000,0,340000,340000,4080000
R006679,2025-12-01,C0213,P002,Recurring,340000,0,340000,340000,4080000
R006680,2023-12-01,C0214,P001,New,0,95000,95000,95000,1140000
R006681,2024-01-01,C0214,P001,Recurring,95000,0,95000,95000,1140000
R006682,2024-02-01,C0214,P001,Recurring,95000,0,95000,95000,1140000
R006683,2024-03-01,C0214,P001,Recurring,95000,0,95000,95000,1140000
R006684,2024-04-01,C0214,P001,Recurring,95000,0,95000,95000,1140000
R006685,2024-05-01,C0214,P001,Recurring,95000,0,95000,95000,1140000
R006686,2024-06-01,C0214,P001,Recurring,95000,0,95000,95000,1140000
R006687,2024-07-01,C0214,P001,Recurring,95000,0,95000,95000,1140000
R006688,2024-08-01,C0214,P001,Recurring,95000,0,95000,95000,1140000
R006689,2024-09-01,C0214,P001,Recurring,95000,0,95000,95000,1140000
R006690,2024-10-01,C0214,P001,Recurring,95000,0,95000,95000,1140000
R006691,2024-11-01,C0214,P001,Recurring,95000,0,95000,95000,1140000
R006692,2024-12-01,C0214,P001,Recurring,95000,0,95000,95000,1140000
R006693,2025-01-01,C0214,P001,Recurring,95000,0,95000,95000,1140000
R006694,2025-02-01,C0214,P001,Recurring,95000,0,95000,95000,1140000
R006695,2025-03-01,C0214,P001,Recurring,95000,0,95000,95000,1140000
R006696,2025-04-01,C0214,P001,Recurring,95000,0,95000,95000,1140000
R006697,2025-05-01,C0214,P001,Recurring,95000,0,95000,95000,1140000
R006698,2025-06-01,C0214,P001,Recurring,95000,0,95000,95000,1140000
R006699,2025-07-01,C0214,P001,Recurring,95000,0,95000,95000,1140000
R006700,2025-08-01,C0214,P001,Recurring,95000,0,95000,95000,1140000
R006701,2025-09-01,C0214,P001,Recurring,95000,0,95000,95000,1140000
R006702,2025-10-01,C0214,P001,Recurring,95000,0,95000,95000,1140000
R006703,2025-11-01,C0214,P001,Recurring,95000,0,95000,95000,1140000
R006704,2025-12-01,C0214,P001,Recurring,95000,0,95000,95000,1140000
R006705,2023-12-01,C0215,P002,New,0,300000,300000,300000,3600000
R006706,2024-01-01,C0215,P002,Recurring,300000,0,300000,300000,3600000
R006707,2024-02-01,C0215,P002,Recurring,300000,0,300000,300000,3600000
R006708,2024-03-01,C0215,P002,Recurring,300000,0,300000,300000,3600000
R006709,2024-04-01,C0215,P002,Recurring,300000,0,300000,300000,3600000
R006710,2024-05-01,C0215,P002,Recurring,300000,0,300000,300000,3600000
R006711,2024-06-01,C0215,P002,Recurring,300000,0,300000,300000,3600000
R006712,2024-07-01,C0215,P002,Recurring,300000,0,300000,300000,3600000
R006713,2024-08-01,C0215,P002,Expansion,300000,25000,325000,325000,3900000
R006714,2024-09-01,C0215,P002,Recurring,325000,0,325000,325000,3900000
R006715,2024-10-01,C0215,P002,Recurring,325000,0,325000,325000,3900000
R006716,2024-11-01,C0215,P002,Recurring,325000,0,325000,325000,3900000
R006717,2024-12-01,C0215,P002,Recurring,325000,0,325000,325000,3900000
R006718,2025-01-01,C0215,P002,Recurring,325000,0,325000,325000,3900000
R006719,2025-02-01,C0215,P002,Recurring,325000,0,325000,325000,3900000
R006720,2025-03-01,C0215,P002,Recurring,325000,0,325000,325000,3900000
R006721,2025-04-01,C0215,P002,Recurring,325000,0,325000,325000,3900000
R006722,2025-05-01,C0215,P002,Recurring,325000,0,325000,325000,3900000
R006723,2025-06-01,C0215,P002,Recurring,325000,0,325000,325000,3900000
R006724,2025-07-01,C0215,P002,Recurring,325000,0,325000,325000,3900000
R006725,2025-08-01,C0215,P002,Recurring,325000,0,325000,325000,3900000
R006726,2025-09-01,C0215,P002,Recurring,325000,0,325000,325000,3900000
R006727,2025-10-01,C0215,P002,Recurring,325000,0,325000,325000,3900000
R006728,2025-11-01,C0215,P002,Recurring,325000,0,325000,325000,3900000
R006729,2025-12-01,C0215,P002,Recurring,325000,0,325000,325000,3900000
R006730,2023-12-01,C0216,P001,New,0,120000,120000,120000,1440000
R006731,2024-01-01,C0216,P001,Recurring,120000,0,120000,120000,1440000
R006732,2024-02-01,C0216,P001,Recurring,120000,0,120000,120000,1440000
R006733,2024-03-01,C0216,P001,Recurring,120000,0,120000,120000,1440000
R006734,2024-04-01,C0216,P001,Recurring,120000,0,120000,120000,1440000
R006735,2024-05-01,C0216,P001,Recurring,120000,0,120000,120000,1440000
R006736,2024-06-01,C0216,P001,Recurring,120000,0,120000,120000,1440000
R006737,2024-07-01,C0216,P001,Recurring,120000,0,120000,120000,1440000
R006738,2024-08-01,C0216,P001,Recurring,120000,0,120000,120000,1440000
R006739,2024-09-01,C0216,P001,Recurring,120000,0,120000,120000,1440000
R006740,2024-10-01,C0216,P001,Recurring,120000,0,120000,120000,1440000
R006741,2024-11-01,C0216,P001,Recurring,120000,0,120000,120000,1440000
R006742,2024-12-01,C0216,P001,Expansion,120000,10000,130000,130000,1560000
R006743,2025-01-01,C0216,P001,Recurring,130000,0,130000,130000,1560000
R006744,2025-02-01,C0216,P001,Recurring,130000,0,130000,130000,1560000
R006745,2025-03-01,C0216,P001,Recurring,130000,0,130000,130000,1560000
R006746,2025-04-01,C0216,P001,Recurring,130000,0,130000,130000,1560000
R006747,2025-05-01,C0216,P002,Upgrade,130000,120000,250000,250000,3000000
R006748,2025-06-01,C0216,P002,Recurring,250000,0,250000,250000,3000000
R006749,2025-07-01,C0216,P002,Recurring,250000,0,250000,250000,3000000
R006750,2025-08-01,C0216,P002,Recurring,250000,0,250000,250000,3000000
R006751,2025-09-01,C0216,P002,Recurring,250000,0,250000,250000,3000000
R006752,2025-10-01,C0216,P002,Expansion,250000,30000,280000,280000,3360000
R006753,2025-11-01,C0216,P002,Recurring,280000,0,280000,280000,3360000
R006754,2025-12-01,C0216,P002,Recurring,280000,0,280000,280000,3360000
R006755,2023-12-01,C0217,P001,New,0,130000,130000,130000,1560000
R006756,2024-01-01,C0217,P001,Recurring,130000,0,130000,130000,1560000
R006757,2024-02-01,C0217,P001,Recurring,130000,0,130000,130000,1560000
R006758,2024-03-01,C0217,P001,Recurring,130000,0,130000,130000,1560000
R006759,2024-04-01,C0217,P001,Recurring,130000,0,130000,130000,1560000
R006760,2024-05-01,C0217,P001,Recurring,130000,0,130000,130000,1560000
R006761,2024-06-01,C0217,P001,Recurring,130000,0,130000,130000,1560000
R006762,2024-07-01,C0217,P001,Recurring,130000,0,130000,130000,1560000
R006763,2024-08-01,C0217,P001,Recurring,130000,0,130000,130000,1560000
R006764,2024-09-01,C0217,P001,Recurring,130000,0,130000,130000,1560000
R006765,2024-10-01,C0217,P001,Recurring,130000,0,130000,130000,1560000
R006766,2024-11-01,C0217,P001,Recurring,130000,0,130000,130000,1560000
R006767,2024-12-01,C0217,P001,Recurring,130000,0,130000,130000,1560000
R006768,2025-01-01,C0217,P001,Recurring,130000,0,130000,130000,1560000
R006769,2025-02-01,C0217,P001,Recurring,130000,0,130000,130000,1560000
R006770,2025-03-01,C0217,P001,Recurring,130000,0,130000,130000,1560000
R006771,2025-04-01,C0217,P001,Recurring,130000,0,130000,130000,1560000
R006772,2025-05-01,C0217,P001,Recurring,130000,0,130000,130000,1560000
R006773,2025-06-01,C0217,P001,Expansion,130000,20000,150000,150000,1800000
R006774,2025-07-01,C0217,P001,Recurring,150000,0,150000,150000,1800000
R006775,2025-08-01,C0217,P001,Recurring,150000,0,150000,150000,1800000
R006776,2025-09-01,C0217,P001,Recurring,150000,0,150000,150000,1800000
R006777,2025-10-01,C0217,P001,Recurring,150000,0,150000,150000,1800000
R006778,2025-11-01,C0217,P001,Recurring,150000,0,150000,150000,1800000
R006779,2025-12-01,C0217,P001,Recurring,150000,0,150000,150000,1800000
R006780,2023-12-01,C0218,P001,New,0,140000,140000,140000,1680000
R006781,2024-01-01,C0218,P001,Recurring,140000,0,140000,140000,1680000
R006782,2024-02-01,C0218,P001,Recurring,140000,0,140000,140000,1680000
R006783,2024-03-01,C0218,P001,Recurring,140000,0,140000,140000,1680000
R006784,2024-04-01,C0218,P001,Recurring,140000,0,140000,140000,1680000
R006785,2024-05-01,C0218,P001,Recurring,140000,0,140000,140000,1680000
R006786,2024-06-01,C0218,P001,Recurring,140000,0,140000,140000,1680000
R006787,2024-07-01,C0218,P001,Recurring,140000,0,140000,140000,1680000
R006788,2024-08-01,C0218,P001,Recurring,140000,0,140000,140000,1680000
R006789,2024-09-01,C0218,P001,Recurring,140000,0,140000,140000,1680000
R006790,2024-10-01,C0218,P001,Recurring,140000,0,140000,140000,1680000
R006791,2024-11-01,C0218,P001,Recurring,140000,0,140000,140000,1680000
R006792,2024-12-01,C0218,P001,Recurring,140000,0,140000,140000,1680000
R006793,2025-01-01,C0218,P001,Recurring,140000,0,140000,140000,1680000
R006794,2025-02-01,C0218,P001,Recurring,140000,0,140000,140000,1680000
R006795,2025-03-01,C0218,P001,Expansion,140000,20000,160000,160000,1920000
R006796,2025-04-01,C0218,P001,Recurring,160000,0,160000,160000,1920000
R006797,2025-05-01,C0218,P001,Recurring,160000,0,160000,160000,1920000
R006798,2025-06-01,C0218,P001,Recurring,160000,0,160000,160000,1920000
R006799,2025-11-01,C0218,P001,Reactivation,0,160000,160000,160000,1920000
R006800,2025-12-01,C0218,P001,Recurring,160000,0,160000,160000,1920000
R006801,2023-12-01,C0219,P001,New,0,110000,110000,110000,1320000
R006802,2024-01-01,C0219,P001,Recurring,110000,0,110000,110000,1320000
R006803,2024-02-01,C0219,P001,Recurring,110000,0,110000,110000,1320000
R006804,2024-03-01,C0219,P001,Recurring,110000,0,110000,110000,1320000
R006805,2024-04-01,C0219,P001,Recurring,110000,0,110000,110000,1320000
R006806,2024-05-01,C0219,P001,Recurring,110000,0,110000,110000,1320000
R006807,2024-06-01,C0219,P001,Recurring,110000,0,110000,110000,1320000
R006808,2024-07-01,C0219,P001,Recurring,110000,0,110000,110000,1320000
R006809,2024-08-01,C0219,P001,Recurring,110000,0,110000,110000,1320000
R006810,2024-09-01,C0219,P001,Recurring,110000,0,110000,110000,1320000
R006811,2024-10-01,C0219,P001,Recurring,110000,0,110000,110000,1320000
R006812,2024-11-01,C0219,P001,Recurring,110000,0,110000,110000,1320000
R006813,2024-12-01,C0219,P001,Recurring,110000,0,110000,110000,1320000
R006814,2025-01-01,C0219,P002,Upgrade,110000,140000,250000,250000,3000000
R006815,2025-02-01,C0219,P002,Recurring,250000,0,250000,250000,3000000
R006816,2025-03-01,C0219,P002,Recurring,250000,0,250000,250000,3000000
R006817,2025-04-01,C0219,P002,Recurring,250000,0,250000,250000,3000000
R006818,2025-05-01,C0219,P002,Recurring,250000,0,250000,250000,3000000
R006819,2025-06-01,C0219,P002,Recurring,250000,0,250000,250000,3000000
R006820,2025-07-01,C0219,P002,Recurring,250000,0,250000,250000,3000000
R006821,2025-08-01,C0219,P002,Recurring,250000,0,250000,250000,3000000
R006822,2025-09-01,C0219,P002,Recurring,250000,0,250000,250000,3000000
R006823,2025-10-01,C0219,P002,Recurring,250000,0,250000,250000,3000000
R006824,2025-11-01,C0219,P002,Recurring,250000,0,250000,250000,3000000
R006825,2025-12-01,C0219,P002,Recurring,250000,0,250000,250000,3000000
R006826,2023-12-01,C0220,P002,New,0,270000,270000,270000,3240000
R006827,2024-01-01,C0220,P002,Recurring,270000,0,270000,270000,3240000
R006828,2024-02-01,C0220,P002,Recurring,270000,0,270000,270000,3240000
R006829,2024-03-01,C0220,P002,Recurring,270000,0,270000,270000,3240000
R006830,2024-04-01,C0220,P002,Recurring,270000,0,270000,270000,3240000
R006831,2024-05-01,C0220,P002,Recurring,270000,0,270000,270000,3240000
R006832,2024-06-01,C0220,P002,Recurring,270000,0,270000,270000,3240000
R006833,2024-07-01,C0220,P002,Recurring,270000,0,270000,270000,3240000
R006834,2024-08-01,C0220,P002,Recurring,270000,0,270000,270000,3240000
R006835,2024-09-01,C0220,P002,Recurring,270000,0,270000,270000,3240000
R006836,2024-10-01,C0220,P002,Recurring,270000,0,270000,270000,3240000
R006837,2024-11-01,C0220,P002,Recurring,270000,0,270000,270000,3240000
R006838,2024-12-01,C0220,P002,Recurring,270000,0,270000,270000,3240000
R006839,2025-01-01,C0220,P002,Recurring,270000,0,270000,270000,3240000
R006840,2025-02-01,C0220,P002,Recurring,270000,0,270000,270000,3240000
R006841,2025-03-01,C0220,P002,Recurring,270000,0,270000,270000,3240000
R006842,2025-04-01,C0220,P002,Recurring,270000,0,270000,270000,3240000
R006843,2025-05-01,C0220,P002,Recurring,270000,0,270000,270000,3240000
R006844,2025-06-01,C0220,P002,Recurring,270000,0,270000,270000,3240000
R006845,2025-07-01,C0220,P002,Recurring,270000,0,270000,270000,3240000
R006846,2025-08-01,C0220,P002,Recurring,270000,0,270000,270000,3240000
R006847,2025-09-01,C0220,P002,Recurring,270000,0,270000,270000,3240000
R006848,2025-10-01,C0220,P002,Recurring,270000,0,270000,270000,3240000
R006849,2025-11-01,C0220,P002,Recurring,270000,0,270000,270000,3240000
R006850,2025-12-01,C0220,P002,Recurring,270000,0,270000,270000,3240000
R006851,2023-12-01,C0221,P001,New,0,150000,150000,150000,1800000
R006852,2024-01-01,C0221,P001,Recurring,150000,0,150000,150000,1800000
R006853,2024-02-01,C0221,P001,Recurring,150000,0,150000,150000,1800000
R006854,2024-03-01,C0221,P001,Recurring,150000,0,150000,150000,1800000
R006855,2024-04-01,C0221,P001,Recurring,150000,0,150000,150000,1800000
R006856,2024-05-01,C0221,P001,Recurring,150000,0,150000,150000,1800000
R006857,2024-06-01,C0221,P001,Recurring,150000,0,150000,150000,1800000
R006858,2024-07-01,C0221,P001,Recurring,150000,0,150000,150000,1800000
R006859,2024-08-01,C0221,P001,Recurring,150000,0,150000,150000,1800000
R006860,2024-09-01,C0221,P001,Recurring,150000,0,150000,150000,1800000
R006861,2024-10-01,C0221,P001,Recurring,150000,0,150000,150000,1800000
R006862,2024-11-01,C0221,P001,Recurring,150000,0,150000,150000,1800000
R006863,2024-12-01,C0221,P002,Upgrade,150000,150000,300000,300000,3600000
R006864,2025-01-01,C0221,P002,Recurring,300000,0,300000,300000,3600000
R006865,2025-02-01,C0221,P002,Recurring,300000,0,300000,300000,3600000
R006866,2025-03-01,C0221,P002,Recurring,300000,0,300000,300000,3600000
R006867,2025-04-01,C0221,P002,Recurring,300000,0,300000,300000,3600000
R006868,2025-05-01,C0221,P002,Recurring,300000,0,300000,300000,3600000
R006869,2025-06-01,C0221,P002,Expansion,300000,25000,325000,325000,3900000
R006870,2025-07-01,C0221,P002,Recurring,325000,0,325000,325000,3900000
R006871,2025-08-01,C0221,P002,Recurring,325000,0,325000,325000,3900000
R006872,2025-09-01,C0221,P002,Recurring,325000,0,325000,325000,3900000
R006873,2025-10-01,C0221,P002,Recurring,325000,0,325000,325000,3900000
R006874,2025-11-01,C0221,P002,Recurring,325000,0,325000,325000,3900000
R006875,2025-12-01,C0221,P002,Recurring,325000,0,325000,325000,3900000
R006876,2023-12-01,C0222,P001,New,0,90000,90000,90000,1080000
R006877,2024-01-01,C0222,P001,Recurring,90000,0,90000,90000,1080000
R006878,2024-02-01,C0222,P001,Recurring,90000,0,90000,90000,1080000
R006879,2024-03-01,C0222,P001,Recurring,90000,0,90000,90000,1080000
R006880,2024-04-01,C0222,P001,Recurring,90000,0,90000,90000,1080000
R006881,2024-05-01,C0222,P001,Recurring,90000,0,90000,90000,1080000
R006882,2024-06-01,C0222,P001,Recurring,90000,0,90000,90000,1080000
R006883,2024-07-01,C0222,P001,Recurring,90000,0,90000,90000,1080000
R006884,2024-08-01,C0222,P001,Recurring,90000,0,90000,90000,1080000
R006885,2024-09-01,C0222,P001,Recurring,90000,0,90000,90000,1080000
R006886,2024-10-01,C0222,P001,Recurring,90000,0,90000,90000,1080000
R006887,2024-11-01,C0222,P001,Recurring,90000,0,90000,90000,1080000
R006888,2024-12-01,C0222,P001,Recurring,90000,0,90000,90000,1080000
R006889,2025-01-01,C0222,P001,Recurring,90000,0,90000,90000,1080000
R006890,2025-02-01,C0222,P001,Recurring,90000,0,90000,90000,1080000
R006891,2025-03-01,C0222,P001,Recurring,90000,0,90000,90000,1080000
R006892,2025-04-01,C0222,P001,Recurring,90000,0,90000,90000,1080000
R006893,2025-05-01,C0222,P001,Recurring,90000,0,90000,90000,1080000
R006894,2025-06-01,C0222,P001,Recurring,90000,0,90000,90000,1080000
R006895,2025-07-01,C0222,P001,Recurring,90000,0,90000,90000,1080000
R006896,2025-08-01,C0222,P001,Recurring,90000,0,90000,90000,1080000
R006897,2025-09-01,C0222,P001,Recurring,90000,0,90000,90000,1080000
R006898,2025-10-01,C0222,P001,Recurring,90000,0,90000,90000,1080000
R006899,2025-11-01,C0222,P001,Recurring,90000,0,90000,90000,1080000
R006900,2025-12-01,C0222,P001,Recurring,90000,0,90000,90000,1080000
R006901,2023-12-01,C0223,P002,New,0,360000,360000,360000,4320000
R006902,2024-01-01,C0223,P002,Recurring,360000,0,360000,360000,4320000
R006903,2024-02-01,C0223,P002,Recurring,360000,0,360000,360000,4320000
R006904,2024-03-01,C0223,P002,Recurring,360000,0,360000,360000,4320000
R006905,2024-04-01,C0223,P002,Recurring,360000,0,360000,360000,4320000
R006906,2024-05-01,C0223,P002,Recurring,360000,0,360000,360000,4320000
R006907,2024-06-01,C0223,P002,Recurring,360000,0,360000,360000,4320000
R006908,2024-07-01,C0223,P002,Recurring,360000,0,360000,360000,4320000
R006909,2024-08-01,C0223,P002,Recurring,360000,0,360000,360000,4320000
R006910,2024-09-01,C0223,P002,Recurring,360000,0,360000,360000,4320000
R006911,2024-10-01,C0223,P002,Recurring,360000,0,360000,360000,4320000
R006912,2024-11-01,C0223,P002,Recurring,360000,0,360000,360000,4320000
R006913,2024-12-01,C0223,P002,Recurring,360000,0,360000,360000,4320000
R006914,2025-01-01,C0223,P002,Recurring,360000,0,360000,360000,4320000
R006915,2025-02-01,C0223,P002,Recurring,360000,0,360000,360000,4320000
R006916,2025-03-01,C0223,P002,Recurring,360000,0,360000,360000,4320000
R006917,2025-04-01,C0223,P002,Recurring,360000,0,360000,360000,4320000
R006918,2025-05-01,C0223,P002,Recurring,360000,0,360000,360000,4320000
R006919,2025-06-01,C0223,P002,Recurring,360000,0,360000,360000,4320000
R006920,2025-07-01,C0223,P002,Recurring,360000,0,360000,360000,4320000
R006921,2025-08-01,C0223,P002,Recurring,360000,0,360000,360000,4320000
R006922,2025-09-01,C0223,P002,Recurring,360000,0,360000,360000,4320000
R006923,2025-10-01,C0223,P002,Recurring,360000,0,360000,360000,4320000
R006924,2025-11-01,C0223,P002,Recurring,360000,0,360000,360000,4320000
R006925,2025-12-01,C0223,P002,Recurring,360000,0,360000,360000,4320000
R006926,2024-01-01,C0224,P001,New,0,125000,125000,125000,1500000
R006927,2024-02-01,C0224,P001,Recurring,125000,0,125000,125000,1500000
R006928,2024-03-01,C0224,P001,Recurring,125000,0,125000,125000,1500000
R006929,2024-04-01,C0224,P001,Recurring,125000,0,125000,125000,1500000
R006930,2024-05-01,C0224,P001,Recurring,125000,0,125000,125000,1500000
R006931,2024-06-01,C0224,P001,Recurring,125000,0,125000,125000,1500000
R006932,2024-07-01,C0224,P001,Recurring,125000,0,125000,125000,1500000
R006933,2024-08-01,C0224,P001,Recurring,125000,0,125000,125000,1500000
R006934,2024-09-01,C0224,P001,Recurring,125000,0,125000,125000,1500000
R006935,2024-10-01,C0224,P001,Recurring,125000,0,125000,125000,1500000
R006936,2024-11-01,C0224,P001,Recurring,125000,0,125000,125000,1500000
R006937,2024-12-01,C0224,P001,Recurring,125000,0,125000,125000,1500000
R006938,2025-01-01,C0224,P001,Recurring,125000,0,125000,125000,1500000
R006939,2025-02-01,C0224,P001,Expansion,125000,25000,150000,150000,1800000
R006940,2025-03-01,C0224,P001,Recurring,150000,0,150000,150000,1800000
R006941,2025-04-01,C0224,P001,Recurring,150000,0,150000,150000,1800000
R006942,2025-05-01,C0224,P001,Recurring,150000,0,150000,150000,1800000
R006943,2025-06-01,C0224,P001,Recurring,150000,0,150000,150000,1800000
R006944,2025-07-01,C0224,P001,Recurring,150000,0,150000,150000,1800000
R006945,2025-08-01,C0224,P001,Recurring,150000,0,150000,150000,1800000
R006946,2025-09-01,C0224,P001,Recurring,150000,0,150000,150000,1800000
R006947,2025-10-01,C0224,P001,Recurring,150000,0,150000,150000,1800000
R006948,2025-11-01,C0224,P001,Recurring,150000,0,150000,150000,1800000
R006949,2025-12-01,C0224,P001,Recurring,150000,0,150000,150000,1800000
R006950,2024-01-01,C0225,P001,New,0,120000,120000,120000,1440000
R006951,2024-02-01,C0225,P001,Recurring,120000,0,120000,120000,1440000
R006952,2024-03-01,C0225,P001,Recurring,120000,0,120000,120000,1440000
R006953,2024-04-01,C0225,P001,Recurring,120000,0,120000,120000,1440000
R006954,2024-05-01,C0225,P001,Recurring,120000,0,120000,120000,1440000
R006955,2024-06-01,C0225,P001,Recurring,120000,0,120000,120000,1440000
R006956,2024-07-01,C0225,P001,Recurring,120000,0,120000,120000,1440000
R006957,2024-08-01,C0225,P001,Recurring,120000,0,120000,120000,1440000
R006958,2024-09-01,C0225,P001,Recurring,120000,0,120000,120000,1440000
R006959,2024-10-01,C0225,P001,Recurring,120000,0,120000,120000,1440000
R006960,2024-11-01,C0225,P001,Recurring,120000,0,120000,120000,1440000
R006961,2024-12-01,C0225,P001,Expansion,120000,10000,130000,130000,1560000
R006962,2025-01-01,C0225,P001,Recurring,130000,0,130000,130000,1560000
R006963,2025-02-01,C0225,P001,Recurring,130000,0,130000,130000,1560000
R006964,2025-03-01,C0225,P001,Recurring,130000,0,130000,130000,1560000
R006965,2025-04-01,C0225,P001,Recurring,130000,0,130000,130000,1560000
R006966,2025-05-01,C0225,P001,Recurring,130000,0,130000,130000,1560000
R006967,2025-06-01,C0225,P001,Recurring,130000,0,130000,130000,1560000
R006968,2025-07-01,C0225,P001,Expansion,130000,10000,140000,140000,1680000
R006969,2025-08-01,C0225,P001,Recurring,140000,0,140000,140000,1680000
R006970,2025-09-01,C0225,P001,Recurring,140000,0,140000,140000,1680000
R006971,2025-10-01,C0225,P001,Recurring,140000,0,140000,140000,1680000
R006972,2025-11-01,C0225,P001,Recurring,140000,0,140000,140000,1680000
R006973,2025-12-01,C0225,P001,Recurring,140000,0,140000,140000,1680000
R006974,2024-01-01,C0226,P002,New,0,450000,450000,450000,5400000
R006975,2024-02-01,C0226,P002,Recurring,450000,0,450000,450000,5400000
R006976,2024-03-01,C0226,P002,Recurring,450000,0,450000,450000,5400000
R006977,2024-04-01,C0226,P002,Recurring,450000,0,450000,450000,5400000
R006978,2024-05-01,C0226,P002,Recurring,450000,0,450000,450000,5400000
R006979,2024-06-01,C0226,P002,Recurring,450000,0,450000,450000,5400000
R006980,2024-07-01,C0226,P002,Recurring,450000,0,450000,450000,5400000
R006981,2024-08-01,C0226,P002,Recurring,450000,0,450000,450000,5400000
R006982,2024-09-01,C0226,P002,Recurring,450000,0,450000,450000,5400000
R006983,2024-10-01,C0226,P002,Recurring,450000,0,450000,450000,5400000
R006984,2024-11-01,C0226,P002,Recurring,450000,0,450000,450000,5400000
R006985,2024-12-01,C0226,P002,Recurring,450000,0,450000,450000,5400000
R006986,2025-01-01,C0226,P002,Recurring,450000,0,450000,450000,5400000
R006987,2025-02-01,C0226,P002,Recurring,450000,0,450000,450000,5400000
R006988,2025-03-01,C0226,P002,Recurring,450000,0,450000,450000,5400000
R006989,2025-04-01,C0226,P002,Recurring,450000,0,450000,450000,5400000
R006990,2025-05-01,C0226,P002,Recurring,450000,0,450000,450000,5400000
R006991,2025-06-01,C0226,P002,Recurring,450000,0,450000,450000,5400000
R006992,2025-07-01,C0226,P002,Recurring,450000,0,450000,450000,5400000
R006993,2025-08-01,C0226,P002,Recurring,450000,0,450000,450000,5400000
R006994,2025-09-01,C0226,P002,Recurring,450000,0,450000,450000,5400000
R006995,2025-10-01,C0226,P002,Recurring,450000,0,450000,450000,5400000
R006996,2025-11-01,C0226,P002,Recurring,450000,0,450000,450000,5400000
R006997,2025-12-01,C0226,P002,Recurring,450000,0,450000,450000,5400000
R006998,2024-01-01,C0227,P002,New,0,260000,260000,260000,3120000
R006999,2024-02-01,C0227,P002,Recurring,260000,0,260000,260000,3120000
R007000,2024-03-01,C0227,P002,Recurring,260000,0,260000,260000,3120000
R007001,2024-04-01,C0227,P002,Recurring,260000,0,260000,260000,3120000
R007002,2024-05-01,C0227,P002,Recurring,260000,0,260000,260000,3120000
R007003,2024-06-01,C0227,P002,Recurring,260000,0,260000,260000,3120000
R007004,2024-07-01,C0227,P002,Recurring,260000,0,260000,260000,3120000
R007005,2024-08-01,C0227,P002,Recurring,260000,0,260000,260000,3120000
R007006,2024-09-01,C0227,P002,Recurring,260000,0,260000,260000,3120000
R007007,2024-10-01,C0227,P002,Recurring,260000,0,260000,260000,3120000
R007008,2024-11-01,C0227,P002,Recurring,260000,0,260000,260000,3120000
R007009,2024-12-01,C0227,P002,Recurring,260000,0,260000,260000,3120000
R007010,2025-01-01,C0227,P002,Recurring,260000,0,260000,260000,3120000
R007011,2025-02-01,C0227,P002,Recurring,260000,0,260000,260000,3120000
R007012,2025-03-01,C0227,P002,Recurring,260000,0,260000,260000,3120000
R007013,2025-04-01,C0227,P002,Recurring,260000,0,260000,260000,3120000
R007014,2024-01-01,C0228,P001,New,0,110000,110000,110000,1320000
R007015,2024-02-01,C0228,P001,Recurring,110000,0,110000,110000,1320000
R007016,2024-03-01,C0228,P001,Recurring,110000,0,110000,110000,1320000
R007017,2024-04-01,C0228,P001,Recurring,110000,0,110000,110000,1320000
R007018,2024-05-01,C0228,P001,Recurring,110000,0,110000,110000,1320000
R007019,2024-06-01,C0228,P001,Recurring,110000,0,110000,110000,1320000
R007020,2024-07-01,C0228,P001,Recurring,110000,0,110000,110000,1320000
R007021,2024-08-01,C0228,P001,Recurring,110000,0,110000,110000,1320000
R007022,2024-09-01,C0228,P001,Recurring,110000,0,110000,110000,1320000
R007023,2024-10-01,C0228,P001,Recurring,110000,0,110000,110000,1320000
R007024,2024-11-01,C0228,P001,Recurring,110000,0,110000,110000,1320000
R007025,2024-12-01,C0228,P001,Recurring,110000,0,110000,110000,1320000
R007026,2025-01-01,C0228,P001,Recurring,110000,0,110000,110000,1320000
R007027,2025-02-01,C0228,P001,Recurring,110000,0,110000,110000,1320000
R007028,2025-03-01,C0228,P001,Recurring,110000,0,110000,110000,1320000
R007029,2025-04-01,C0228,P001,Recurring,110000,0,110000,110000,1320000
R007030,2025-05-01,C0228,P001,Recurring,110000,0,110000,110000,1320000
R007031,2025-06-01,C0228,P001,Recurring,110000,0,110000,110000,1320000
R007032,2025-07-01,C0228,P001,Recurring,110000,0,110000,110000,1320000
R007033,2025-08-01,C0228,P001,Recurring,110000,0,110000,110000,1320000
R007034,2025-09-01,C0228,P001,Recurring,110000,0,110000,110000,1320000
R007035,2025-10-01,C0228,P001,Recurring,110000,0,110000,110000,1320000
R007036,2025-11-01,C0228,P001,Recurring,110000,0,110000,110000,1320000
R007037,2025-12-01,C0228,P001,Recurring,110000,0,110000,110000,1320000
R007038,2024-01-01,C0229,P001,New,0,110000,110000,110000,1320000
R007039,2024-02-01,C0229,P001,Recurring,110000,0,110000,110000,1320000
R007040,2024-03-01,C0229,P001,Recurring,110000,0,110000,110000,1320000
R007041,2024-04-01,C0229,P001,Recurring,110000,0,110000,110000,1320000
R007042,2024-05-01,C0229,P001,Recurring,110000,0,110000,110000,1320000
R007043,2024-06-01,C0229,P001,Recurring,110000,0,110000,110000,1320000
R007044,2024-07-01,C0229,P001,Recurring,110000,0,110000,110000,1320000
R007045,2024-08-01,C0229,P001,Expansion,110000,15000,125000,125000,1500000
R007046,2024-09-01,C0229,P001,Recurring,125000,0,125000,125000,1500000
R007047,2024-10-01,C0229,P001,Recurring,125000,0,125000,125000,1500000
R007048,2024-11-01,C0229,P001,Recurring,125000,0,125000,125000,1500000
R007049,2024-12-01,C0229,P001,Recurring,125000,0,125000,125000,1500000
R007050,2025-01-01,C0229,P001,Recurring,125000,0,125000,125000,1500000
R007051,2025-02-01,C0229,P001,Recurring,125000,0,125000,125000,1500000
R007052,2025-03-01,C0229,P001,Recurring,125000,0,125000,125000,1500000
R007053,2025-04-01,C0229,P001,Recurring,125000,0,125000,125000,1500000
R007054,2025-05-01,C0229,P001,Recurring,125000,0,125000,125000,1500000
R007055,2025-06-01,C0229,P001,Recurring,125000,0,125000,125000,1500000
R007056,2025-07-01,C0229,P001,Recurring,125000,0,125000,125000,1500000
R007057,2025-08-01,C0229,P001,Recurring,125000,0,125000,125000,1500000
R007058,2025-09-01,C0229,P001,Recurring,125000,0,125000,125000,1500000
R007059,2025-10-01,C0229,P001,Recurring,125000,0,125000,125000,1500000
R007060,2025-11-01,C0229,P001,Recurring,125000,0,125000,125000,1500000
R007061,2025-12-01,C0229,P001,Recurring,125000,0,125000,125000,1500000
R007062,2024-01-01,C0230,P002,New,0,330000,330000,330000,3960000
R007063,2024-02-01,C0230,P002,Recurring,330000,0,330000,330000,3960000
R007064,2024-03-01,C0230,P002,Recurring,330000,0,330000,330000,3960000
R007065,2024-04-01,C0230,P002,Recurring,330000,0,330000,330000,3960000
R007066,2024-05-01,C0230,P002,Recurring,330000,0,330000,330000,3960000
R007067,2024-06-01,C0230,P002,Recurring,330000,0,330000,330000,3960000
R007068,2024-07-01,C0230,P002,Recurring,330000,0,330000,330000,3960000
R007069,2024-08-01,C0230,P002,Recurring,330000,0,330000,330000,3960000
R007070,2024-09-01,C0230,P002,Recurring,330000,0,330000,330000,3960000
R007071,2024-10-01,C0230,P002,Expansion,330000,30000,360000,360000,4320000
R007072,2024-11-01,C0230,P002,Recurring,360000,0,360000,360000,4320000
R007073,2024-12-01,C0230,P002,Recurring,360000,0,360000,360000,4320000
R007074,2025-01-01,C0230,P002,Recurring,360000,0,360000,360000,4320000
R007075,2025-02-01,C0230,P002,Recurring,360000,0,360000,360000,4320000
R007076,2025-03-01,C0230,P002,Recurring,360000,0,360000,360000,4320000
R007077,2025-04-01,C0230,P002,Recurring,360000,0,360000,360000,4320000
R007078,2025-05-01,C0230,P002,Recurring,360000,0,360000,360000,4320000
R007079,2025-06-01,C0230,P002,Recurring,360000,0,360000,360000,4320000
R007080,2025-07-01,C0230,P002,Recurring,360000,0,360000,360000,4320000
R007081,2025-08-01,C0230,P002,Recurring,360000,0,360000,360000,4320000
R007082,2025-09-01,C0230,P002,Recurring,360000,0,360000,360000,4320000
R007083,2025-10-01,C0230,P002,Recurring,360000,0,360000,360000,4320000
R007084,2025-11-01,C0230,P002,Recurring,360000,0,360000,360000,4320000
R007085,2025-12-01,C0230,P002,Recurring,360000,0,360000,360000,4320000
R007086,2024-01-01,C0231,P002,New,0,370000,370000,370000,4440000
R007087,2024-02-01,C0231,P002,Recurring,370000,0,370000,370000,4440000
R007088,2024-03-01,C0231,P002,Recurring,370000,0,370000,370000,4440000
R007089,2024-04-01,C0231,P002,Recurring,370000,0,370000,370000,4440000
R007090,2024-05-01,C0231,P002,Recurring,370000,0,370000,370000,4440000
R007091,2024-06-01,C0231,P002,Recurring,370000,0,370000,370000,4440000
R007092,2024-07-01,C0231,P002,Recurring,370000,0,370000,370000,4440000
R007093,2024-08-01,C0231,P002,Recurring,370000,0,370000,370000,4440000
R007094,2024-09-01,C0231,P002,Recurring,370000,0,370000,370000,4440000
R007095,2024-10-01,C0231,P002,Recurring,370000,0,370000,370000,4440000
R007096,2024-11-01,C0231,P002,Recurring,370000,0,370000,370000,4440000
R007097,2024-12-01,C0231,P002,Recurring,370000,0,370000,370000,4440000
R007098,2025-01-01,C0231,P002,Recurring,370000,0,370000,370000,4440000
R007099,2025-02-01,C0231,P002,Recurring,370000,0,370000,370000,4440000
R007100,2025-03-01,C0231,P002,Recurring,370000,0,370000,370000,4440000
R007101,2025-04-01,C0231,P002,Recurring,370000,0,370000,370000,4440000
R007102,2025-05-01,C0231,P002,Recurring,370000,0,370000,370000,4440000
R007103,2025-06-01,C0231,P002,Recurring,370000,0,370000,370000,4440000
R007104,2025-07-01,C0231,P002,Recurring,370000,0,370000,370000,4440000
R007105,2025-08-01,C0231,P002,Recurring,370000,0,370000,370000,4440000
R007106,2025-09-01,C0231,P002,Recurring,370000,0,370000,370000,4440000
R007107,2025-10-01,C0231,P002,Recurring,370000,0,370000,370000,4440000
R007108,2025-11-01,C0231,P002,Recurring,370000,0,370000,370000,4440000
R007109,2025-12-01,C0231,P002,Recurring,370000,0,370000,370000,4440000
R007110,2024-01-01,C0232,P001,New,0,160000,160000,160000,1920000
R007111,2024-02-01,C0232,P001,Recurring,160000,0,160000,160000,1920000
R007112,2024-03-01,C0232,P001,Recurring,160000,0,160000,160000,1920000
R007113,2024-04-01,C0232,P001,Recurring,160000,0,160000,160000,1920000
R007114,2024-05-01,C0232,P001,Recurring,160000,0,160000,160000,1920000
R007115,2024-06-01,C0232,P001,Recurring,160000,0,160000,160000,1920000
R007116,2024-07-01,C0232,P001,Recurring,160000,0,160000,160000,1920000
R007117,2024-08-01,C0232,P001,Recurring,160000,0,160000,160000,1920000
R007118,2024-09-01,C0232,P001,Recurring,160000,0,160000,160000,1920000
R007119,2024-10-01,C0232,P001,Recurring,160000,0,160000,160000,1920000
R007120,2024-11-01,C0232,P001,Recurring,160000,0,160000,160000,1920000
R007121,2024-12-01,C0232,P001,Recurring,160000,0,160000,160000,1920000
R007122,2025-01-01,C0232,P001,Recurring,160000,0,160000,160000,1920000
R007123,2025-02-01,C0232,P001,Recurring,160000,0,160000,160000,1920000
R007124,2025-03-01,C0232,P001,Recurring,160000,0,160000,160000,1920000
R007125,2025-04-01,C0232,P001,Recurring,160000,0,160000,160000,1920000
R007126,2025-05-01,C0232,P001,Recurring,160000,0,160000,160000,1920000
R007127,2025-06-01,C0232,P001,Recurring,160000,0,160000,160000,1920000
R007128,2025-07-01,C0232,P001,Recurring,160000,0,160000,160000,1920000
R007129,2025-08-01,C0232,P001,Recurring,160000,0,160000,160000,1920000
R007130,2025-09-01,C0232,P001,Recurring,160000,0,160000,160000,1920000
R007131,2025-10-01,C0232,P001,Recurring,160000,0,160000,160000,1920000
R007132,2025-11-01,C0232,P001,Recurring,160000,0,160000,160000,1920000
R007133,2025-12-01,C0232,P001,Recurring,160000,0,160000,160000,1920000
R007134,2024-02-01,C0233,P001,New,0,130000,130000,130000,1560000
R007135,2024-03-01,C0233,P001,Recurring,130000,0,130000,130000,1560000
R007136,2024-04-01,C0233,P001,Recurring,130000,0,130000,130000,1560000
R007137,2024-05-01,C0233,P001,Recurring,130000,0,130000,130000,1560000
R007138,2024-06-01,C0233,P001,Recurring,130000,0,130000,130000,1560000
R007139,2024-07-01,C0233,P001,Recurring,130000,0,130000,130000,1560000
R007140,2024-08-01,C0233,P001,Recurring,130000,0,130000,130000,1560000
R007141,2024-09-01,C0233,P001,Recurring,130000,0,130000,130000,1560000
R007142,2024-10-01,C0233,P001,Recurring,130000,0,130000,130000,1560000
R007143,2024-11-01,C0233,P001,Recurring,130000,0,130000,130000,1560000
R007144,2024-12-01,C0233,P001,Recurring,130000,0,130000,130000,1560000
R007145,2025-01-01,C0233,P001,Recurring,130000,0,130000,130000,1560000
R007146,2025-02-01,C0233,P001,Recurring,130000,0,130000,130000,1560000
R007147,2025-03-01,C0233,P001,Recurring,130000,0,130000,130000,1560000
R007148,2025-04-01,C0233,P001,Recurring,130000,0,130000,130000,1560000
R007149,2025-05-01,C0233,P001,Recurring,130000,0,130000,130000,1560000
R007150,2025-06-01,C0233,P001,Recurring,130000,0,130000,130000,1560000
R007151,2025-07-01,C0233,P002,Upgrade,130000,120000,250000,250000,3000000
R007152,2025-08-01,C0233,P002,Recurring,250000,0,250000,250000,3000000
R007153,2025-09-01,C0233,P002,Recurring,250000,0,250000,250000,3000000
R007154,2025-10-01,C0233,P002,Recurring,250000,0,250000,250000,3000000
R007155,2025-11-01,C0233,P002,Recurring,250000,0,250000,250000,3000000
R007156,2024-02-01,C0234,P002,New,0,420000,420000,420000,5040000
R007157,2024-03-01,C0234,P002,Recurring,420000,0,420000,420000,5040000
R007158,2024-04-01,C0234,P002,Recurring,420000,0,420000,420000,5040000
R007159,2024-05-01,C0234,P002,Recurring,420000,0,420000,420000,5040000
R007160,2024-06-01,C0234,P002,Recurring,420000,0,420000,420000,5040000
R007161,2024-07-01,C0234,P002,Recurring,420000,0,420000,420000,5040000
R007162,2024-08-01,C0234,P002,Recurring,420000,0,420000,420000,5040000
R007163,2024-09-01,C0234,P002,Recurring,420000,0,420000,420000,5040000
R007164,2024-10-01,C0234,P002,Recurring,420000,0,420000,420000,5040000
R007165,2024-11-01,C0234,P002,Recurring,420000,0,420000,420000,5040000
R007166,2024-12-01,C0234,P002,Recurring,420000,0,420000,420000,5040000
R007167,2025-01-01,C0234,P002,Recurring,420000,0,420000,420000,5040000
R007168,2025-02-01,C0234,P002,Recurring,420000,0,420000,420000,5040000
R007169,2025-03-01,C0234,P002,Recurring,420000,0,420000,420000,5040000
R007170,2025-04-01,C0234,P002,Recurring,420000,0,420000,420000,5040000
R007171,2025-05-01,C0234,P002,Recurring,420000,0,420000,420000,5040000
R007172,2025-06-01,C0234,P002,Recurring,420000,0,420000,420000,5040000
R007173,2025-07-01,C0234,P002,Recurring,420000,0,420000,420000,5040000
R007174,2025-08-01,C0234,P002,Expansion,420000,75000,495000,495000,5940000
R007175,2025-09-01,C0234,P002,Recurring,495000,0,495000,495000,5940000
R007176,2025-10-01,C0234,P002,Recurring,495000,0,495000,495000,5940000
R007177,2025-11-01,C0234,P002,Recurring,495000,0,495000,495000,5940000
R007178,2025-12-01,C0234,P002,Recurring,495000,0,495000,495000,5940000
R007179,2024-02-01,C0235,P001,New,0,125000,125000,125000,1500000
R007180,2024-03-01,C0235,P001,Recurring,125000,0,125000,125000,1500000
R007181,2024-04-01,C0235,P001,Recurring,125000,0,125000,125000,1500000
R007182,2024-05-01,C0235,P001,Recurring,125000,0,125000,125000,1500000
R007183,2024-06-01,C0235,P001,Recurring,125000,0,125000,125000,1500000
R007184,2024-07-01,C0235,P001,Recurring,125000,0,125000,125000,1500000
R007185,2024-08-01,C0235,P001,Recurring,125000,0,125000,125000,1500000
R007186,2024-09-01,C0235,P001,Recurring,125000,0,125000,125000,1500000
R007187,2024-10-01,C0235,P001,Recurring,125000,0,125000,125000,1500000
R007188,2024-11-01,C0235,P001,Recurring,125000,0,125000,125000,1500000
R007189,2024-12-01,C0235,P001,Recurring,125000,0,125000,125000,1500000
R007190,2025-01-01,C0235,P001,Recurring,125000,0,125000,125000,1500000
R007191,2025-02-01,C0235,P001,Recurring,125000,0,125000,125000,1500000
R007192,2025-03-01,C0235,P001,Recurring,125000,0,125000,125000,1500000
R007193,2025-04-01,C0235,P001,Recurring,125000,0,125000,125000,1500000
R007194,2025-05-01,C0235,P001,Recurring,125000,0,125000,125000,1500000
R007195,2025-06-01,C0235,P001,Recurring,125000,0,125000,125000,1500000
R007196,2025-07-01,C0235,P002,Upgrade,125000,125000,250000,250000,3000000
R007197,2025-08-01,C0235,P002,Expansion,250000,45000,295000,295000,3540000
R007198,2025-09-01,C0235,P002,Recurring,295000,0,295000,295000,3540000
R007199,2025-10-01,C0235,P002,Recurring,295000,0,295000,295000,3540000
R007200,2025-11-01,C0235,P002,Recurring,295000,0,295000,295000,3540000
R007201,2025-12-01,C0235,P002,Recurring,295000,0,295000,295000,3540000
R007202,2024-02-01,C0236,P002,New,0,330000,330000,330000,3960000
R007203,2024-03-01,C0236,P002,Recurring,330000,0,330000,330000,3960000
R007204,2024-04-01,C0236,P002,Recurring,330000,0,330000,330000,3960000
R007205,2024-05-01,C0236,P002,Recurring,330000,0,330000,330000,3960000
R007206,2024-06-01,C0236,P002,Recurring,330000,0,330000,330000,3960000
R007207,2024-07-01,C0236,P002,Recurring,330000,0,330000,330000,3960000
R007208,2024-08-01,C0236,P002,Recurring,330000,0,330000,330000,3960000
R007209,2024-09-01,C0236,P002,Recurring,330000,0,330000,330000,3960000
R007210,2024-10-01,C0236,P002,Recurring,330000,0,330000,330000,3960000
R007211,2024-11-01,C0236,P002,Recurring,330000,0,330000,330000,3960000
R007212,2024-12-01,C0236,P002,Recurring,330000,0,330000,330000,3960000
R007213,2025-01-01,C0236,P002,Recurring,330000,0,330000,330000,3960000
R007214,2025-02-01,C0236,P002,Recurring,330000,0,330000,330000,3960000
R007215,2025-03-01,C0236,P002,Recurring,330000,0,330000,330000,3960000
R007216,2025-04-01,C0236,P002,Recurring,330000,0,330000,330000,3960000
R007217,2025-05-01,C0236,P002,Recurring,330000,0,330000,330000,3960000
R007218,2025-06-01,C0236,P002,Recurring,330000,0,330000,330000,3960000
R007219,2025-07-01,C0236,P002,Recurring,330000,0,330000,330000,3960000
R007220,2025-08-01,C0236,P002,Recurring,330000,0,330000,330000,3960000
R007221,2025-09-01,C0236,P002,Recurring,330000,0,330000,330000,3960000
R007222,2025-10-01,C0236,P002,Recurring,330000,0,330000,330000,3960000
R007223,2025-11-01,C0236,P002,Recurring,330000,0,330000,330000,3960000
R007224,2025-12-01,C0236,P002,Recurring,330000,0,330000,330000,3960000
R007225,2024-02-01,C0237,P002,New,0,350000,350000,350000,4200000
R007226,2024-03-01,C0237,P002,Recurring,350000,0,350000,350000,4200000
R007227,2024-04-01,C0237,P002,Recurring,350000,0,350000,350000,4200000
R007228,2024-05-01,C0237,P002,Recurring,350000,0,350000,350000,4200000
R007229,2024-06-01,C0237,P002,Recurring,350000,0,350000,350000,4200000
R007230,2024-07-01,C0237,P002,Recurring,350000,0,350000,350000,4200000
R007231,2024-08-01,C0237,P002,Recurring,350000,0,350000,350000,4200000
R007232,2024-09-01,C0237,P002,Recurring,350000,0,350000,350000,4200000
R007233,2024-10-01,C0237,P002,Recurring,350000,0,350000,350000,4200000
R007234,2024-11-01,C0237,P002,Recurring,350000,0,350000,350000,4200000
R007235,2024-12-01,C0237,P002,Recurring,350000,0,350000,350000,4200000
R007236,2025-01-01,C0237,P002,Recurring,350000,0,350000,350000,4200000
R007237,2025-02-01,C0237,P002,Recurring,350000,0,350000,350000,4200000
R007238,2025-03-01,C0237,P002,Expansion,350000,50000,400000,400000,4800000
R007239,2025-04-01,C0237,P002,Recurring,400000,0,400000,400000,4800000
R007240,2025-05-01,C0237,P002,Recurring,400000,0,400000,400000,4800000
R007241,2025-06-01,C0237,P002,Recurring,400000,0,400000,400000,4800000
R007242,2025-07-01,C0237,P002,Recurring,400000,0,400000,400000,4800000
R007243,2025-08-01,C0237,P002,Recurring,400000,0,400000,400000,4800000
R007244,2025-09-01,C0237,P002,Recurring,400000,0,400000,400000,4800000
R007245,2025-10-01,C0237,P002,Recurring,400000,0,400000,400000,4800000
R007246,2025-11-01,C0237,P002,Expansion,400000,45000,445000,445000,5340000
R007247,2025-12-01,C0237,P002,Recurring,445000,0,445000,445000,5340000
R007248,2024-02-01,C0238,P002,New,0,310000,310000,310000,3720000
R007249,2024-03-01,C0238,P002,Recurring,310000,0,310000,310000,3720000
R007250,2024-04-01,C0238,P002,Recurring,310000,0,310000,310000,3720000
R007251,2024-05-01,C0238,P002,Recurring,310000,0,310000,310000,3720000
R007252,2024-06-01,C0238,P002,Recurring,310000,0,310000,310000,3720000
R007253,2024-07-01,C0238,P002,Recurring,310000,0,310000,310000,3720000
R007254,2024-08-01,C0238,P002,Recurring,310000,0,310000,310000,3720000
R007255,2024-09-01,C0238,P002,Recurring,310000,0,310000,310000,3720000
R007256,2024-10-01,C0238,P002,Recurring,310000,0,310000,310000,3720000
R007257,2024-11-01,C0238,P002,Recurring,310000,0,310000,310000,3720000
R007258,2024-12-01,C0238,P002,Recurring,310000,0,310000,310000,3720000
R007259,2025-01-01,C0238,P002,Recurring,310000,0,310000,310000,3720000
R007260,2025-02-01,C0238,P002,Recurring,310000,0,310000,310000,3720000
R007261,2025-03-01,C0238,P002,Recurring,310000,0,310000,310000,3720000
R007262,2025-04-01,C0238,P002,Recurring,310000,0,310000,310000,3720000
R007263,2025-05-01,C0238,P002,Recurring,310000,0,310000,310000,3720000
R007264,2025-06-01,C0238,P002,Recurring,310000,0,310000,310000,3720000
R007265,2025-07-01,C0238,P002,Expansion,310000,50000,360000,360000,4320000
R007266,2025-08-01,C0238,P002,Recurring,360000,0,360000,360000,4320000
R007267,2025-09-01,C0238,P002,Expansion,360000,60000,420000,420000,5040000
R007268,2025-10-01,C0238,P002,Recurring,420000,0,420000,420000,5040000
R007269,2025-11-01,C0238,P002,Recurring,420000,0,420000,420000,5040000
R007270,2025-12-01,C0238,P002,Recurring,420000,0,420000,420000,5040000
R007271,2024-02-01,C0239,P001,New,0,135000,135000,135000,1620000
R007272,2024-03-01,C0239,P001,Recurring,135000,0,135000,135000,1620000
R007273,2024-04-01,C0239,P001,Recurring,135000,0,135000,135000,1620000
R007274,2024-05-01,C0239,P001,Recurring,135000,0,135000,135000,1620000
R007275,2024-06-01,C0239,P001,Recurring,135000,0,135000,135000,1620000
R007276,2024-07-01,C0239,P001,Recurring,135000,0,135000,135000,1620000
R007277,2024-08-01,C0239,P001,Recurring,135000,0,135000,135000,1620000
R007278,2024-09-01,C0239,P001,Recurring,135000,0,135000,135000,1620000
R007279,2024-10-01,C0239,P001,Recurring,135000,0,135000,135000,1620000
R007280,2024-11-01,C0239,P001,Recurring,135000,0,135000,135000,1620000
R007281,2024-12-01,C0239,P001,Recurring,135000,0,135000,135000,1620000
R007282,2025-01-01,C0239,P001,Recurring,135000,0,135000,135000,1620000
R007283,2025-02-01,C0239,P002,Upgrade,135000,115000,250000,250000,3000000
R007284,2025-03-01,C0239,P002,Recurring,250000,0,250000,250000,3000000
R007285,2025-04-01,C0239,P002,Recurring,250000,0,250000,250000,3000000
R007286,2025-05-01,C0239,P002,Recurring,250000,0,250000,250000,3000000
R007287,2025-06-01,C0239,P002,Recurring,250000,0,250000,250000,3000000
R007288,2025-07-01,C0239,P002,Recurring,250000,0,250000,250000,3000000
R007289,2025-08-01,C0239,P002,Expansion,250000,40000,290000,290000,3480000
R007290,2025-09-01,C0239,P002,Recurring,290000,0,290000,290000,3480000
R007291,2025-10-01,C0239,P002,Expansion,290000,40000,330000,330000,3960000
R007292,2025-11-01,C0239,P002,Recurring,330000,0,330000,330000,3960000
R007293,2025-12-01,C0239,P002,Recurring,330000,0,330000,330000,3960000
R007294,2024-02-01,C0240,P002,New,0,410000,410000,410000,4920000
R007295,2024-03-01,C0240,P002,Recurring,410000,0,410000,410000,4920000
R007296,2024-04-01,C0240,P002,Recurring,410000,0,410000,410000,4920000
R007297,2024-05-01,C0240,P002,Recurring,410000,0,410000,410000,4920000
R007298,2024-06-01,C0240,P002,Recurring,410000,0,410000,410000,4920000
R007299,2024-07-01,C0240,P002,Recurring,410000,0,410000,410000,4920000
R007300,2024-08-01,C0240,P002,Recurring,410000,0,410000,410000,4920000
R007301,2024-09-01,C0240,P002,Recurring,410000,0,410000,410000,4920000
R007302,2024-10-01,C0240,P002,Recurring,410000,0,410000,410000,4920000
R007303,2024-11-01,C0240,P002,Recurring,410000,0,410000,410000,4920000
R007304,2024-12-01,C0240,P002,Recurring,410000,0,410000,410000,4920000
R007305,2025-01-01,C0240,P002,Recurring,410000,0,410000,410000,4920000
R007306,2025-02-01,C0240,P002,Recurring,410000,0,410000,410000,4920000
R007307,2025-03-01,C0240,P002,Recurring,410000,0,410000,410000,4920000
R007308,2025-04-01,C0240,P002,Recurring,410000,0,410000,410000,4920000
R007309,2025-05-01,C0240,P002,Recurring,410000,0,410000,410000,4920000
R007310,2025-06-01,C0240,P002,Recurring,410000,0,410000,410000,4920000
R007311,2025-07-01,C0240,P002,Recurring,410000,0,410000,410000,4920000
R007312,2025-08-01,C0240,P002,Recurring,410000,0,410000,410000,4920000
R007313,2025-09-01,C0240,P002,Recurring,410000,0,410000,410000,4920000
R007314,2025-10-01,C0240,P002,Recurring,410000,0,410000,410000,4920000
R007315,2025-11-01,C0240,P002,Recurring,410000,0,410000,410000,4920000
R007316,2025-12-01,C0240,P002,Recurring,410000,0,410000,410000,4920000
R007317,2024-02-01,C0241,P001,New,0,125000,125000,125000,1500000
R007318,2024-03-01,C0241,P001,Recurring,125000,0,125000,125000,1500000
R007319,2024-04-01,C0241,P001,Recurring,125000,0,125000,125000,1500000
R007320,2024-05-01,C0241,P001,Recurring,125000,0,125000,125000,1500000
R007321,2024-06-01,C0241,P001,Recurring,125000,0,125000,125000,1500000
R007322,2024-07-01,C0241,P001,Recurring,125000,0,125000,125000,1500000
R007323,2024-08-01,C0241,P001,Recurring,125000,0,125000,125000,1500000
R007324,2024-09-01,C0241,P001,Recurring,125000,0,125000,125000,1500000
R007325,2024-10-01,C0241,P001,Recurring,125000,0,125000,125000,1500000
R007326,2024-11-01,C0241,P001,Recurring,125000,0,125000,125000,1500000
R007327,2024-12-01,C0241,P001,Recurring,125000,0,125000,125000,1500000
R007328,2025-01-01,C0241,P001,Recurring,125000,0,125000,125000,1500000
R007329,2025-02-01,C0241,P001,Recurring,125000,0,125000,125000,1500000
R007330,2025-03-01,C0241,P001,Recurring,125000,0,125000,125000,1500000
R007331,2025-04-01,C0241,P001,Recurring,125000,0,125000,125000,1500000
R007332,2025-05-01,C0241,P001,Recurring,125000,0,125000,125000,1500000
R007333,2025-06-01,C0241,P001,Recurring,125000,0,125000,125000,1500000
R007334,2025-07-01,C0241,P001,Recurring,125000,0,125000,125000,1500000
R007335,2025-08-01,C0241,P001,Recurring,125000,0,125000,125000,1500000
R007336,2025-09-01,C0241,P001,Recurring,125000,0,125000,125000,1500000
R007337,2025-10-01,C0241,P001,Recurring,125000,0,125000,125000,1500000
R007338,2025-11-01,C0241,P001,Recurring,125000,0,125000,125000,1500000
R007339,2025-12-01,C0241,P001,Recurring,125000,0,125000,125000,1500000
R007340,2024-02-01,C0242,P002,New,0,400000,400000,400000,4800000
R007341,2024-03-01,C0242,P002,Recurring,400000,0,400000,400000,4800000
R007342,2024-04-01,C0242,P002,Recurring,400000,0,400000,400000,4800000
R007343,2024-05-01,C0242,P002,Recurring,400000,0,400000,400000,4800000
R007344,2024-06-01,C0242,P002,Recurring,400000,0,400000,400000,4800000
R007345,2024-07-01,C0242,P002,Recurring,400000,0,400000,400000,4800000
R007346,2024-08-01,C0242,P002,Recurring,400000,0,400000,400000,4800000
R007347,2024-09-01,C0242,P002,Recurring,400000,0,400000,400000,4800000
R007348,2024-10-01,C0242,P002,Recurring,400000,0,400000,400000,4800000
R007349,2024-11-01,C0242,P002,Recurring,400000,0,400000,400000,4800000
R007350,2024-12-01,C0242,P002,Recurring,400000,0,400000,400000,4800000
R007351,2025-01-01,C0242,P002,Recurring,400000,0,400000,400000,4800000
R007352,2025-02-01,C0242,P002,Recurring,400000,0,400000,400000,4800000
R007353,2025-03-01,C0242,P002,Recurring,400000,0,400000,400000,4800000
R007354,2025-04-01,C0242,P002,Recurring,400000,0,400000,400000,4800000
R007355,2025-05-01,C0242,P002,Recurring,400000,0,400000,400000,4800000
R007356,2025-06-01,C0242,P002,Recurring,400000,0,400000,400000,4800000
R007357,2025-07-01,C0242,P002,Expansion,400000,70000,470000,470000,5640000
R007358,2025-08-01,C0242,P002,Recurring,470000,0,470000,470000,5640000
R007359,2025-09-01,C0242,P002,Recurring,470000,0,470000,470000,5640000
R007360,2025-10-01,C0242,P002,Recurring,470000,0,470000,470000,5640000
R007361,2025-11-01,C0242,P002,Recurring,470000,0,470000,470000,5640000
R007362,2025-12-01,C0242,P002,Recurring,470000,0,470000,470000,5640000
R007363,2024-02-01,C0243,P002,New,0,380000,380000,380000,4560000
R007364,2024-03-01,C0243,P002,Recurring,380000,0,380000,380000,4560000
R007365,2024-04-01,C0243,P002,Recurring,380000,0,380000,380000,4560000
R007366,2024-05-01,C0243,P002,Recurring,380000,0,380000,380000,4560000
R007367,2024-06-01,C0243,P002,Recurring,380000,0,380000,380000,4560000
R007368,2024-07-01,C0243,P002,Recurring,380000,0,380000,380000,4560000
R007369,2024-08-01,C0243,P002,Recurring,380000,0,380000,380000,4560000
R007370,2024-09-01,C0243,P002,Recurring,380000,0,380000,380000,4560000
R007371,2024-10-01,C0243,P002,Recurring,380000,0,380000,380000,4560000
R007372,2024-11-01,C0243,P002,Recurring,380000,0,380000,380000,4560000
R007373,2024-12-01,C0243,P002,Recurring,380000,0,380000,380000,4560000
R007374,2025-01-01,C0243,P002,Recurring,380000,0,380000,380000,4560000
R007375,2025-02-01,C0243,P002,Recurring,380000,0,380000,380000,4560000
R007376,2025-03-01,C0243,P002,Recurring,380000,0,380000,380000,4560000
R007377,2025-04-01,C0243,P002,Recurring,380000,0,380000,380000,4560000
R007378,2025-05-01,C0243,P002,Recurring,380000,0,380000,380000,4560000
R007379,2025-06-01,C0243,P002,Recurring,380000,0,380000,380000,4560000
R007380,2025-07-01,C0243,P002,Recurring,380000,0,380000,380000,4560000
R007381,2025-08-01,C0243,P002,Recurring,380000,0,380000,380000,4560000
R007382,2025-09-01,C0243,P002,Recurring,380000,0,380000,380000,4560000
R007383,2025-10-01,C0243,P002,Recurring,380000,0,380000,380000,4560000
R007384,2025-11-01,C0243,P002,Recurring,380000,0,380000,380000,4560000
R007385,2025-12-01,C0243,P002,Recurring,380000,0,380000,380000,4560000
R007386,2024-03-01,C0244,P002,New,0,440000,440000,440000,5280000
R007387,2024-04-01,C0244,P002,Recurring,440000,0,440000,440000,5280000
R007388,2024-05-01,C0244,P002,Recurring,440000,0,440000,440000,5280000
R007389,2024-06-01,C0244,P002,Recurring,440000,0,440000,440000,5280000
R007390,2024-07-01,C0244,P002,Recurring,440000,0,440000,440000,5280000
R007391,2024-08-01,C0244,P002,Recurring,440000,0,440000,440000,5280000
R007392,2024-09-01,C0244,P002,Recurring,440000,0,440000,440000,5280000
R007393,2024-10-01,C0244,P002,Recurring,440000,0,440000,440000,5280000
R007394,2024-11-01,C0244,P002,Recurring,440000,0,440000,440000,5280000
R007395,2024-12-01,C0244,P002,Recurring,440000,0,440000,440000,5280000
R007396,2025-01-01,C0244,P002,Recurring,440000,0,440000,440000,5280000
R007397,2025-02-01,C0244,P002,Recurring,440000,0,440000,440000,5280000
R007398,2025-03-01,C0244,P002,Recurring,440000,0,440000,440000,5280000
R007399,2025-04-01,C0244,P002,Recurring,440000,0,440000,440000,5280000
R007400,2025-05-01,C0244,P002,Recurring,440000,0,440000,440000,5280000
R007401,2025-06-01,C0244,P002,Recurring,440000,0,440000,440000,5280000
R007402,2025-07-01,C0244,P002,Recurring,440000,0,440000,440000,5280000
R007403,2025-08-01,C0244,P002,Recurring,440000,0,440000,440000,5280000
R007404,2025-09-01,C0244,P002,Recurring,440000,0,440000,440000,5280000
R007405,2025-10-01,C0244,P002,Recurring,440000,0,440000,440000,5280000
R007406,2025-11-01,C0244,P002,Recurring,440000,0,440000,440000,5280000
R007407,2025-12-01,C0244,P002,Recurring,440000,0,440000,440000,5280000
R007408,2024-03-01,C0245,P001,New,0,135000,135000,135000,1620000
R007409,2024-04-01,C0245,P001,Recurring,135000,0,135000,135000,1620000
R007410,2024-05-01,C0245,P001,Recurring,135000,0,135000,135000,1620000
R007411,2024-06-01,C0245,P001,Recurring,135000,0,135000,135000,1620000
R007412,2024-07-01,C0245,P001,Recurring,135000,0,135000,135000,1620000
R007413,2024-08-01,C0245,P001,Recurring,135000,0,135000,135000,1620000
R007414,2024-09-01,C0245,P001,Recurring,135000,0,135000,135000,1620000
R007415,2024-10-01,C0245,P001,Recurring,135000,0,135000,135000,1620000
R007416,2024-11-01,C0245,P001,Recurring,135000,0,135000,135000,1620000
R007417,2024-12-01,C0245,P001,Recurring,135000,0,135000,135000,1620000
R007418,2025-01-01,C0245,P001,Recurring,135000,0,135000,135000,1620000
R007419,2025-02-01,C0245,P001,Recurring,135000,0,135000,135000,1620000
R007420,2025-03-01,C0245,P001,Recurring,135000,0,135000,135000,1620000
R007421,2025-04-01,C0245,P001,Recurring,135000,0,135000,135000,1620000
R007422,2025-05-01,C0245,P001,Recurring,135000,0,135000,135000,1620000
R007423,2025-06-01,C0245,P001,Expansion,135000,15000,150000,150000,1800000
R007424,2025-07-01,C0245,P001,Recurring,150000,0,150000,150000,1800000
R007425,2025-08-01,C0245,P001,Recurring,150000,0,150000,150000,1800000
R007426,2025-09-01,C0245,P001,Recurring,150000,0,150000,150000,1800000
R007427,2025-10-01,C0245,P001,Recurring,150000,0,150000,150000,1800000
R007428,2025-11-01,C0245,P001,Recurring,150000,0,150000,150000,1800000
R007429,2025-12-01,C0245,P001,Recurring,150000,0,150000,150000,1800000
R007430,2024-03-01,C0246,P001,New,0,155000,155000,155000,1860000
R007431,2024-04-01,C0246,P001,Recurring,155000,0,155000,155000,1860000
R007432,2024-05-01,C0246,P001,Recurring,155000,0,155000,155000,1860000
R007433,2024-06-01,C0246,P001,Recurring,155000,0,155000,155000,1860000
R007434,2024-07-01,C0246,P001,Recurring,155000,0,155000,155000,1860000
R007435,2024-08-01,C0246,P001,Recurring,155000,0,155000,155000,1860000
R007436,2024-09-01,C0246,P001,Recurring,155000,0,155000,155000,1860000
R007437,2024-10-01,C0246,P001,Recurring,155000,0,155000,155000,1860000
R007438,2024-11-01,C0246,P001,Recurring,155000,0,155000,155000,1860000
R007439,2024-12-01,C0246,P001,Recurring,155000,0,155000,155000,1860000
R007440,2025-01-01,C0246,P001,Recurring,155000,0,155000,155000,1860000
R007441,2025-02-01,C0246,P001,Recurring,155000,0,155000,155000,1860000
R007442,2025-03-01,C0246,P001,Recurring,155000,0,155000,155000,1860000
R007443,2025-04-01,C0246,P001,Recurring,155000,0,155000,155000,1860000
R007444,2025-05-01,C0246,P001,Recurring,155000,0,155000,155000,1860000
R007445,2025-06-01,C0246,P001,Recurring,155000,0,155000,155000,1860000
R007446,2025-07-01,C0246,P001,Recurring,155000,0,155000,155000,1860000
R007447,2025-08-01,C0246,P001,Recurring,155000,0,155000,155000,1860000
R007448,2025-09-01,C0246,P001,Recurring,155000,0,155000,155000,1860000
R007449,2025-10-01,C0246,P001,Recurring,155000,0,155000,155000,1860000
R007450,2025-11-01,C0246,P001,Recurring,155000,0,155000,155000,1860000
R007451,2025-12-01,C0246,P001,Recurring,155000,0,155000,155000,1860000
R007452,2024-03-01,C0247,P002,New,0,280000,280000,280000,3360000
R007453,2024-04-01,C0247,P002,Recurring,280000,0,280000,280000,3360000
R007454,2024-05-01,C0247,P002,Recurring,280000,0,280000,280000,3360000
R007455,2024-06-01,C0247,P002,Recurring,280000,0,280000,280000,3360000
R007456,2024-07-01,C0247,P002,Recurring,280000,0,280000,280000,3360000
R007457,2024-08-01,C0247,P002,Recurring,280000,0,280000,280000,3360000
R007458,2024-09-01,C0247,P002,Recurring,280000,0,280000,280000,3360000
R007459,2024-10-01,C0247,P002,Recurring,280000,0,280000,280000,3360000
R007460,2024-11-01,C0247,P002,Recurring,280000,0,280000,280000,3360000
R007461,2024-12-01,C0247,P002,Recurring,280000,0,280000,280000,3360000
R007462,2025-01-01,C0247,P002,Recurring,280000,0,280000,280000,3360000
R007463,2025-02-01,C0247,P002,Recurring,280000,0,280000,280000,3360000
R007464,2025-03-01,C0247,P002,Recurring,280000,0,280000,280000,3360000
R007465,2025-04-01,C0247,P002,Recurring,280000,0,280000,280000,3360000
R007466,2025-05-01,C0247,P002,Recurring,280000,0,280000,280000,3360000
R007467,2025-06-01,C0247,P002,Recurring,280000,0,280000,280000,3360000
R007468,2025-07-01,C0247,P002,Recurring,280000,0,280000,280000,3360000
R007469,2025-08-01,C0247,P002,Recurring,280000,0,280000,280000,3360000
R007470,2025-09-01,C0247,P002,Recurring,280000,0,280000,280000,3360000
R007471,2025-10-01,C0247,P002,Recurring,280000,0,280000,280000,3360000
R007472,2025-11-01,C0247,P002,Recurring,280000,0,280000,280000,3360000
R007473,2025-12-01,C0247,P002,Recurring,280000,0,280000,280000,3360000
R007474,2024-03-01,C0248,P002,New,0,500000,500000,500000,6000000
R007475,2024-04-01,C0248,P002,Recurring,500000,0,500000,500000,6000000
R007476,2024-05-01,C0248,P002,Recurring,500000,0,500000,500000,6000000
R007477,2024-06-01,C0248,P002,Recurring,500000,0,500000,500000,6000000
R007478,2024-07-01,C0248,P002,Recurring,500000,0,500000,500000,6000000
R007479,2024-08-01,C0248,P002,Recurring,500000,0,500000,500000,6000000
R007480,2024-09-01,C0248,P002,Recurring,500000,0,500000,500000,6000000
R007481,2024-10-01,C0248,P002,Expansion,500000,45000,545000,545000,6540000
R007482,2024-11-01,C0248,P002,Recurring,545000,0,545000,545000,6540000
R007483,2024-12-01,C0248,P002,Recurring,545000,0,545000,545000,6540000
R007484,2025-01-01,C0248,P002,Recurring,545000,0,545000,545000,6540000
R007485,2025-02-01,C0248,P002,Recurring,545000,0,545000,545000,6540000
R007486,2025-03-01,C0248,P002,Recurring,545000,0,545000,545000,6540000
R007487,2025-04-01,C0248,P002,Recurring,545000,0,545000,545000,6540000
R007488,2025-05-01,C0248,P002,Recurring,545000,0,545000,545000,6540000
R007489,2025-06-01,C0248,P002,Recurring,545000,0,545000,545000,6540000
R007490,2025-07-01,C0248,P002,Recurring,545000,0,545000,545000,6540000
R007491,2025-08-01,C0248,P002,Recurring,545000,0,545000,545000,6540000
R007492,2025-09-01,C0248,P002,Recurring,545000,0,545000,545000,6540000
R007493,2025-10-01,C0248,P002,Recurring,545000,0,545000,545000,6540000
R007494,2025-11-01,C0248,P002,Recurring,545000,0,545000,545000,6540000
R007495,2025-12-01,C0248,P002,Recurring,545000,0,545000,545000,6540000
R007496,2024-03-01,C0249,P001,New,0,165000,165000,165000,1980000
R007497,2024-04-01,C0249,P001,Recurring,165000,0,165000,165000,1980000
R007498,2024-05-01,C0249,P001,Recurring,165000,0,165000,165000,1980000
R007499,2024-06-01,C0249,P001,Recurring,165000,0,165000,165000,1980000
R007500,2024-07-01,C0249,P001,Recurring,165000,0,165000,165000,1980000
R007501,2024-08-01,C0249,P001,Recurring,165000,0,165000,165000,1980000
R007502,2024-09-01,C0249,P001,Recurring,165000,0,165000,165000,1980000
R007503,2024-10-01,C0249,P001,Recurring,165000,0,165000,165000,1980000
R007504,2024-11-01,C0249,P001,Recurring,165000,0,165000,165000,1980000
R007505,2024-12-01,C0249,P001,Recurring,165000,0,165000,165000,1980000
R007506,2025-01-01,C0249,P001,Recurring,165000,0,165000,165000,1980000
R007507,2025-02-01,C0249,P001,Recurring,165000,0,165000,165000,1980000
R007508,2025-03-01,C0249,P001,Recurring,165000,0,165000,165000,1980000
R007509,2025-04-01,C0249,P001,Recurring,165000,0,165000,165000,1980000
R007510,2025-05-01,C0249,P001,Recurring,165000,0,165000,165000,1980000
R007511,2025-06-01,C0249,P001,Recurring,165000,0,165000,165000,1980000
R007512,2025-07-01,C0249,P001,Recurring,165000,0,165000,165000,1980000
R007513,2025-08-01,C0249,P001,Recurring,165000,0,165000,165000,1980000
R007514,2025-09-01,C0249,P001,Recurring,165000,0,165000,165000,1980000
R007515,2025-10-01,C0249,P001,Recurring,165000,0,165000,165000,1980000
R007516,2025-11-01,C0249,P001,Recurring,165000,0,165000,165000,1980000
R007517,2025-12-01,C0249,P001,Recurring,165000,0,165000,165000,1980000
R007518,2024-03-01,C0250,P002,New,0,270000,270000,270000,3240000
R007519,2024-04-01,C0250,P002,Recurring,270000,0,270000,270000,3240000
R007520,2024-05-01,C0250,P002,Recurring,270000,0,270000,270000,3240000
R007521,2024-06-01,C0250,P002,Recurring,270000,0,270000,270000,3240000
R007522,2024-07-01,C0250,P002,Recurring,270000,0,270000,270000,3240000
R007523,2024-08-01,C0250,P002,Recurring,270000,0,270000,270000,3240000
R007524,2024-09-01,C0250,P002,Recurring,270000,0,270000,270000,3240000
R007525,2024-10-01,C0250,P002,Recurring,270000,0,270000,270000,3240000
R007526,2024-11-01,C0250,P002,Recurring,270000,0,270000,270000,3240000
R007527,2024-12-01,C0250,P002,Recurring,270000,0,270000,270000,3240000
R007528,2025-01-01,C0250,P002,Recurring,270000,0,270000,270000,3240000
R007529,2025-02-01,C0250,P002,Recurring,270000,0,270000,270000,3240000
R007530,2025-03-01,C0250,P002,Recurring,270000,0,270000,270000,3240000
R007531,2025-04-01,C0250,P002,Recurring,270000,0,270000,270000,3240000
R007532,2025-05-01,C0250,P002,Recurring,270000,0,270000,270000,3240000
R007533,2025-06-01,C0250,P002,Recurring,270000,0,270000,270000,3240000
R007534,2025-07-01,C0250,P002,Recurring,270000,0,270000,270000,3240000
R007535,2025-08-01,C0250,P002,Recurring,270000,0,270000,270000,3240000
R007536,2025-09-01,C0250,P002,Recurring,270000,0,270000,270000,3240000
R007537,2025-10-01,C0250,P002,Expansion,270000,45000,315000,315000,3780000
R007538,2025-11-01,C0250,P002,Recurring,315000,0,315000,315000,3780000
R007539,2025-12-01,C0250,P002,Recurring,315000,0,315000,315000,3780000
R007540,2024-03-01,C0251,P002,New,0,310000,310000,310000,3720000
R007541,2024-04-01,C0251,P002,Recurring,310000,0,310000,310000,3720000
R007542,2024-05-01,C0251,P002,Recurring,310000,0,310000,310000,3720000
R007543,2024-06-01,C0251,P002,Recurring,310000,0,310000,310000,3720000
R007544,2024-07-01,C0251,P002,Recurring,310000,0,310000,310000,3720000
R007545,2024-08-01,C0251,P002,Recurring,310000,0,310000,310000,3720000
R007546,2024-09-01,C0251,P002,Recurring,310000,0,310000,310000,3720000
R007547,2024-10-01,C0251,P002,Expansion,310000,45000,355000,355000,4260000
R007548,2024-11-01,C0251,P002,Recurring,355000,0,355000,355000,4260000
R007549,2024-12-01,C0251,P002,Recurring,355000,0,355000,355000,4260000
R007550,2025-01-01,C0251,P002,Recurring,355000,0,355000,355000,4260000
R007551,2025-02-01,C0251,P002,Recurring,355000,0,355000,355000,4260000
R007552,2025-03-01,C0251,P002,Recurring,355000,0,355000,355000,4260000
R007553,2025-04-01,C0251,P002,Recurring,355000,0,355000,355000,4260000
R007554,2025-05-01,C0251,P002,Recurring,355000,0,355000,355000,4260000
R007555,2025-06-01,C0251,P002,Recurring,355000,0,355000,355000,4260000
R007556,2025-07-01,C0251,P002,Recurring,355000,0,355000,355000,4260000
R007557,2025-08-01,C0251,P002,Recurring,355000,0,355000,355000,4260000
R007558,2025-09-01,C0251,P002,Recurring,355000,0,355000,355000,4260000
R007559,2025-10-01,C0251,P002,Recurring,355000,0,355000,355000,4260000
R007560,2025-11-01,C0251,P002,Recurring,355000,0,355000,355000,4260000
R007561,2025-12-01,C0251,P002,Recurring,355000,0,355000,355000,4260000
R007562,2024-03-01,C0252,P002,New,0,330000,330000,330000,3960000
R007563,2024-04-01,C0252,P002,Recurring,330000,0,330000,330000,3960000
R007564,2024-05-01,C0252,P002,Recurring,330000,0,330000,330000,3960000
R007565,2024-06-01,C0252,P002,Recurring,330000,0,330000,330000,3960000
R007566,2024-07-01,C0252,P002,Recurring,330000,0,330000,330000,3960000
R007567,2024-08-01,C0252,P002,Recurring,330000,0,330000,330000,3960000
R007568,2024-09-01,C0252,P002,Recurring,330000,0,330000,330000,3960000
R007569,2024-10-01,C0252,P002,Recurring,330000,0,330000,330000,3960000
R007570,2024-11-01,C0252,P002,Recurring,330000,0,330000,330000,3960000
R007571,2024-12-01,C0252,P002,Recurring,330000,0,330000,330000,3960000
R007572,2025-01-01,C0252,P002,Recurring,330000,0,330000,330000,3960000
R007573,2025-02-01,C0252,P002,Recurring,330000,0,330000,330000,3960000
R007574,2025-03-01,C0252,P002,Recurring,330000,0,330000,330000,3960000
R007575,2025-04-01,C0252,P002,Recurring,330000,0,330000,330000,3960000
R007576,2025-05-01,C0252,P002,Recurring,330000,0,330000,330000,3960000
R007577,2025-06-01,C0252,P002,Recurring,330000,0,330000,330000,3960000
R007578,2025-07-01,C0252,P002,Recurring,330000,0,330000,330000,3960000
R007579,2025-08-01,C0252,P002,Recurring,330000,0,330000,330000,3960000
R007580,2025-09-01,C0252,P002,Recurring,330000,0,330000,330000,3960000
R007581,2025-10-01,C0252,P002,Recurring,330000,0,330000,330000,3960000
R007582,2025-11-01,C0252,P002,Recurring,330000,0,330000,330000,3960000
R007583,2025-12-01,C0252,P002,Recurring,330000,0,330000,330000,3960000
R007584,2024-03-01,C0253,P002,New,0,420000,420000,420000,5040000
R007585,2024-04-01,C0253,P002,Recurring,420000,0,420000,420000,5040000
R007586,2024-05-01,C0253,P002,Recurring,420000,0,420000,420000,5040000
R007587,2024-06-01,C0253,P002,Recurring,420000,0,420000,420000,5040000
R007588,2024-07-01,C0253,P002,Recurring,420000,0,420000,420000,5040000
R007589,2024-08-01,C0253,P002,Recurring,420000,0,420000,420000,5040000
R007590,2024-09-01,C0253,P002,Recurring,420000,0,420000,420000,5040000
R007591,2024-10-01,C0253,P002,Recurring,420000,0,420000,420000,5040000
R007592,2024-11-01,C0253,P002,Recurring,420000,0,420000,420000,5040000
R007593,2024-12-01,C0253,P002,Recurring,420000,0,420000,420000,5040000
R007594,2025-01-01,C0253,P002,Recurring,420000,0,420000,420000,5040000
R007595,2025-02-01,C0253,P002,Recurring,420000,0,420000,420000,5040000
R007596,2025-03-01,C0253,P002,Recurring,420000,0,420000,420000,5040000
R007597,2025-04-01,C0253,P002,Recurring,420000,0,420000,420000,5040000
R007598,2025-05-01,C0253,P002,Recurring,420000,0,420000,420000,5040000
R007599,2025-06-01,C0253,P002,Expansion,420000,40000,460000,460000,5520000
R007600,2025-07-01,C0253,P002,Recurring,460000,0,460000,460000,5520000
R007601,2025-08-01,C0253,P002,Recurring,460000,0,460000,460000,5520000
R007602,2025-09-01,C0253,P002,Recurring,460000,0,460000,460000,5520000
R007603,2025-10-01,C0253,P002,Recurring,460000,0,460000,460000,5520000
R007604,2025-11-01,C0253,P002,Recurring,460000,0,460000,460000,5520000
R007605,2025-12-01,C0253,P002,Recurring,460000,0,460000,460000,5520000
R007606,2024-03-01,C0254,P001,New,0,135000,135000,135000,1620000
R007607,2024-04-01,C0254,P001,Recurring,135000,0,135000,135000,1620000
R007608,2024-05-01,C0254,P001,Recurring,135000,0,135000,135000,1620000
R007609,2024-06-01,C0254,P001,Recurring,135000,0,135000,135000,1620000
R007610,2024-07-01,C0254,P001,Recurring,135000,0,135000,135000,1620000
R007611,2024-08-01,C0254,P001,Recurring,135000,0,135000,135000,1620000
R007612,2024-09-01,C0254,P001,Recurring,135000,0,135000,135000,1620000
R007613,2024-10-01,C0254,P001,Recurring,135000,0,135000,135000,1620000
R007614,2024-11-01,C0254,P001,Recurring,135000,0,135000,135000,1620000
R007615,2024-03-01,C0255,P001,New,0,140000,140000,140000,1680000
R007616,2024-04-01,C0255,P001,Recurring,140000,0,140000,140000,1680000
R007617,2024-05-01,C0255,P001,Recurring,140000,0,140000,140000,1680000
R007618,2024-06-01,C0255,P001,Recurring,140000,0,140000,140000,1680000
R007619,2024-07-01,C0255,P001,Recurring,140000,0,140000,140000,1680000
R007620,2024-08-01,C0255,P001,Recurring,140000,0,140000,140000,1680000
R007621,2024-09-01,C0255,P001,Recurring,140000,0,140000,140000,1680000
R007622,2024-10-01,C0255,P001,Recurring,140000,0,140000,140000,1680000
R007623,2024-11-01,C0255,P001,Recurring,140000,0,140000,140000,1680000
R007624,2024-12-01,C0255,P001,Recurring,140000,0,140000,140000,1680000
R007625,2025-01-01,C0255,P001,Recurring,140000,0,140000,140000,1680000
R007626,2025-02-01,C0255,P001,Recurring,140000,0,140000,140000,1680000
R007627,2025-03-01,C0255,P001,Recurring,140000,0,140000,140000,1680000
R007628,2024-03-01,C0256,P001,New,0,155000,155000,155000,1860000
R007629,2024-04-01,C0256,P001,Recurring,155000,0,155000,155000,1860000
R007630,2024-05-01,C0256,P001,Recurring,155000,0,155000,155000,1860000
R007631,2024-06-01,C0256,P001,Recurring,155000,0,155000,155000,1860000
R007632,2024-07-01,C0256,P001,Recurring,155000,0,155000,155000,1860000
R007633,2024-08-01,C0256,P001,Recurring,155000,0,155000,155000,1860000
R007634,2024-09-01,C0256,P001,Recurring,155000,0,155000,155000,1860000
R007635,2024-10-01,C0256,P001,Recurring,155000,0,155000,155000,1860000
R007636,2024-11-01,C0256,P001,Recurring,155000,0,155000,155000,1860000
R007637,2024-12-01,C0256,P001,Recurring,155000,0,155000,155000,1860000
R007638,2025-01-01,C0256,P001,Recurring,155000,0,155000,155000,1860000
R007639,2025-02-01,C0256,P001,Recurring,155000,0,155000,155000,1860000
R007640,2025-03-01,C0256,P001,Recurring,155000,0,155000,155000,1860000
R007641,2025-04-01,C0256,P001,Recurring,155000,0,155000,155000,1860000
R007642,2025-05-01,C0256,P001,Recurring,155000,0,155000,155000,1860000
R007643,2025-06-01,C0256,P001,Recurring,155000,0,155000,155000,1860000
R007644,2025-07-01,C0256,P001,Recurring,155000,0,155000,155000,1860000
R007645,2025-08-01,C0256,P001,Recurring,155000,0,155000,155000,1860000
R007646,2025-09-01,C0256,P001,Recurring,155000,0,155000,155000,1860000
R007647,2025-10-01,C0256,P001,Recurring,155000,0,155000,155000,1860000
R007648,2025-11-01,C0256,P001,Recurring,155000,0,155000,155000,1860000
R007649,2025-12-01,C0256,P001,Recurring,155000,0,155000,155000,1860000
R007650,2024-04-01,C0257,P002,New,0,380000,380000,380000,4560000
R007651,2024-05-01,C0257,P002,Recurring,380000,0,380000,380000,4560000
R007652,2024-06-01,C0257,P002,Recurring,380000,0,380000,380000,4560000
R007653,2024-07-01,C0257,P002,Recurring,380000,0,380000,380000,4560000
R007654,2024-08-01,C0257,P002,Recurring,380000,0,380000,380000,4560000
R007655,2024-09-01,C0257,P002,Recurring,380000,0,380000,380000,4560000
R007656,2024-10-01,C0257,P002,Recurring,380000,0,380000,380000,4560000
R007657,2024-11-01,C0257,P002,Recurring,380000,0,380000,380000,4560000
R007658,2024-12-01,C0257,P002,Recurring,380000,0,380000,380000,4560000
R007659,2025-01-01,C0257,P002,Recurring,380000,0,380000,380000,4560000
R007660,2025-02-01,C0257,P002,Recurring,380000,0,380000,380000,4560000
R007661,2025-03-01,C0257,P002,Recurring,380000,0,380000,380000,4560000
R007662,2025-04-01,C0257,P002,Recurring,380000,0,380000,380000,4560000
R007663,2025-05-01,C0257,P002,Recurring,380000,0,380000,380000,4560000
R007664,2025-06-01,C0257,P002,Recurring,380000,0,380000,380000,4560000
R007665,2025-07-01,C0257,P002,Recurring,380000,0,380000,380000,4560000
R007666,2025-08-01,C0257,P002,Recurring,380000,0,380000,380000,4560000
R007667,2025-09-01,C0257,P002,Recurring,380000,0,380000,380000,4560000
R007668,2025-10-01,C0257,P002,Recurring,380000,0,380000,380000,4560000
R007669,2025-11-01,C0257,P002,Recurring,380000,0,380000,380000,4560000
R007670,2025-12-01,C0257,P002,Recurring,380000,0,380000,380000,4560000
R007671,2024-04-01,C0258,P002,New,0,330000,330000,330000,3960000
R007672,2024-05-01,C0258,P002,Recurring,330000,0,330000,330000,3960000
R007673,2024-06-01,C0258,P002,Recurring,330000,0,330000,330000,3960000
R007674,2024-07-01,C0258,P002,Recurring,330000,0,330000,330000,3960000
R007675,2024-08-01,C0258,P002,Recurring,330000,0,330000,330000,3960000
R007676,2024-09-01,C0258,P002,Recurring,330000,0,330000,330000,3960000
R007677,2024-10-01,C0258,P002,Recurring,330000,0,330000,330000,3960000
R007678,2024-11-01,C0258,P002,Recurring,330000,0,330000,330000,3960000
R007679,2024-12-01,C0258,P002,Recurring,330000,0,330000,330000,3960000
R007680,2025-01-01,C0258,P002,Recurring,330000,0,330000,330000,3960000
R007681,2025-02-01,C0258,P002,Recurring,330000,0,330000,330000,3960000
R007682,2025-03-01,C0258,P002,Recurring,330000,0,330000,330000,3960000
R007683,2025-04-01,C0258,P002,Recurring,330000,0,330000,330000,3960000
R007684,2025-05-01,C0258,P002,Recurring,330000,0,330000,330000,3960000
R007685,2025-06-01,C0258,P002,Recurring,330000,0,330000,330000,3960000
R007686,2025-07-01,C0258,P002,Recurring,330000,0,330000,330000,3960000
R007687,2025-08-01,C0258,P002,Recurring,330000,0,330000,330000,3960000
R007688,2025-09-01,C0258,P002,Recurring,330000,0,330000,330000,3960000
R007689,2025-10-01,C0258,P002,Recurring,330000,0,330000,330000,3960000
R007690,2025-11-01,C0258,P002,Recurring,330000,0,330000,330000,3960000
R007691,2025-12-01,C0258,P002,Recurring,330000,0,330000,330000,3960000
R007692,2024-04-01,C0259,P001,New,0,155000,155000,155000,1860000
R007693,2024-05-01,C0259,P001,Recurring,155000,0,155000,155000,1860000
R007694,2024-06-01,C0259,P001,Recurring,155000,0,155000,155000,1860000
R007695,2024-07-01,C0259,P001,Recurring,155000,0,155000,155000,1860000
R007696,2024-08-01,C0259,P001,Recurring,155000,0,155000,155000,1860000
R007697,2024-09-01,C0259,P001,Recurring,155000,0,155000,155000,1860000
R007698,2024-10-01,C0259,P001,Recurring,155000,0,155000,155000,1860000
R007699,2024-11-01,C0259,P001,Recurring,155000,0,155000,155000,1860000
R007700,2024-12-01,C0259,P001,Recurring,155000,0,155000,155000,1860000
R007701,2025-01-01,C0259,P001,Recurring,155000,0,155000,155000,1860000
R007702,2025-02-01,C0259,P001,Recurring,155000,0,155000,155000,1860000
R007703,2025-03-01,C0259,P001,Recurring,155000,0,155000,155000,1860000
R007704,2025-04-01,C0259,P001,Recurring,155000,0,155000,155000,1860000
R007705,2025-05-01,C0259,P001,Recurring,155000,0,155000,155000,1860000
R007706,2025-06-01,C0259,P001,Recurring,155000,0,155000,155000,1860000
R007707,2025-07-01,C0259,P001,Recurring,155000,0,155000,155000,1860000
R007708,2025-08-01,C0259,P001,Recurring,155000,0,155000,155000,1860000
R007709,2025-09-01,C0259,P001,Recurring,155000,0,155000,155000,1860000
R007710,2025-10-01,C0259,P001,Recurring,155000,0,155000,155000,1860000
R007711,2025-11-01,C0259,P001,Recurring,155000,0,155000,155000,1860000
R007712,2025-12-01,C0259,P001,Recurring,155000,0,155000,155000,1860000
R007713,2024-04-01,C0260,P001,New,0,95000,95000,95000,1140000
R007714,2024-05-01,C0260,P001,Recurring,95000,0,95000,95000,1140000
R007715,2024-06-01,C0260,P001,Recurring,95000,0,95000,95000,1140000
R007716,2024-07-01,C0260,P001,Recurring,95000,0,95000,95000,1140000
R007717,2024-08-01,C0260,P001,Recurring,95000,0,95000,95000,1140000
R007718,2024-09-01,C0260,P001,Recurring,95000,0,95000,95000,1140000
R007719,2024-10-01,C0260,P001,Recurring,95000,0,95000,95000,1140000
R007720,2024-11-01,C0260,P001,Recurring,95000,0,95000,95000,1140000
R007721,2024-12-01,C0260,P001,Recurring,95000,0,95000,95000,1140000
R007722,2025-01-01,C0260,P001,Recurring,95000,0,95000,95000,1140000
R007723,2025-02-01,C0260,P001,Recurring,95000,0,95000,95000,1140000
R007724,2025-03-01,C0260,P001,Recurring,95000,0,95000,95000,1140000
R007725,2025-04-01,C0260,P001,Recurring,95000,0,95000,95000,1140000
R007726,2025-05-01,C0260,P001,Recurring,95000,0,95000,95000,1140000
R007727,2025-06-01,C0260,P001,Recurring,95000,0,95000,95000,1140000
R007728,2025-07-01,C0260,P001,Recurring,95000,0,95000,95000,1140000
R007729,2025-08-01,C0260,P001,Recurring,95000,0,95000,95000,1140000
R007730,2025-09-01,C0260,P001,Recurring,95000,0,95000,95000,1140000
R007731,2025-10-01,C0260,P001,Recurring,95000,0,95000,95000,1140000
R007732,2025-11-01,C0260,P001,Recurring,95000,0,95000,95000,1140000
R007733,2025-12-01,C0260,P001,Recurring,95000,0,95000,95000,1140000
R007734,2024-04-01,C0261,P002,New,0,440000,440000,440000,5280000
R007735,2024-05-01,C0261,P002,Recurring,440000,0,440000,440000,5280000
R007736,2024-06-01,C0261,P002,Recurring,440000,0,440000,440000,5280000
R007737,2024-07-01,C0261,P002,Recurring,440000,0,440000,440000,5280000
R007738,2024-08-01,C0261,P002,Recurring,440000,0,440000,440000,5280000
R007739,2024-09-01,C0261,P002,Recurring,440000,0,440000,440000,5280000
R007740,2024-10-01,C0261,P002,Recurring,440000,0,440000,440000,5280000
R007741,2024-11-01,C0261,P002,Recurring,440000,0,440000,440000,5280000
R007742,2024-12-01,C0261,P002,Recurring,440000,0,440000,440000,5280000
R007743,2025-01-01,C0261,P002,Recurring,440000,0,440000,440000,5280000
R007744,2025-02-01,C0261,P002,Recurring,440000,0,440000,440000,5280000
R007745,2025-03-01,C0261,P002,Recurring,440000,0,440000,440000,5280000
R007746,2025-04-01,C0261,P002,Recurring,440000,0,440000,440000,5280000
R007747,2025-05-01,C0261,P002,Recurring,440000,0,440000,440000,5280000
R007748,2025-06-01,C0261,P002,Recurring,440000,0,440000,440000,5280000
R007749,2025-07-01,C0261,P002,Recurring,440000,0,440000,440000,5280000
R007750,2025-08-01,C0261,P002,Recurring,440000,0,440000,440000,5280000
R007751,2025-09-01,C0261,P002,Recurring,440000,0,440000,440000,5280000
R007752,2025-10-01,C0261,P002,Recurring,440000,0,440000,440000,5280000
R007753,2025-11-01,C0261,P002,Recurring,440000,0,440000,440000,5280000
R007754,2025-12-01,C0261,P002,Recurring,440000,0,440000,440000,5280000
R007755,2024-04-01,C0262,P001,New,0,90000,90000,90000,1080000
R007756,2024-05-01,C0262,P001,Recurring,90000,0,90000,90000,1080000
R007757,2024-06-01,C0262,P001,Recurring,90000,0,90000,90000,1080000
R007758,2024-07-01,C0262,P001,Recurring,90000,0,90000,90000,1080000
R007759,2024-08-01,C0262,P001,Recurring,90000,0,90000,90000,1080000
R007760,2024-09-01,C0262,P001,Recurring,90000,0,90000,90000,1080000
R007761,2024-10-01,C0262,P001,Recurring,90000,0,90000,90000,1080000
R007762,2024-11-01,C0262,P001,Recurring,90000,0,90000,90000,1080000
R007763,2024-12-01,C0262,P001,Recurring,90000,0,90000,90000,1080000
R007764,2025-01-01,C0262,P001,Recurring,90000,0,90000,90000,1080000
R007765,2025-02-01,C0262,P001,Recurring,90000,0,90000,90000,1080000
R007766,2025-03-01,C0262,P001,Recurring,90000,0,90000,90000,1080000
R007767,2025-04-01,C0262,P001,Recurring,90000,0,90000,90000,1080000
R007768,2025-05-01,C0262,P001,Recurring,90000,0,90000,90000,1080000
R007769,2025-06-01,C0262,P001,Recurring,90000,0,90000,90000,1080000
R007770,2025-07-01,C0262,P001,Recurring,90000,0,90000,90000,1080000
R007771,2025-08-01,C0262,P001,Recurring,90000,0,90000,90000,1080000
R007772,2025-09-01,C0262,P001,Recurring,90000,0,90000,90000,1080000
R007773,2025-10-01,C0262,P001,Recurring,90000,0,90000,90000,1080000
R007774,2025-11-01,C0262,P001,Recurring,90000,0,90000,90000,1080000
R007775,2025-12-01,C0262,P001,Recurring,90000,0,90000,90000,1080000
R007776,2024-04-01,C0263,P001,New,0,110000,110000,110000,1320000
R007777,2024-05-01,C0263,P001,Recurring,110000,0,110000,110000,1320000
R007778,2024-06-01,C0263,P001,Recurring,110000,0,110000,110000,1320000
R007779,2024-07-01,C0263,P001,Recurring,110000,0,110000,110000,1320000
R007780,2024-08-01,C0263,P001,Recurring,110000,0,110000,110000,1320000
R007781,2024-09-01,C0263,P001,Recurring,110000,0,110000,110000,1320000
R007782,2024-10-01,C0263,P001,Recurring,110000,0,110000,110000,1320000
R007783,2024-11-01,C0263,P001,Recurring,110000,0,110000,110000,1320000
R007784,2024-12-01,C0263,P001,Recurring,110000,0,110000,110000,1320000
R007785,2025-01-01,C0263,P001,Recurring,110000,0,110000,110000,1320000
R007786,2025-02-01,C0263,P001,Recurring,110000,0,110000,110000,1320000
R007787,2025-03-01,C0263,P001,Recurring,110000,0,110000,110000,1320000
R007788,2025-04-01,C0263,P001,Recurring,110000,0,110000,110000,1320000
R007789,2025-05-01,C0263,P001,Recurring,110000,0,110000,110000,1320000
R007790,2025-06-01,C0263,P001,Recurring,110000,0,110000,110000,1320000
R007791,2025-07-01,C0263,P001,Recurring,110000,0,110000,110000,1320000
R007792,2025-08-01,C0263,P001,Recurring,110000,0,110000,110000,1320000
R007793,2025-09-01,C0263,P001,Recurring,110000,0,110000,110000,1320000
R007794,2025-10-01,C0263,P001,Recurring,110000,0,110000,110000,1320000
R007795,2025-11-01,C0263,P001,Recurring,110000,0,110000,110000,1320000
R007796,2025-12-01,C0263,P001,Recurring,110000,0,110000,110000,1320000
R007797,2024-04-01,C0264,P001,New,0,95000,95000,95000,1140000
R007798,2024-05-01,C0264,P001,Recurring,95000,0,95000,95000,1140000
R007799,2024-06-01,C0264,P001,Recurring,95000,0,95000,95000,1140000
R007800,2024-07-01,C0264,P001,Recurring,95000,0,95000,95000,1140000
R007801,2024-08-01,C0264,P001,Recurring,95000,0,95000,95000,1140000
R007802,2024-09-01,C0264,P001,Recurring,95000,0,95000,95000,1140000
R007803,2024-10-01,C0264,P001,Recurring,95000,0,95000,95000,1140000
R007804,2024-11-01,C0264,P001,Recurring,95000,0,95000,95000,1140000
R007805,2024-12-01,C0264,P001,Recurring,95000,0,95000,95000,1140000
R007806,2025-01-01,C0264,P001,Recurring,95000,0,95000,95000,1140000
R007807,2025-02-01,C0264,P001,Recurring,95000,0,95000,95000,1140000
R007808,2025-07-01,C0264,P001,Reactivation,0,95000,95000,95000,1140000
R007809,2025-08-01,C0264,P001,Recurring,95000,0,95000,95000,1140000
R007810,2025-09-01,C0264,P001,Recurring,95000,0,95000,95000,1140000
R007811,2025-10-01,C0264,P001,Recurring,95000,0,95000,95000,1140000
R007812,2025-11-01,C0264,P001,Recurring,95000,0,95000,95000,1140000
R007813,2025-12-01,C0264,P001,Recurring,95000,0,95000,95000,1140000
R007814,2024-04-01,C0265,P001,New,0,110000,110000,110000,1320000
R007815,2024-05-01,C0265,P001,Recurring,110000,0,110000,110000,1320000
R007816,2024-06-01,C0265,P001,Recurring,110000,0,110000,110000,1320000
R007817,2024-07-01,C0265,P001,Recurring,110000,0,110000,110000,1320000
R007818,2024-08-01,C0265,P001,Recurring,110000,0,110000,110000,1320000
R007819,2024-09-01,C0265,P001,Recurring,110000,0,110000,110000,1320000
R007820,2024-10-01,C0265,P001,Recurring,110000,0,110000,110000,1320000
R007821,2024-11-01,C0265,P001,Recurring,110000,0,110000,110000,1320000
R007822,2024-12-01,C0265,P001,Recurring,110000,0,110000,110000,1320000
R007823,2025-01-01,C0265,P001,Recurring,110000,0,110000,110000,1320000
R007824,2025-02-01,C0265,P001,Recurring,110000,0,110000,110000,1320000
R007825,2025-03-01,C0265,P001,Expansion,110000,10000,120000,120000,1440000
R007826,2025-04-01,C0265,P001,Recurring,120000,0,120000,120000,1440000
R007827,2025-05-01,C0265,P001,Recurring,120000,0,120000,120000,1440000
R007828,2025-06-01,C0265,P001,Recurring,120000,0,120000,120000,1440000
R007829,2025-07-01,C0265,P001,Recurring,120000,0,120000,120000,1440000
R007830,2025-08-01,C0265,P001,Recurring,120000,0,120000,120000,1440000
R007831,2025-09-01,C0265,P001,Recurring,120000,0,120000,120000,1440000
R007832,2025-10-01,C0265,P001,Recurring,120000,0,120000,120000,1440000
R007833,2025-11-01,C0265,P001,Recurring,120000,0,120000,120000,1440000
R007834,2025-12-01,C0265,P001,Recurring,120000,0,120000,120000,1440000
R007835,2024-04-01,C0266,P002,New,0,300000,300000,300000,3600000
R007836,2024-05-01,C0266,P002,Recurring,300000,0,300000,300000,3600000
R007837,2024-06-01,C0266,P002,Recurring,300000,0,300000,300000,3600000
R007838,2024-07-01,C0266,P002,Recurring,300000,0,300000,300000,3600000
R007839,2024-08-01,C0266,P002,Recurring,300000,0,300000,300000,3600000
R007840,2024-09-01,C0266,P002,Recurring,300000,0,300000,300000,3600000
R007841,2024-10-01,C0266,P002,Recurring,300000,0,300000,300000,3600000
R007842,2024-11-01,C0266,P002,Recurring,300000,0,300000,300000,3600000
R007843,2024-12-01,C0266,P002,Recurring,300000,0,300000,300000,3600000
R007844,2025-01-01,C0266,P002,Recurring,300000,0,300000,300000,3600000
R007845,2025-02-01,C0266,P002,Recurring,300000,0,300000,300000,3600000
R007846,2025-03-01,C0266,P002,Recurring,300000,0,300000,300000,3600000
R007847,2025-04-01,C0266,P002,Recurring,300000,0,300000,300000,3600000
R007848,2025-05-01,C0266,P002,Expansion,300000,40000,340000,340000,4080000
R007849,2025-06-01,C0266,P002,Recurring,340000,0,340000,340000,4080000
R007850,2025-07-01,C0266,P002,Recurring,340000,0,340000,340000,4080000
R007851,2025-08-01,C0266,P002,Recurring,340000,0,340000,340000,4080000
R007852,2025-09-01,C0266,P002,Recurring,340000,0,340000,340000,4080000
R007853,2025-10-01,C0266,P002,Recurring,340000,0,340000,340000,4080000
R007854,2025-11-01,C0266,P002,Recurring,340000,0,340000,340000,4080000
R007855,2025-12-01,C0266,P002,Recurring,340000,0,340000,340000,4080000
R007856,2024-04-01,C0267,P001,New,0,125000,125000,125000,1500000
R007857,2024-05-01,C0267,P001,Recurring,125000,0,125000,125000,1500000
R007858,2024-06-01,C0267,P001,Recurring,125000,0,125000,125000,1500000
R007859,2024-07-01,C0267,P001,Recurring,125000,0,125000,125000,1500000
R007860,2024-08-01,C0267,P001,Recurring,125000,0,125000,125000,1500000
R007861,2024-09-01,C0267,P001,Recurring,125000,0,125000,125000,1500000
R007862,2024-10-01,C0267,P001,Recurring,125000,0,125000,125000,1500000
R007863,2024-11-01,C0267,P001,Recurring,125000,0,125000,125000,1500000
R007864,2024-12-01,C0267,P001,Recurring,125000,0,125000,125000,1500000
R007865,2025-01-01,C0267,P001,Expansion,125000,15000,140000,140000,1680000
R007866,2025-02-01,C0267,P001,Recurring,140000,0,140000,140000,1680000
R007867,2025-03-01,C0267,P001,Recurring,140000,0,140000,140000,1680000
R007868,2025-04-01,C0267,P001,Recurring,140000,0,140000,140000,1680000
R007869,2025-05-01,C0267,P001,Recurring,140000,0,140000,140000,1680000
R007870,2025-06-01,C0267,P001,Recurring,140000,0,140000,140000,1680000
R007871,2025-07-01,C0267,P001,Recurring,140000,0,140000,140000,1680000
R007872,2025-08-01,C0267,P001,Recurring,140000,0,140000,140000,1680000
R007873,2025-09-01,C0267,P001,Recurring,140000,0,140000,140000,1680000
R007874,2025-10-01,C0267,P001,Recurring,140000,0,140000,140000,1680000
R007875,2025-11-01,C0267,P001,Recurring,140000,0,140000,140000,1680000
R007876,2025-12-01,C0267,P001,Recurring,140000,0,140000,140000,1680000
R007877,2024-05-01,C0268,P002,New,0,300000,300000,300000,3600000
R007878,2024-06-01,C0268,P002,Recurring,300000,0,300000,300000,3600000
R007879,2024-07-01,C0268,P002,Recurring,300000,0,300000,300000,3600000
R007880,2024-08-01,C0268,P002,Recurring,300000,0,300000,300000,3600000
R007881,2024-09-01,C0268,P002,Recurring,300000,0,300000,300000,3600000
R007882,2024-10-01,C0268,P002,Recurring,300000,0,300000,300000,3600000
R007883,2024-11-01,C0268,P002,Recurring,300000,0,300000,300000,3600000
R007884,2024-12-01,C0268,P002,Recurring,300000,0,300000,300000,3600000
R007885,2025-01-01,C0268,P002,Recurring,300000,0,300000,300000,3600000
R007886,2025-02-01,C0268,P002,Recurring,300000,0,300000,300000,3600000
R007887,2025-03-01,C0268,P002,Recurring,300000,0,300000,300000,3600000
R007888,2025-04-01,C0268,P002,Recurring,300000,0,300000,300000,3600000
R007889,2025-05-01,C0268,P002,Recurring,300000,0,300000,300000,3600000
R007890,2025-06-01,C0268,P002,Recurring,300000,0,300000,300000,3600000
R007891,2025-07-01,C0268,P002,Recurring,300000,0,300000,300000,3600000
R007892,2025-08-01,C0268,P002,Recurring,300000,0,300000,300000,3600000
R007893,2025-09-01,C0268,P002,Expansion,300000,50000,350000,350000,4200000
R007894,2025-10-01,C0268,P002,Recurring,350000,0,350000,350000,4200000
R007895,2025-11-01,C0268,P002,Recurring,350000,0,350000,350000,4200000
R007896,2025-12-01,C0268,P002,Recurring,350000,0,350000,350000,4200000
R007897,2024-05-01,C0269,P001,New,0,130000,130000,130000,1560000
R007898,2024-06-01,C0269,P001,Recurring,130000,0,130000,130000,1560000
R007899,2024-07-01,C0269,P001,Recurring,130000,0,130000,130000,1560000
R007900,2024-08-01,C0269,P001,Recurring,130000,0,130000,130000,1560000
R007901,2024-09-01,C0269,P001,Recurring,130000,0,130000,130000,1560000
R007902,2024-10-01,C0269,P001,Recurring,130000,0,130000,130000,1560000
R007903,2024-11-01,C0269,P001,Recurring,130000,0,130000,130000,1560000
R007904,2024-12-01,C0269,P001,Recurring,130000,0,130000,130000,1560000
R007905,2025-01-01,C0269,P001,Expansion,130000,15000,145000,145000,1740000
R007906,2025-02-01,C0269,P001,Recurring,145000,0,145000,145000,1740000
R007907,2025-03-01,C0269,P001,Recurring,145000,0,145000,145000,1740000
R007908,2025-04-01,C0269,P001,Recurring,145000,0,145000,145000,1740000
R007909,2025-05-01,C0269,P001,Recurring,145000,0,145000,145000,1740000
R007910,2025-06-01,C0269,P001,Recurring,145000,0,145000,145000,1740000
R007911,2025-07-01,C0269,P001,Recurring,145000,0,145000,145000,1740000
R007912,2025-08-01,C0269,P001,Recurring,145000,0,145000,145000,1740000
R007913,2025-09-01,C0269,P001,Recurring,145000,0,145000,145000,1740000
R007914,2025-10-01,C0269,P002,Upgrade,145000,145000,290000,290000,3480000
R007915,2025-11-01,C0269,P002,Recurring,290000,0,290000,290000,3480000
R007916,2025-12-01,C0269,P002,Recurring,290000,0,290000,290000,3480000
R007917,2024-05-01,C0270,P002,New,0,310000,310000,310000,3720000
R007918,2024-06-01,C0270,P002,Recurring,310000,0,310000,310000,3720000
R007919,2024-07-01,C0270,P002,Recurring,310000,0,310000,310000,3720000
R007920,2024-08-01,C0270,P002,Recurring,310000,0,310000,310000,3720000
R007921,2024-09-01,C0270,P002,Recurring,310000,0,310000,310000,3720000
R007922,2024-10-01,C0270,P002,Recurring,310000,0,310000,310000,3720000
R007923,2024-11-01,C0270,P002,Recurring,310000,0,310000,310000,3720000
R007924,2024-12-01,C0270,P002,Recurring,310000,0,310000,310000,3720000
R007925,2025-01-01,C0270,P002,Recurring,310000,0,310000,310000,3720000
R007926,2025-02-01,C0270,P002,Recurring,310000,0,310000,310000,3720000
R007927,2025-03-01,C0270,P002,Recurring,310000,0,310000,310000,3720000
R007928,2025-04-01,C0270,P002,Recurring,310000,0,310000,310000,3720000
R007929,2025-05-01,C0270,P002,Recurring,310000,0,310000,310000,3720000
R007930,2025-06-01,C0270,P002,Recurring,310000,0,310000,310000,3720000
R007931,2025-07-01,C0270,P002,Recurring,310000,0,310000,310000,3720000
R007932,2025-08-01,C0270,P002,Recurring,310000,0,310000,310000,3720000
R007933,2025-09-01,C0270,P002,Recurring,310000,0,310000,310000,3720000
R007934,2025-10-01,C0270,P002,Recurring,310000,0,310000,310000,3720000
R007935,2025-11-01,C0270,P002,Recurring,310000,0,310000,310000,3720000
R007936,2025-12-01,C0270,P002,Recurring,310000,0,310000,310000,3720000
R007937,2024-05-01,C0271,P001,New,0,90000,90000,90000,1080000
R007938,2024-06-01,C0271,P001,Recurring,90000,0,90000,90000,1080000
R007939,2024-07-01,C0271,P001,Recurring,90000,0,90000,90000,1080000
R007940,2024-08-01,C0271,P001,Recurring,90000,0,90000,90000,1080000
R007941,2024-09-01,C0271,P001,Recurring,90000,0,90000,90000,1080000
R007942,2024-10-01,C0271,P001,Recurring,90000,0,90000,90000,1080000
R007943,2024-11-01,C0271,P001,Recurring,90000,0,90000,90000,1080000
R007944,2024-12-01,C0271,P001,Recurring,90000,0,90000,90000,1080000
R007945,2025-01-01,C0271,P001,Recurring,90000,0,90000,90000,1080000
R007946,2025-02-01,C0271,P001,Expansion,90000,10000,100000,100000,1200000
R007947,2024-05-01,C0272,P002,New,0,460000,460000,460000,5520000
R007948,2024-06-01,C0272,P002,Recurring,460000,0,460000,460000,5520000
R007949,2024-07-01,C0272,P002,Recurring,460000,0,460000,460000,5520000
R007950,2024-08-01,C0272,P002,Recurring,460000,0,460000,460000,5520000
R007951,2024-09-01,C0272,P002,Recurring,460000,0,460000,460000,5520000
R007952,2024-10-01,C0272,P002,Recurring,460000,0,460000,460000,5520000
R007953,2024-11-01,C0272,P002,Recurring,460000,0,460000,460000,5520000
R007954,2024-12-01,C0272,P002,Recurring,460000,0,460000,460000,5520000
R007955,2025-01-01,C0272,P002,Recurring,460000,0,460000,460000,5520000
R007956,2025-02-01,C0272,P002,Recurring,460000,0,460000,460000,5520000
R007957,2025-03-01,C0272,P002,Recurring,460000,0,460000,460000,5520000
R007958,2025-04-01,C0272,P002,Recurring,460000,0,460000,460000,5520000
R007959,2025-05-01,C0272,P002,Recurring,460000,0,460000,460000,5520000
R007960,2025-06-01,C0272,P002,Recurring,460000,0,460000,460000,5520000
R007961,2025-07-01,C0272,P002,Recurring,460000,0,460000,460000,5520000
R007962,2025-08-01,C0272,P002,Recurring,460000,0,460000,460000,5520000
R007963,2025-09-01,C0272,P002,Recurring,460000,0,460000,460000,5520000
R007964,2025-10-01,C0272,P002,Recurring,460000,0,460000,460000,5520000
R007965,2025-11-01,C0272,P002,Expansion,460000,35000,495000,495000,5940000
R007966,2025-12-01,C0272,P002,Recurring,495000,0,495000,495000,5940000
R007967,2024-05-01,C0273,P002,New,0,250000,250000,250000,3000000
R007968,2024-06-01,C0273,P002,Recurring,250000,0,250000,250000,3000000
R007969,2024-07-01,C0273,P002,Recurring,250000,0,250000,250000,3000000
R007970,2024-08-01,C0273,P002,Recurring,250000,0,250000,250000,3000000
R007971,2024-09-01,C0273,P002,Recurring,250000,0,250000,250000,3000000
R007972,2024-10-01,C0273,P002,Recurring,250000,0,250000,250000,3000000
R007973,2024-11-01,C0273,P002,Recurring,250000,0,250000,250000,3000000
R007974,2024-12-01,C0273,P002,Recurring,250000,0,250000,250000,3000000
R007975,2025-01-01,C0273,P002,Recurring,250000,0,250000,250000,3000000
R007976,2025-02-01,C0273,P002,Recurring,250000,0,250000,250000,3000000
R007977,2025-03-01,C0273,P002,Recurring,250000,0,250000,250000,3000000
R007978,2024-05-01,C0274,P002,New,0,430000,430000,430000,5160000
R007979,2024-06-01,C0274,P002,Recurring,430000,0,430000,430000,5160000
R007980,2024-07-01,C0274,P002,Recurring,430000,0,430000,430000,5160000
R007981,2024-08-01,C0274,P002,Recurring,430000,0,430000,430000,5160000
R007982,2024-09-01,C0274,P002,Recurring,430000,0,430000,430000,5160000
R007983,2024-10-01,C0274,P002,Recurring,430000,0,430000,430000,5160000
R007984,2024-11-01,C0274,P002,Recurring,430000,0,430000,430000,5160000
R007985,2024-12-01,C0274,P002,Recurring,430000,0,430000,430000,5160000
R007986,2025-01-01,C0274,P002,Recurring,430000,0,430000,430000,5160000
R007987,2025-02-01,C0274,P002,Recurring,430000,0,430000,430000,5160000
R007988,2025-03-01,C0274,P002,Recurring,430000,0,430000,430000,5160000
R007989,2025-04-01,C0274,P002,Recurring,430000,0,430000,430000,5160000
R007990,2025-05-01,C0274,P002,Recurring,430000,0,430000,430000,5160000
R007991,2025-06-01,C0274,P002,Recurring,430000,0,430000,430000,5160000
R007992,2025-07-01,C0274,P002,Recurring,430000,0,430000,430000,5160000
R007993,2025-08-01,C0274,P002,Recurring,430000,0,430000,430000,5160000
R007994,2025-09-01,C0274,P002,Recurring,430000,0,430000,430000,5160000
R007995,2025-10-01,C0274,P002,Recurring,430000,0,430000,430000,5160000
R007996,2025-11-01,C0274,P002,Recurring,430000,0,430000,430000,5160000
R007997,2025-12-01,C0274,P002,Recurring,430000,0,430000,430000,5160000
R007998,2024-05-01,C0275,P002,New,0,430000,430000,430000,5160000
R007999,2024-06-01,C0275,P002,Recurring,430000,0,430000,430000,5160000
R008000,2024-07-01,C0275,P002,Recurring,430000,0,430000,430000,5160000
R008001,2024-08-01,C0275,P002,Recurring,430000,0,430000,430000,5160000
R008002,2024-09-01,C0275,P002,Recurring,430000,0,430000,430000,5160000
R008003,2024-10-01,C0275,P002,Recurring,430000,0,430000,430000,5160000
R008004,2024-11-01,C0275,P002,Recurring,430000,0,430000,430000,5160000
R008005,2024-12-01,C0275,P002,Recurring,430000,0,430000,430000,5160000
R008006,2025-01-01,C0275,P002,Recurring,430000,0,430000,430000,5160000
R008007,2025-02-01,C0275,P002,Recurring,430000,0,430000,430000,5160000
R008008,2025-03-01,C0275,P002,Recurring,430000,0,430000,430000,5160000
R008009,2025-04-01,C0275,P002,Recurring,430000,0,430000,430000,5160000
R008010,2025-05-01,C0275,P002,Recurring,430000,0,430000,430000,5160000
R008011,2025-06-01,C0275,P002,Recurring,430000,0,430000,430000,5160000
R008012,2025-07-01,C0275,P002,Recurring,430000,0,430000,430000,5160000
R008013,2025-08-01,C0275,P002,Recurring,430000,0,430000,430000,5160000
R008014,2025-09-01,C0275,P002,Recurring,430000,0,430000,430000,5160000
R008015,2025-10-01,C0275,P002,Recurring,430000,0,430000,430000,5160000
R008016,2025-11-01,C0275,P002,Recurring,430000,0,430000,430000,5160000
R008017,2025-12-01,C0275,P002,Recurring,430000,0,430000,430000,5160000
R008018,2024-05-01,C0276,P002,New,0,500000,500000,500000,6000000
R008019,2024-06-01,C0276,P002,Recurring,500000,0,500000,500000,6000000
R008020,2024-07-01,C0276,P002,Recurring,500000,0,500000,500000,6000000
R008021,2024-08-01,C0276,P002,Recurring,500000,0,500000,500000,6000000
R008022,2024-09-01,C0276,P002,Recurring,500000,0,500000,500000,6000000
R008023,2024-10-01,C0276,P002,Recurring,500000,0,500000,500000,6000000
R008024,2024-11-01,C0276,P002,Recurring,500000,0,500000,500000,6000000
R008025,2024-12-01,C0276,P002,Recurring,500000,0,500000,500000,6000000
R008026,2025-01-01,C0276,P002,Recurring,500000,0,500000,500000,6000000
R008027,2025-02-01,C0276,P002,Recurring,500000,0,500000,500000,6000000
R008028,2025-03-01,C0276,P002,Recurring,500000,0,500000,500000,6000000
R008029,2025-04-01,C0276,P002,Recurring,500000,0,500000,500000,6000000
R008030,2025-05-01,C0276,P002,Recurring,500000,0,500000,500000,6000000
R008031,2025-06-01,C0276,P002,Recurring,500000,0,500000,500000,6000000
R008032,2025-07-01,C0276,P002,Expansion,500000,95000,595000,595000,7140000
R008033,2025-08-01,C0276,P002,Recurring,595000,0,595000,595000,7140000
R008034,2025-09-01,C0276,P002,Recurring,595000,0,595000,595000,7140000
R008035,2025-10-01,C0276,P002,Recurring,595000,0,595000,595000,7140000
R008036,2025-11-01,C0276,P002,Recurring,595000,0,595000,595000,7140000
R008037,2025-12-01,C0276,P002,Recurring,595000,0,595000,595000,7140000
R008038,2024-05-01,C0277,P001,New,0,140000,140000,140000,1680000
R008039,2024-06-01,C0277,P001,Recurring,140000,0,140000,140000,1680000
R008040,2024-07-01,C0277,P001,Recurring,140000,0,140000,140000,1680000
R008041,2024-08-01,C0277,P001,Recurring,140000,0,140000,140000,1680000
R008042,2024-09-01,C0277,P001,Recurring,140000,0,140000,140000,1680000
R008043,2024-10-01,C0277,P001,Recurring,140000,0,140000,140000,1680000
R008044,2024-11-01,C0277,P001,Recurring,140000,0,140000,140000,1680000
R008045,2024-12-01,C0277,P001,Recurring,140000,0,140000,140000,1680000
R008046,2025-01-01,C0277,P001,Recurring,140000,0,140000,140000,1680000
R008047,2025-02-01,C0277,P001,Recurring,140000,0,140000,140000,1680000
R008048,2025-03-01,C0277,P001,Recurring,140000,0,140000,140000,1680000
R008049,2025-04-01,C0277,P001,Recurring,140000,0,140000,140000,1680000
R008050,2025-05-01,C0277,P001,Recurring,140000,0,140000,140000,1680000
R008051,2025-06-01,C0277,P001,Recurring,140000,0,140000,140000,1680000
R008052,2025-07-01,C0277,P001,Recurring,140000,0,140000,140000,1680000
R008053,2025-08-01,C0277,P001,Recurring,140000,0,140000,140000,1680000
R008054,2025-09-01,C0277,P001,Recurring,140000,0,140000,140000,1680000
R008055,2025-10-01,C0277,P001,Recurring,140000,0,140000,140000,1680000
R008056,2025-11-01,C0277,P001,Recurring,140000,0,140000,140000,1680000
R008057,2025-12-01,C0277,P001,Recurring,140000,0,140000,140000,1680000
R008058,2024-05-01,C0278,P001,New,0,165000,165000,165000,1980000
R008059,2024-06-01,C0278,P001,Recurring,165000,0,165000,165000,1980000
R008060,2024-07-01,C0278,P001,Recurring,165000,0,165000,165000,1980000
R008061,2024-08-01,C0278,P001,Recurring,165000,0,165000,165000,1980000
R008062,2024-09-01,C0278,P001,Recurring,165000,0,165000,165000,1980000
R008063,2024-10-01,C0278,P001,Recurring,165000,0,165000,165000,1980000
R008064,2024-11-01,C0278,P001,Recurring,165000,0,165000,165000,1980000
R008065,2024-12-01,C0278,P001,Recurring,165000,0,165000,165000,1980000
R008066,2025-01-01,C0278,P001,Recurring,165000,0,165000,165000,1980000
R008067,2025-02-01,C0278,P001,Recurring,165000,0,165000,165000,1980000
R008068,2025-03-01,C0278,P001,Recurring,165000,0,165000,165000,1980000
R008069,2025-04-01,C0278,P001,Recurring,165000,0,165000,165000,1980000
R008070,2025-05-01,C0278,P001,Recurring,165000,0,165000,165000,1980000
R008071,2025-06-01,C0278,P001,Recurring,165000,0,165000,165000,1980000
R008072,2025-07-01,C0278,P001,Recurring,165000,0,165000,165000,1980000
R008073,2025-08-01,C0278,P001,Recurring,165000,0,165000,165000,1980000
R008074,2024-05-01,C0279,P001,New,0,90000,90000,90000,1080000
R008075,2024-06-01,C0279,P001,Recurring,90000,0,90000,90000,1080000
R008076,2024-07-01,C0279,P001,Recurring,90000,0,90000,90000,1080000
R008077,2024-08-01,C0279,P001,Recurring,90000,0,90000,90000,1080000
R008078,2024-09-01,C0279,P001,Recurring,90000,0,90000,90000,1080000
R008079,2024-10-01,C0279,P001,Recurring,90000,0,90000,90000,1080000
R008080,2024-11-01,C0279,P001,Recurring,90000,0,90000,90000,1080000
R008081,2024-12-01,C0279,P001,Recurring,90000,0,90000,90000,1080000
R008082,2025-01-01,C0279,P001,Recurring,90000,0,90000,90000,1080000
R008083,2025-02-01,C0279,P001,Recurring,90000,0,90000,90000,1080000
R008084,2025-03-01,C0279,P001,Recurring,90000,0,90000,90000,1080000
R008085,2025-04-01,C0279,P001,Recurring,90000,0,90000,90000,1080000
R008086,2025-05-01,C0279,P001,Recurring,90000,0,90000,90000,1080000
R008087,2025-06-01,C0279,P001,Recurring,90000,0,90000,90000,1080000
R008088,2025-07-01,C0279,P001,Recurring,90000,0,90000,90000,1080000
R008089,2025-08-01,C0279,P001,Recurring,90000,0,90000,90000,1080000
R008090,2025-09-01,C0279,P001,Recurring,90000,0,90000,90000,1080000
R008091,2025-10-01,C0279,P001,Recurring,90000,0,90000,90000,1080000
R008092,2025-11-01,C0279,P001,Recurring,90000,0,90000,90000,1080000
R008093,2025-12-01,C0279,P001,Recurring,90000,0,90000,90000,1080000
R008094,2024-06-01,C0280,P001,New,0,110000,110000,110000,1320000
R008095,2024-07-01,C0280,P001,Recurring,110000,0,110000,110000,1320000
R008096,2024-08-01,C0280,P001,Recurring,110000,0,110000,110000,1320000
R008097,2024-09-01,C0280,P001,Recurring,110000,0,110000,110000,1320000
R008098,2024-10-01,C0280,P001,Recurring,110000,0,110000,110000,1320000
R008099,2024-11-01,C0280,P001,Recurring,110000,0,110000,110000,1320000
R008100,2024-12-01,C0280,P001,Recurring,110000,0,110000,110000,1320000
R008101,2025-01-01,C0280,P001,Recurring,110000,0,110000,110000,1320000
R008102,2025-02-01,C0280,P001,Recurring,110000,0,110000,110000,1320000
R008103,2024-06-01,C0281,P002,New,0,360000,360000,360000,4320000
R008104,2024-07-01,C0281,P002,Recurring,360000,0,360000,360000,4320000
R008105,2024-08-01,C0281,P002,Recurring,360000,0,360000,360000,4320000
R008106,2024-09-01,C0281,P002,Recurring,360000,0,360000,360000,4320000
R008107,2024-10-01,C0281,P002,Recurring,360000,0,360000,360000,4320000
R008108,2024-11-01,C0281,P002,Recurring,360000,0,360000,360000,4320000
R008109,2024-12-01,C0281,P002,Recurring,360000,0,360000,360000,4320000
R008110,2025-01-01,C0281,P002,Recurring,360000,0,360000,360000,4320000
R008111,2025-02-01,C0281,P002,Recurring,360000,0,360000,360000,4320000
R008112,2025-03-01,C0281,P002,Recurring,360000,0,360000,360000,4320000
R008113,2025-07-01,C0281,P002,Reactivation,0,360000,360000,360000,4320000
R008114,2025-08-01,C0281,P002,Recurring,360000,0,360000,360000,4320000
R008115,2025-09-01,C0281,P002,Recurring,360000,0,360000,360000,4320000
R008116,2025-10-01,C0281,P002,Recurring,360000,0,360000,360000,4320000
R008117,2025-11-01,C0281,P002,Recurring,360000,0,360000,360000,4320000
R008118,2025-12-01,C0281,P002,Recurring,360000,0,360000,360000,4320000
R008119,2024-06-01,C0282,P002,New,0,420000,420000,420000,5040000
R008120,2024-07-01,C0282,P002,Recurring,420000,0,420000,420000,5040000
R008121,2024-08-01,C0282,P002,Recurring,420000,0,420000,420000,5040000
R008122,2024-09-01,C0282,P002,Recurring,420000,0,420000,420000,5040000
R008123,2024-10-01,C0282,P002,Recurring,420000,0,420000,420000,5040000
R008124,2024-11-01,C0282,P002,Recurring,420000,0,420000,420000,5040000
R008125,2024-12-01,C0282,P002,Recurring,420000,0,420000,420000,5040000
R008126,2025-01-01,C0282,P002,Recurring,420000,0,420000,420000,5040000
R008127,2025-02-01,C0282,P002,Recurring,420000,0,420000,420000,5040000
R008128,2025-03-01,C0282,P002,Recurring,420000,0,420000,420000,5040000
R008129,2025-04-01,C0282,P002,Recurring,420000,0,420000,420000,5040000
R008130,2025-05-01,C0282,P002,Recurring,420000,0,420000,420000,5040000
R008131,2025-06-01,C0282,P002,Recurring,420000,0,420000,420000,5040000
R008132,2025-07-01,C0282,P002,Recurring,420000,0,420000,420000,5040000
R008133,2025-08-01,C0282,P002,Recurring,420000,0,420000,420000,5040000
R008134,2025-09-01,C0282,P002,Recurring,420000,0,420000,420000,5040000
R008135,2025-10-01,C0282,P002,Recurring,420000,0,420000,420000,5040000
R008136,2025-11-01,C0282,P002,Recurring,420000,0,420000,420000,5040000
R008137,2025-12-01,C0282,P002,Recurring,420000,0,420000,420000,5040000
R008138,2024-06-01,C0283,P001,New,0,90000,90000,90000,1080000
R008139,2024-07-01,C0283,P001,Recurring,90000,0,90000,90000,1080000
R008140,2024-08-01,C0283,P001,Recurring,90000,0,90000,90000,1080000
R008141,2024-09-01,C0283,P001,Recurring,90000,0,90000,90000,1080000
R008142,2024-10-01,C0283,P001,Recurring,90000,0,90000,90000,1080000
R008143,2024-11-01,C0283,P001,Recurring,90000,0,90000,90000,1080000
R008144,2024-12-01,C0283,P001,Recurring,90000,0,90000,90000,1080000
R008145,2025-01-01,C0283,P001,Recurring,90000,0,90000,90000,1080000
R008146,2025-02-01,C0283,P001,Expansion,90000,10000,100000,100000,1200000
R008147,2025-03-01,C0283,P001,Recurring,100000,0,100000,100000,1200000
R008148,2025-04-01,C0283,P001,Recurring,100000,0,100000,100000,1200000
R008149,2025-05-01,C0283,P001,Recurring,100000,0,100000,100000,1200000
R008150,2025-06-01,C0283,P001,Recurring,100000,0,100000,100000,1200000
R008151,2025-07-01,C0283,P001,Recurring,100000,0,100000,100000,1200000
R008152,2025-08-01,C0283,P001,Recurring,100000,0,100000,100000,1200000
R008153,2025-09-01,C0283,P001,Recurring,100000,0,100000,100000,1200000
R008154,2025-10-01,C0283,P001,Recurring,100000,0,100000,100000,1200000
R008155,2025-11-01,C0283,P001,Recurring,100000,0,100000,100000,1200000
R008156,2025-12-01,C0283,P001,Recurring,100000,0,100000,100000,1200000
R008157,2024-06-01,C0284,P002,New,0,340000,340000,340000,4080000
R008158,2024-07-01,C0284,P002,Recurring,340000,0,340000,340000,4080000
R008159,2024-08-01,C0284,P002,Recurring,340000,0,340000,340000,4080000
R008160,2024-09-01,C0284,P002,Recurring,340000,0,340000,340000,4080000
R008161,2024-10-01,C0284,P002,Recurring,340000,0,340000,340000,4080000
R008162,2024-11-01,C0284,P002,Recurring,340000,0,340000,340000,4080000
R008163,2024-12-01,C0284,P002,Recurring,340000,0,340000,340000,4080000
R008164,2025-01-01,C0284,P002,Recurring,340000,0,340000,340000,4080000
R008165,2025-02-01,C0284,P002,Recurring,340000,0,340000,340000,4080000
R008166,2025-03-01,C0284,P002,Recurring,340000,0,340000,340000,4080000
R008167,2025-04-01,C0284,P002,Recurring,340000,0,340000,340000,4080000
R008168,2025-05-01,C0284,P002,Recurring,340000,0,340000,340000,4080000
R008169,2025-06-01,C0284,P002,Recurring,340000,0,340000,340000,4080000
R008170,2025-07-01,C0284,P002,Recurring,340000,0,340000,340000,4080000
R008171,2025-08-01,C0284,P002,Recurring,340000,0,340000,340000,4080000
R008172,2025-09-01,C0284,P002,Recurring,340000,0,340000,340000,4080000
R008173,2025-10-01,C0284,P002,Recurring,340000,0,340000,340000,4080000
R008174,2025-11-01,C0284,P002,Recurring,340000,0,340000,340000,4080000
R008175,2025-12-01,C0284,P002,Expansion,340000,45000,385000,385000,4620000
R008176,2024-06-01,C0285,P001,New,0,100000,100000,100000,1200000
R008177,2024-07-01,C0285,P001,Recurring,100000,0,100000,100000,1200000
R008178,2024-08-01,C0285,P001,Recurring,100000,0,100000,100000,1200000
R008179,2024-09-01,C0285,P001,Recurring,100000,0,100000,100000,1200000
R008180,2024-10-01,C0285,P001,Recurring,100000,0,100000,100000,1200000
R008181,2024-11-01,C0285,P001,Recurring,100000,0,100000,100000,1200000
R008182,2024-12-01,C0285,P001,Recurring,100000,0,100000,100000,1200000
R008183,2025-01-01,C0285,P001,Recurring,100000,0,100000,100000,1200000
R008184,2025-02-01,C0285,P001,Recurring,100000,0,100000,100000,1200000
R008185,2025-03-01,C0285,P001,Recurring,100000,0,100000,100000,1200000
R008186,2025-04-01,C0285,P001,Expansion,100000,5000,105000,105000,1260000
R008187,2025-05-01,C0285,P001,Recurring,105000,0,105000,105000,1260000
R008188,2025-06-01,C0285,P001,Recurring,105000,0,105000,105000,1260000
R008189,2025-07-01,C0285,P001,Recurring,105000,0,105000,105000,1260000
R008190,2025-08-01,C0285,P001,Recurring,105000,0,105000,105000,1260000
R008191,2025-09-01,C0285,P001,Recurring,105000,0,105000,105000,1260000
R008192,2025-10-01,C0285,P001,Recurring,105000,0,105000,105000,1260000
R008193,2025-11-01,C0285,P001,Recurring,105000,0,105000,105000,1260000
R008194,2025-12-01,C0285,P001,Recurring,105000,0,105000,105000,1260000
R008195,2024-06-01,C0286,P001,New,0,90000,90000,90000,1080000
R008196,2024-07-01,C0286,P001,Recurring,90000,0,90000,90000,1080000
R008197,2024-08-01,C0286,P001,Recurring,90000,0,90000,90000,1080000
R008198,2024-09-01,C0286,P001,Recurring,90000,0,90000,90000,1080000
R008199,2024-10-01,C0286,P001,Recurring,90000,0,90000,90000,1080000
R008200,2024-11-01,C0286,P001,Recurring,90000,0,90000,90000,1080000
R008201,2024-12-01,C0286,P001,Recurring,90000,0,90000,90000,1080000
R008202,2025-01-01,C0286,P001,Expansion,90000,15000,105000,105000,1260000
R008203,2025-02-01,C0286,P001,Recurring,105000,0,105000,105000,1260000
R008204,2025-03-01,C0286,P001,Recurring,105000,0,105000,105000,1260000
R008205,2025-04-01,C0286,P001,Recurring,105000,0,105000,105000,1260000
R008206,2025-05-01,C0286,P001,Recurring,105000,0,105000,105000,1260000
R008207,2024-06-01,C0287,P002,New,0,440000,440000,440000,5280000
R008208,2024-07-01,C0287,P002,Recurring,440000,0,440000,440000,5280000
R008209,2024-08-01,C0287,P002,Recurring,440000,0,440000,440000,5280000
R008210,2024-09-01,C0287,P002,Recurring,440000,0,440000,440000,5280000
R008211,2024-10-01,C0287,P002,Recurring,440000,0,440000,440000,5280000
R008212,2024-11-01,C0287,P002,Recurring,440000,0,440000,440000,5280000
R008213,2024-12-01,C0287,P002,Recurring,440000,0,440000,440000,5280000
R008214,2025-01-01,C0287,P002,Recurring,440000,0,440000,440000,5280000
R008215,2025-02-01,C0287,P002,Recurring,440000,0,440000,440000,5280000
R008216,2025-03-01,C0287,P002,Recurring,440000,0,440000,440000,5280000
R008217,2025-04-01,C0287,P002,Recurring,440000,0,440000,440000,5280000
R008218,2025-05-01,C0287,P002,Recurring,440000,0,440000,440000,5280000
R008219,2025-06-01,C0287,P002,Recurring,440000,0,440000,440000,5280000
R008220,2025-07-01,C0287,P002,Recurring,440000,0,440000,440000,5280000
R008221,2025-08-01,C0287,P002,Recurring,440000,0,440000,440000,5280000
R008222,2025-09-01,C0287,P002,Recurring,440000,0,440000,440000,5280000
R008223,2025-10-01,C0287,P002,Expansion,440000,55000,495000,495000,5940000
R008224,2025-11-01,C0287,P002,Recurring,495000,0,495000,495000,5940000
R008225,2025-12-01,C0287,P002,Recurring,495000,0,495000,495000,5940000
R008226,2024-06-01,C0288,P001,New,0,130000,130000,130000,1560000
R008227,2024-07-01,C0288,P001,Recurring,130000,0,130000,130000,1560000
R008228,2024-08-01,C0288,P001,Recurring,130000,0,130000,130000,1560000
R008229,2024-09-01,C0288,P001,Recurring,130000,0,130000,130000,1560000
R008230,2024-10-01,C0288,P001,Recurring,130000,0,130000,130000,1560000
R008231,2024-11-01,C0288,P001,Recurring,130000,0,130000,130000,1560000
R008232,2024-12-01,C0288,P001,Recurring,130000,0,130000,130000,1560000
R008233,2025-01-01,C0288,P001,Recurring,130000,0,130000,130000,1560000
R008234,2025-02-01,C0288,P001,Recurring,130000,0,130000,130000,1560000
R008235,2025-03-01,C0288,P001,Recurring,130000,0,130000,130000,1560000
R008236,2025-04-01,C0288,P001,Recurring,130000,0,130000,130000,1560000
R008237,2025-05-01,C0288,P001,Recurring,130000,0,130000,130000,1560000
R008238,2025-06-01,C0288,P001,Recurring,130000,0,130000,130000,1560000
R008239,2025-07-01,C0288,P001,Recurring,130000,0,130000,130000,1560000
R008240,2025-08-01,C0288,P001,Recurring,130000,0,130000,130000,1560000
R008241,2025-09-01,C0288,P002,Upgrade,130000,120000,250000,250000,3000000
R008242,2025-10-01,C0288,P002,Recurring,250000,0,250000,250000,3000000
R008243,2025-11-01,C0288,P002,Recurring,250000,0,250000,250000,3000000
R008244,2025-12-01,C0288,P002,Recurring,250000,0,250000,250000,3000000
R008245,2024-06-01,C0289,P002,New,0,400000,400000,400000,4800000
R008246,2024-07-01,C0289,P002,Recurring,400000,0,400000,400000,4800000
R008247,2024-08-01,C0289,P002,Recurring,400000,0,400000,400000,4800000
R008248,2024-09-01,C0289,P002,Recurring,400000,0,400000,400000,4800000
R008249,2024-10-01,C0289,P002,Recurring,400000,0,400000,400000,4800000
R008250,2024-11-01,C0289,P002,Recurring,400000,0,400000,400000,4800000
R008251,2024-12-01,C0289,P002,Recurring,400000,0,400000,400000,4800000
R008252,2025-01-01,C0289,P002,Recurring,400000,0,400000,400000,4800000
R008253,2025-02-01,C0289,P002,Recurring,400000,0,400000,400000,4800000
R008254,2025-03-01,C0289,P002,Recurring,400000,0,400000,400000,4800000
R008255,2025-04-01,C0289,P002,Recurring,400000,0,400000,400000,4800000
R008256,2025-05-01,C0289,P002,Recurring,400000,0,400000,400000,4800000
R008257,2025-06-01,C0289,P002,Recurring,400000,0,400000,400000,4800000
R008258,2025-07-01,C0289,P002,Recurring,400000,0,400000,400000,4800000
R008259,2025-08-01,C0289,P002,Recurring,400000,0,400000,400000,4800000
R008260,2025-09-01,C0289,P002,Recurring,400000,0,400000,400000,4800000
R008261,2025-10-01,C0289,P002,Recurring,400000,0,400000,400000,4800000
R008262,2025-11-01,C0289,P002,Recurring,400000,0,400000,400000,4800000
R008263,2025-12-01,C0289,P002,Recurring,400000,0,400000,400000,4800000
R008264,2024-06-01,C0290,P001,New,0,160000,160000,160000,1920000
R008265,2024-07-01,C0290,P001,Recurring,160000,0,160000,160000,1920000
R008266,2024-08-01,C0290,P001,Recurring,160000,0,160000,160000,1920000
R008267,2024-09-01,C0290,P001,Recurring,160000,0,160000,160000,1920000
R008268,2024-10-01,C0290,P001,Recurring,160000,0,160000,160000,1920000
R008269,2024-11-01,C0290,P001,Recurring,160000,0,160000,160000,1920000
R008270,2024-12-01,C0290,P001,Recurring,160000,0,160000,160000,1920000
R008271,2025-01-01,C0290,P001,Recurring,160000,0,160000,160000,1920000
R008272,2025-02-01,C0290,P001,Recurring,160000,0,160000,160000,1920000
R008273,2025-03-01,C0290,P001,Recurring,160000,0,160000,160000,1920000
R008274,2025-04-01,C0290,P001,Recurring,160000,0,160000,160000,1920000
R008275,2025-05-01,C0290,P002,Upgrade,160000,105000,265000,265000,3180000
R008276,2025-06-01,C0290,P002,Recurring,265000,0,265000,265000,3180000
R008277,2025-07-01,C0290,P002,Recurring,265000,0,265000,265000,3180000
R008278,2025-08-01,C0290,P002,Recurring,265000,0,265000,265000,3180000
R008279,2025-09-01,C0290,P002,Recurring,265000,0,265000,265000,3180000
R008280,2025-10-01,C0290,P002,Recurring,265000,0,265000,265000,3180000
R008281,2025-11-01,C0290,P002,Recurring,265000,0,265000,265000,3180000
R008282,2025-12-01,C0290,P002,Recurring,265000,0,265000,265000,3180000
R008283,2024-06-01,C0291,P002,New,0,440000,440000,440000,5280000
R008284,2024-07-01,C0291,P002,Recurring,440000,0,440000,440000,5280000
R008285,2024-08-01,C0291,P002,Recurring,440000,0,440000,440000,5280000
R008286,2024-09-01,C0291,P002,Recurring,440000,0,440000,440000,5280000
R008287,2024-10-01,C0291,P002,Recurring,440000,0,440000,440000,5280000
R008288,2024-11-01,C0291,P002,Recurring,440000,0,440000,440000,5280000
R008289,2024-12-01,C0291,P002,Recurring,440000,0,440000,440000,5280000
R008290,2025-01-01,C0291,P002,Recurring,440000,0,440000,440000,5280000
R008291,2025-02-01,C0291,P002,Recurring,440000,0,440000,440000,5280000
R008292,2025-03-01,C0291,P002,Expansion,440000,75000,515000,515000,6180000
R008293,2025-04-01,C0291,P002,Recurring,515000,0,515000,515000,6180000
R008294,2025-05-01,C0291,P002,Recurring,515000,0,515000,515000,6180000
R008295,2025-06-01,C0291,P002,Recurring,515000,0,515000,515000,6180000
R008296,2025-07-01,C0291,P002,Recurring,515000,0,515000,515000,6180000
R008297,2025-08-01,C0291,P002,Recurring,515000,0,515000,515000,6180000
R008298,2025-09-01,C0291,P002,Recurring,515000,0,515000,515000,6180000
R008299,2024-06-01,C0292,P002,New,0,310000,310000,310000,3720000
R008300,2024-07-01,C0292,P002,Recurring,310000,0,310000,310000,3720000
R008301,2024-08-01,C0292,P002,Recurring,310000,0,310000,310000,3720000
R008302,2024-09-01,C0292,P002,Recurring,310000,0,310000,310000,3720000
R008303,2024-10-01,C0292,P002,Recurring,310000,0,310000,310000,3720000
R008304,2024-11-01,C0292,P002,Recurring,310000,0,310000,310000,3720000
R008305,2024-12-01,C0292,P002,Recurring,310000,0,310000,310000,3720000
R008306,2025-01-01,C0292,P002,Recurring,310000,0,310000,310000,3720000
R008307,2025-02-01,C0292,P002,Recurring,310000,0,310000,310000,3720000
R008308,2025-07-01,C0292,P002,Reactivation,0,310000,310000,310000,3720000
R008309,2025-08-01,C0292,P002,Recurring,310000,0,310000,310000,3720000
R008310,2025-09-01,C0292,P002,Recurring,310000,0,310000,310000,3720000
R008311,2025-10-01,C0292,P002,Recurring,310000,0,310000,310000,3720000
R008312,2025-11-01,C0292,P002,Recurring,310000,0,310000,310000,3720000
R008313,2025-12-01,C0292,P002,Recurring,310000,0,310000,310000,3720000
R008314,2024-07-01,C0293,P002,New,0,410000,410000,410000,4920000
R008315,2024-08-01,C0293,P002,Recurring,410000,0,410000,410000,4920000
R008316,2024-09-01,C0293,P002,Recurring,410000,0,410000,410000,4920000
R008317,2024-10-01,C0293,P002,Recurring,410000,0,410000,410000,4920000
R008318,2024-11-01,C0293,P002,Recurring,410000,0,410000,410000,4920000
R008319,2024-12-01,C0293,P002,Recurring,410000,0,410000,410000,4920000
R008320,2025-01-01,C0293,P002,Recurring,410000,0,410000,410000,4920000
R008321,2025-02-01,C0293,P002,Recurring,410000,0,410000,410000,4920000
R008322,2025-03-01,C0293,P002,Recurring,410000,0,410000,410000,4920000
R008323,2025-04-01,C0293,P002,Recurring,410000,0,410000,410000,4920000
R008324,2025-05-01,C0293,P002,Recurring,410000,0,410000,410000,4920000
R008325,2025-06-01,C0293,P002,Recurring,410000,0,410000,410000,4920000
R008326,2025-07-01,C0293,P002,Recurring,410000,0,410000,410000,4920000
R008327,2025-08-01,C0293,P002,Recurring,410000,0,410000,410000,4920000
R008328,2025-09-01,C0293,P002,Expansion,410000,70000,480000,480000,5760000
R008329,2025-10-01,C0293,P002,Recurring,480000,0,480000,480000,5760000
R008330,2025-11-01,C0293,P002,Recurring,480000,0,480000,480000,5760000
R008331,2025-12-01,C0293,P002,Recurring,480000,0,480000,480000,5760000
R008332,2024-07-01,C0294,P001,New,0,115000,115000,115000,1380000
R008333,2024-08-01,C0294,P001,Recurring,115000,0,115000,115000,1380000
R008334,2024-09-01,C0294,P001,Recurring,115000,0,115000,115000,1380000
R008335,2024-10-01,C0294,P001,Recurring,115000,0,115000,115000,1380000
R008336,2024-11-01,C0294,P001,Recurring,115000,0,115000,115000,1380000
R008337,2024-12-01,C0294,P001,Recurring,115000,0,115000,115000,1380000
R008338,2025-01-01,C0294,P001,Recurring,115000,0,115000,115000,1380000
R008339,2025-02-01,C0294,P001,Recurring,115000,0,115000,115000,1380000
R008340,2025-03-01,C0294,P001,Recurring,115000,0,115000,115000,1380000
R008341,2025-04-01,C0294,P001,Recurring,115000,0,115000,115000,1380000
R008342,2025-05-01,C0294,P001,Recurring,115000,0,115000,115000,1380000
R008343,2025-06-01,C0294,P001,Recurring,115000,0,115000,115000,1380000
R008344,2025-09-01,C0294,P001,Reactivation,0,115000,115000,115000,1380000
R008345,2025-10-01,C0294,P001,Recurring,115000,0,115000,115000,1380000
R008346,2025-11-01,C0294,P001,Recurring,115000,0,115000,115000,1380000
R008347,2025-12-01,C0294,P001,Recurring,115000,0,115000,115000,1380000
R008348,2024-07-01,C0295,P001,New,0,155000,155000,155000,1860000
R008349,2024-08-01,C0295,P001,Recurring,155000,0,155000,155000,1860000
R008350,2024-09-01,C0295,P001,Recurring,155000,0,155000,155000,1860000
R008351,2024-10-01,C0295,P001,Recurring,155000,0,155000,155000,1860000
R008352,2024-11-01,C0295,P001,Recurring,155000,0,155000,155000,1860000
R008353,2024-12-01,C0295,P001,Recurring,155000,0,155000,155000,1860000
R008354,2025-01-01,C0295,P001,Recurring,155000,0,155000,155000,1860000
R008355,2025-02-01,C0295,P001,Recurring,155000,0,155000,155000,1860000
R008356,2025-03-01,C0295,P001,Recurring,155000,0,155000,155000,1860000
R008357,2025-04-01,C0295,P001,Recurring,155000,0,155000,155000,1860000
R008358,2025-05-01,C0295,P001,Recurring,155000,0,155000,155000,1860000
R008359,2025-06-01,C0295,P001,Recurring,155000,0,155000,155000,1860000
R008360,2025-07-01,C0295,P001,Recurring,155000,0,155000,155000,1860000
R008361,2025-08-01,C0295,P001,Recurring,155000,0,155000,155000,1860000
R008362,2025-09-01,C0295,P002,Upgrade,155000,150000,305000,305000,3660000
R008363,2025-10-01,C0295,P002,Recurring,305000,0,305000,305000,3660000
R008364,2025-11-01,C0295,P002,Recurring,305000,0,305000,305000,3660000
R008365,2025-12-01,C0295,P002,Recurring,305000,0,305000,305000,3660000
R008366,2024-07-01,C0296,P002,New,0,310000,310000,310000,3720000
R008367,2024-08-01,C0296,P002,Recurring,310000,0,310000,310000,3720000
R008368,2024-09-01,C0296,P002,Recurring,310000,0,310000,310000,3720000
R008369,2024-10-01,C0296,P002,Recurring,310000,0,310000,310000,3720000
R008370,2024-11-01,C0296,P002,Recurring,310000,0,310000,310000,3720000
R008371,2024-12-01,C0296,P002,Recurring,310000,0,310000,310000,3720000
R008372,2025-01-01,C0296,P002,Recurring,310000,0,310000,310000,3720000
R008373,2025-02-01,C0296,P002,Recurring,310000,0,310000,310000,3720000
R008374,2025-03-01,C0296,P002,Recurring,310000,0,310000,310000,3720000
R008375,2025-04-01,C0296,P002,Recurring,310000,0,310000,310000,3720000
R008376,2025-05-01,C0296,P002,Recurring,310000,0,310000,310000,3720000
R008377,2025-06-01,C0296,P002,Recurring,310000,0,310000,310000,3720000
R008378,2025-07-01,C0296,P002,Recurring,310000,0,310000,310000,3720000
R008379,2025-08-01,C0296,P002,Recurring,310000,0,310000,310000,3720000
R008380,2025-09-01,C0296,P002,Recurring,310000,0,310000,310000,3720000
R008381,2025-10-01,C0296,P002,Recurring,310000,0,310000,310000,3720000
R008382,2025-11-01,C0296,P002,Recurring,310000,0,310000,310000,3720000
R008383,2025-12-01,C0296,P002,Recurring,310000,0,310000,310000,3720000
R008384,2024-07-01,C0297,P001,New,0,145000,145000,145000,1740000
R008385,2024-08-01,C0297,P001,Recurring,145000,0,145000,145000,1740000
R008386,2024-09-01,C0297,P001,Recurring,145000,0,145000,145000,1740000
R008387,2024-10-01,C0297,P001,Recurring,145000,0,145000,145000,1740000
R008388,2024-11-01,C0297,P001,Recurring,145000,0,145000,145000,1740000
R008389,2024-12-01,C0297,P001,Recurring,145000,0,145000,145000,1740000
R008390,2025-01-01,C0297,P001,Recurring,145000,0,145000,145000,1740000
R008391,2025-02-01,C0297,P001,Recurring,145000,0,145000,145000,1740000
R008392,2025-03-01,C0297,P001,Recurring,145000,0,145000,145000,1740000
R008393,2025-04-01,C0297,P001,Recurring,145000,0,145000,145000,1740000
R008394,2025-05-01,C0297,P001,Recurring,145000,0,145000,145000,1740000
R008395,2025-06-01,C0297,P001,Recurring,145000,0,145000,145000,1740000
R008396,2025-07-01,C0297,P001,Recurring,145000,0,145000,145000,1740000
R008397,2025-08-01,C0297,P001,Recurring,145000,0,145000,145000,1740000
R008398,2025-09-01,C0297,P001,Recurring,145000,0,145000,145000,1740000
R008399,2025-10-01,C0297,P001,Recurring,145000,0,145000,145000,1740000
R008400,2025-11-01,C0297,P001,Recurring,145000,0,145000,145000,1740000
R008401,2025-12-01,C0297,P001,Recurring,145000,0,145000,145000,1740000
R008402,2024-07-01,C0298,P001,New,0,100000,100000,100000,1200000
R008403,2024-08-01,C0298,P001,Recurring,100000,0,100000,100000,1200000
R008404,2024-09-01,C0298,P001,Recurring,100000,0,100000,100000,1200000
R008405,2024-10-01,C0298,P001,Recurring,100000,0,100000,100000,1200000
R008406,2024-11-01,C0298,P001,Recurring,100000,0,100000,100000,1200000
R008407,2024-12-01,C0298,P001,Recurring,100000,0,100000,100000,1200000
R008408,2025-01-01,C0298,P001,Recurring,100000,0,100000,100000,1200000
R008409,2025-02-01,C0298,P001,Recurring,100000,0,100000,100000,1200000
R008410,2025-03-01,C0298,P001,Recurring,100000,0,100000,100000,1200000
R008411,2025-04-01,C0298,P001,Recurring,100000,0,100000,100000,1200000
R008412,2025-05-01,C0298,P001,Expansion,100000,15000,115000,115000,1380000
R008413,2025-06-01,C0298,P001,Recurring,115000,0,115000,115000,1380000
R008414,2025-07-01,C0298,P001,Recurring,115000,0,115000,115000,1380000
R008415,2025-08-01,C0298,P001,Recurring,115000,0,115000,115000,1380000
R008416,2025-09-01,C0298,P001,Recurring,115000,0,115000,115000,1380000
R008417,2025-10-01,C0298,P001,Recurring,115000,0,115000,115000,1380000
R008418,2025-11-01,C0298,P001,Recurring,115000,0,115000,115000,1380000
R008419,2025-12-01,C0298,P001,Recurring,115000,0,115000,115000,1380000
R008420,2024-07-01,C0299,P002,New,0,490000,490000,490000,5880000
R008421,2024-08-01,C0299,P002,Recurring,490000,0,490000,490000,5880000
R008422,2024-09-01,C0299,P002,Recurring,490000,0,490000,490000,5880000
R008423,2024-10-01,C0299,P002,Recurring,490000,0,490000,490000,5880000
R008424,2024-11-01,C0299,P002,Recurring,490000,0,490000,490000,5880000
R008425,2024-12-01,C0299,P002,Recurring,490000,0,490000,490000,5880000
R008426,2025-01-01,C0299,P002,Recurring,490000,0,490000,490000,5880000
R008427,2025-02-01,C0299,P002,Recurring,490000,0,490000,490000,5880000
R008428,2025-03-01,C0299,P002,Recurring,490000,0,490000,490000,5880000
R008429,2025-04-01,C0299,P002,Recurring,490000,0,490000,490000,5880000
R008430,2025-05-01,C0299,P002,Recurring,490000,0,490000,490000,5880000
R008431,2025-06-01,C0299,P002,Recurring,490000,0,490000,490000,5880000
R008432,2025-07-01,C0299,P002,Recurring,490000,0,490000,490000,5880000
R008433,2025-08-01,C0299,P002,Expansion,490000,50000,540000,540000,6480000
R008434,2025-09-01,C0299,P002,Recurring,540000,0,540000,540000,6480000
R008435,2025-10-01,C0299,P002,Recurring,540000,0,540000,540000,6480000
R008436,2025-11-01,C0299,P002,Recurring,540000,0,540000,540000,6480000
R008437,2025-12-01,C0299,P002,Recurring,540000,0,540000,540000,6480000
R008438,2024-07-01,C0300,P001,New,0,150000,150000,150000,1800000
R008439,2024-08-01,C0300,P001,Recurring,150000,0,150000,150000,1800000
R008440,2024-09-01,C0300,P001,Recurring,150000,0,150000,150000,1800000
R008441,2024-10-01,C0300,P001,Recurring,150000,0,150000,150000,1800000
R008442,2024-11-01,C0300,P001,Recurring,150000,0,150000,150000,1800000
R008443,2024-12-01,C0300,P001,Recurring,150000,0,150000,150000,1800000
R008444,2025-01-01,C0300,P001,Recurring,150000,0,150000,150000,1800000
R008445,2025-02-01,C0300,P001,Recurring,150000,0,150000,150000,1800000
R008446,2025-03-01,C0300,P001,Recurring,150000,0,150000,150000,1800000
R008447,2025-04-01,C0300,P001,Recurring,150000,0,150000,150000,1800000
R008448,2025-05-01,C0300,P001,Recurring,150000,0,150000,150000,1800000
R008449,2025-06-01,C0300,P001,Recurring,150000,0,150000,150000,1800000
R008450,2025-07-01,C0300,P001,Recurring,150000,0,150000,150000,1800000
R008451,2025-08-01,C0300,P001,Recurring,150000,0,150000,150000,1800000
R008452,2025-09-01,C0300,P001,Recurring,150000,0,150000,150000,1800000
R008453,2025-10-01,C0300,P001,Recurring,150000,0,150000,150000,1800000
R008454,2025-11-01,C0300,P002,Upgrade,150000,100000,250000,250000,3000000
R008455,2025-12-01,C0300,P002,Recurring,250000,0,250000,250000,3000000
R008456,2024-07-01,C0301,P002,New,0,270000,270000,270000,3240000
R008457,2024-08-01,C0301,P002,Recurring,270000,0,270000,270000,3240000
R008458,2024-09-01,C0301,P002,Recurring,270000,0,270000,270000,3240000
R008459,2024-10-01,C0301,P002,Recurring,270000,0,270000,270000,3240000
R008460,2024-11-01,C0301,P002,Recurring,270000,0,270000,270000,3240000
R008461,2024-12-01,C0301,P002,Recurring,270000,0,270000,270000,3240000
R008462,2025-01-01,C0301,P002,Recurring,270000,0,270000,270000,3240000
R008463,2025-02-01,C0301,P002,Recurring,270000,0,270000,270000,3240000
R008464,2025-03-01,C0301,P002,Recurring,270000,0,270000,270000,3240000
R008465,2025-04-01,C0301,P002,Expansion,270000,40000,310000,310000,3720000
R008466,2025-05-01,C0301,P002,Recurring,310000,0,310000,310000,3720000
R008467,2025-06-01,C0301,P002,Recurring,310000,0,310000,310000,3720000
R008468,2025-07-01,C0301,P002,Recurring,310000,0,310000,310000,3720000
R008469,2025-08-01,C0301,P002,Recurring,310000,0,310000,310000,3720000
R008470,2025-09-01,C0301,P002,Recurring,310000,0,310000,310000,3720000
R008471,2025-10-01,C0301,P002,Recurring,310000,0,310000,310000,3720000
R008472,2025-11-01,C0301,P002,Recurring,310000,0,310000,310000,3720000
R008473,2025-12-01,C0301,P002,Recurring,310000,0,310000,310000,3720000
R008474,2024-07-01,C0302,P002,New,0,350000,350000,350000,4200000
R008475,2024-08-01,C0302,P002,Recurring,350000,0,350000,350000,4200000
R008476,2024-09-01,C0302,P002,Recurring,350000,0,350000,350000,4200000
R008477,2024-10-01,C0302,P002,Recurring,350000,0,350000,350000,4200000
R008478,2024-11-01,C0302,P002,Recurring,350000,0,350000,350000,4200000
R008479,2024-12-01,C0302,P002,Recurring,350000,0,350000,350000,4200000
R008480,2025-01-01,C0302,P002,Recurring,350000,0,350000,350000,4200000
R008481,2025-02-01,C0302,P002,Recurring,350000,0,350000,350000,4200000
R008482,2025-03-01,C0302,P002,Recurring,350000,0,350000,350000,4200000
R008483,2025-04-01,C0302,P002,Recurring,350000,0,350000,350000,4200000
R008484,2025-05-01,C0302,P002,Recurring,350000,0,350000,350000,4200000
R008485,2025-06-01,C0302,P002,Recurring,350000,0,350000,350000,4200000
R008486,2025-07-01,C0302,P002,Recurring,350000,0,350000,350000,4200000
R008487,2025-08-01,C0302,P002,Recurring,350000,0,350000,350000,4200000
R008488,2025-09-01,C0302,P002,Expansion,350000,50000,400000,400000,4800000
R008489,2025-10-01,C0302,P002,Recurring,400000,0,400000,400000,4800000
R008490,2025-11-01,C0302,P002,Recurring,400000,0,400000,400000,4800000
R008491,2025-12-01,C0302,P002,Recurring,400000,0,400000,400000,4800000
R008492,2024-07-01,C0303,P002,New,0,390000,390000,390000,4680000
R008493,2024-08-01,C0303,P002,Recurring,390000,0,390000,390000,4680000
R008494,2024-09-01,C0303,P002,Recurring,390000,0,390000,390000,4680000
R008495,2024-10-01,C0303,P002,Recurring,390000,0,390000,390000,4680000
R008496,2024-11-01,C0303,P002,Recurring,390000,0,390000,390000,4680000
R008497,2024-12-01,C0303,P002,Recurring,390000,0,390000,390000,4680000
R008498,2025-01-01,C0303,P002,Recurring,390000,0,390000,390000,4680000
R008499,2025-02-01,C0303,P002,Recurring,390000,0,390000,390000,4680000
R008500,2025-03-01,C0303,P002,Expansion,390000,45000,435000,435000,5220000
R008501,2025-04-01,C0303,P002,Recurring,435000,0,435000,435000,5220000
R008502,2025-05-01,C0303,P002,Recurring,435000,0,435000,435000,5220000
R008503,2025-06-01,C0303,P002,Recurring,435000,0,435000,435000,5220000
R008504,2025-07-01,C0303,P002,Recurring,435000,0,435000,435000,5220000
R008505,2025-08-01,C0303,P002,Recurring,435000,0,435000,435000,5220000
R008506,2025-09-01,C0303,P002,Recurring,435000,0,435000,435000,5220000
R008507,2025-10-01,C0303,P002,Recurring,435000,0,435000,435000,5220000
R008508,2025-11-01,C0303,P002,Recurring,435000,0,435000,435000,5220000
R008509,2025-12-01,C0303,P002,Recurring,435000,0,435000,435000,5220000
R008510,2024-07-01,C0304,P002,New,0,400000,400000,400000,4800000
R008511,2024-08-01,C0304,P002,Recurring,400000,0,400000,400000,4800000
R008512,2024-09-01,C0304,P002,Recurring,400000,0,400000,400000,4800000
R008513,2024-10-01,C0304,P002,Recurring,400000,0,400000,400000,4800000
R008514,2024-11-01,C0304,P002,Recurring,400000,0,400000,400000,4800000
R008515,2024-12-01,C0304,P002,Recurring,400000,0,400000,400000,4800000
R008516,2025-01-01,C0304,P002,Recurring,400000,0,400000,400000,4800000
R008517,2025-02-01,C0304,P002,Recurring,400000,0,400000,400000,4800000
R008518,2025-03-01,C0304,P002,Recurring,400000,0,400000,400000,4800000
R008519,2025-04-01,C0304,P002,Recurring,400000,0,400000,400000,4800000
R008520,2025-05-01,C0304,P002,Recurring,400000,0,400000,400000,4800000
R008521,2025-06-01,C0304,P002,Recurring,400000,0,400000,400000,4800000
R008522,2025-07-01,C0304,P002,Recurring,400000,0,400000,400000,4800000
R008523,2025-08-01,C0304,P002,Recurring,400000,0,400000,400000,4800000
R008524,2025-09-01,C0304,P002,Recurring,400000,0,400000,400000,4800000
R008525,2025-10-01,C0304,P002,Expansion,400000,35000,435000,435000,5220000
R008526,2025-11-01,C0304,P002,Recurring,435000,0,435000,435000,5220000
R008527,2025-12-01,C0304,P002,Recurring,435000,0,435000,435000,5220000
R008528,2024-08-01,C0305,P001,New,0,105000,105000,105000,1260000
R008529,2024-09-01,C0305,P001,Recurring,105000,0,105000,105000,1260000
R008530,2024-10-01,C0305,P001,Recurring,105000,0,105000,105000,1260000
R008531,2024-11-01,C0305,P001,Recurring,105000,0,105000,105000,1260000
R008532,2024-12-01,C0305,P001,Recurring,105000,0,105000,105000,1260000
R008533,2025-01-01,C0305,P001,Recurring,105000,0,105000,105000,1260000
R008534,2025-02-01,C0305,P001,Recurring,105000,0,105000,105000,1260000
R008535,2025-03-01,C0305,P001,Recurring,105000,0,105000,105000,1260000
R008536,2025-04-01,C0305,P001,Recurring,105000,0,105000,105000,1260000
R008537,2025-05-01,C0305,P001,Recurring,105000,0,105000,105000,1260000
R008538,2025-06-01,C0305,P001,Recurring,105000,0,105000,105000,1260000
R008539,2025-07-01,C0305,P001,Recurring,105000,0,105000,105000,1260000
R008540,2025-08-01,C0305,P001,Recurring,105000,0,105000,105000,1260000
R008541,2025-09-01,C0305,P001,Recurring,105000,0,105000,105000,1260000
R008542,2025-10-01,C0305,P001,Recurring,105000,0,105000,105000,1260000
R008543,2025-11-01,C0305,P001,Recurring,105000,0,105000,105000,1260000
R008544,2025-12-01,C0305,P001,Recurring,105000,0,105000,105000,1260000
R008545,2024-08-01,C0306,P001,New,0,150000,150000,150000,1800000
R008546,2024-09-01,C0306,P001,Recurring,150000,0,150000,150000,1800000
R008547,2024-10-01,C0306,P001,Recurring,150000,0,150000,150000,1800000
R008548,2024-11-01,C0306,P001,Recurring,150000,0,150000,150000,1800000
R008549,2024-12-01,C0306,P001,Recurring,150000,0,150000,150000,1800000
R008550,2025-01-01,C0306,P001,Recurring,150000,0,150000,150000,1800000
R008551,2025-02-01,C0306,P001,Recurring,150000,0,150000,150000,1800000
R008552,2025-03-01,C0306,P001,Recurring,150000,0,150000,150000,1800000
R008553,2025-04-01,C0306,P001,Recurring,150000,0,150000,150000,1800000
R008554,2025-05-01,C0306,P001,Recurring,150000,0,150000,150000,1800000
R008555,2025-06-01,C0306,P001,Recurring,150000,0,150000,150000,1800000
R008556,2025-07-01,C0306,P001,Recurring,150000,0,150000,150000,1800000
R008557,2025-08-01,C0306,P001,Recurring,150000,0,150000,150000,1800000
R008558,2025-09-01,C0306,P001,Recurring,150000,0,150000,150000,1800000
R008559,2025-10-01,C0306,P001,Recurring,150000,0,150000,150000,1800000
R008560,2025-11-01,C0306,P001,Recurring,150000,0,150000,150000,1800000
R008561,2025-12-01,C0306,P001,Recurring,150000,0,150000,150000,1800000
R008562,2024-08-01,C0307,P002,New,0,260000,260000,260000,3120000
R008563,2024-09-01,C0307,P002,Recurring,260000,0,260000,260000,3120000
R008564,2024-10-01,C0307,P002,Recurring,260000,0,260000,260000,3120000
R008565,2024-11-01,C0307,P002,Recurring,260000,0,260000,260000,3120000
R008566,2024-12-01,C0307,P002,Recurring,260000,0,260000,260000,3120000
R008567,2025-01-01,C0307,P002,Recurring,260000,0,260000,260000,3120000
R008568,2025-02-01,C0307,P002,Recurring,260000,0,260000,260000,3120000
R008569,2025-03-01,C0307,P002,Recurring,260000,0,260000,260000,3120000
R008570,2025-04-01,C0307,P002,Recurring,260000,0,260000,260000,3120000
R008571,2025-05-01,C0307,P002,Recurring,260000,0,260000,260000,3120000
R008572,2025-06-01,C0307,P002,Recurring,260000,0,260000,260000,3120000
R008573,2025-07-01,C0307,P002,Recurring,260000,0,260000,260000,3120000
R008574,2025-08-01,C0307,P002,Recurring,260000,0,260000,260000,3120000
R008575,2025-09-01,C0307,P002,Recurring,260000,0,260000,260000,3120000
R008576,2025-10-01,C0307,P002,Recurring,260000,0,260000,260000,3120000
R008577,2025-11-01,C0307,P002,Recurring,260000,0,260000,260000,3120000
R008578,2025-12-01,C0307,P002,Recurring,260000,0,260000,260000,3120000
R008579,2024-08-01,C0308,P001,New,0,115000,115000,115000,1380000
R008580,2024-09-01,C0308,P001,Recurring,115000,0,115000,115000,1380000
R008581,2024-10-01,C0308,P001,Recurring,115000,0,115000,115000,1380000
R008582,2024-11-01,C0308,P001,Recurring,115000,0,115000,115000,1380000
R008583,2024-12-01,C0308,P001,Recurring,115000,0,115000,115000,1380000
R008584,2025-01-01,C0308,P001,Recurring,115000,0,115000,115000,1380000
R008585,2025-02-01,C0308,P001,Recurring,115000,0,115000,115000,1380000
R008586,2025-03-01,C0308,P001,Recurring,115000,0,115000,115000,1380000
R008587,2025-04-01,C0308,P001,Recurring,115000,0,115000,115000,1380000
R008588,2025-05-01,C0308,P001,Recurring,115000,0,115000,115000,1380000
R008589,2025-06-01,C0308,P001,Recurring,115000,0,115000,115000,1380000
R008590,2025-07-01,C0308,P001,Recurring,115000,0,115000,115000,1380000
R008591,2025-08-01,C0308,P001,Expansion,115000,20000,135000,135000,1620000
R008592,2025-09-01,C0308,P001,Recurring,135000,0,135000,135000,1620000
R008593,2025-10-01,C0308,P001,Recurring,135000,0,135000,135000,1620000
R008594,2025-11-01,C0308,P002,Upgrade,135000,115000,250000,250000,3000000
R008595,2025-12-01,C0308,P002,Recurring,250000,0,250000,250000,3000000
R008596,2024-08-01,C0309,P002,New,0,330000,330000,330000,3960000
R008597,2024-09-01,C0309,P002,Recurring,330000,0,330000,330000,3960000
R008598,2024-10-01,C0309,P002,Recurring,330000,0,330000,330000,3960000
R008599,2024-11-01,C0309,P002,Recurring,330000,0,330000,330000,3960000
R008600,2024-12-01,C0309,P002,Recurring,330000,0,330000,330000,3960000
R008601,2025-01-01,C0309,P002,Recurring,330000,0,330000,330000,3960000
R008602,2025-02-01,C0309,P002,Recurring,330000,0,330000,330000,3960000
R008603,2025-03-01,C0309,P002,Recurring,330000,0,330000,330000,3960000
R008604,2025-04-01,C0309,P002,Recurring,330000,0,330000,330000,3960000
R008605,2025-05-01,C0309,P002,Recurring,330000,0,330000,330000,3960000
R008606,2025-06-01,C0309,P002,Recurring,330000,0,330000,330000,3960000
R008607,2025-07-01,C0309,P002,Recurring,330000,0,330000,330000,3960000
R008608,2025-08-01,C0309,P002,Recurring,330000,0,330000,330000,3960000
R008609,2025-09-01,C0309,P002,Recurring,330000,0,330000,330000,3960000
R008610,2025-10-01,C0309,P002,Recurring,330000,0,330000,330000,3960000
R008611,2025-11-01,C0309,P002,Recurring,330000,0,330000,330000,3960000
R008612,2025-12-01,C0309,P002,Recurring,330000,0,330000,330000,3960000
R008613,2024-08-01,C0310,P002,New,0,450000,450000,450000,5400000
R008614,2024-09-01,C0310,P002,Recurring,450000,0,450000,450000,5400000
R008615,2024-10-01,C0310,P002,Recurring,450000,0,450000,450000,5400000
R008616,2024-11-01,C0310,P002,Recurring,450000,0,450000,450000,5400000
R008617,2024-12-01,C0310,P002,Recurring,450000,0,450000,450000,5400000
R008618,2025-01-01,C0310,P002,Recurring,450000,0,450000,450000,5400000
R008619,2025-02-01,C0310,P002,Recurring,450000,0,450000,450000,5400000
R008620,2025-03-01,C0310,P002,Recurring,450000,0,450000,450000,5400000
R008621,2025-04-01,C0310,P002,Recurring,450000,0,450000,450000,5400000
R008622,2025-05-01,C0310,P002,Recurring,450000,0,450000,450000,5400000
R008623,2025-06-01,C0310,P002,Recurring,450000,0,450000,450000,5400000
R008624,2025-07-01,C0310,P002,Recurring,450000,0,450000,450000,5400000
R008625,2025-08-01,C0310,P002,Recurring,450000,0,450000,450000,5400000
R008626,2025-09-01,C0310,P002,Recurring,450000,0,450000,450000,5400000
R008627,2025-10-01,C0310,P002,Recurring,450000,0,450000,450000,5400000
R008628,2025-11-01,C0310,P002,Recurring,450000,0,450000,450000,5400000
R008629,2025-12-01,C0310,P002,Recurring,450000,0,450000,450000,5400000
R008630,2024-08-01,C0311,P001,New,0,115000,115000,115000,1380000
R008631,2024-09-01,C0311,P001,Recurring,115000,0,115000,115000,1380000
R008632,2024-10-01,C0311,P001,Recurring,115000,0,115000,115000,1380000
R008633,2024-11-01,C0311,P001,Recurring,115000,0,115000,115000,1380000
R008634,2024-12-01,C0311,P001,Recurring,115000,0,115000,115000,1380000
R008635,2025-01-01,C0311,P001,Recurring,115000,0,115000,115000,1380000
R008636,2025-02-01,C0311,P001,Recurring,115000,0,115000,115000,1380000
R008637,2025-03-01,C0311,P001,Recurring,115000,0,115000,115000,1380000
R008638,2025-04-01,C0311,P001,Recurring,115000,0,115000,115000,1380000
R008639,2025-05-01,C0311,P001,Recurring,115000,0,115000,115000,1380000
R008640,2025-06-01,C0311,P001,Recurring,115000,0,115000,115000,1380000
R008641,2025-07-01,C0311,P001,Recurring,115000,0,115000,115000,1380000
R008642,2025-08-01,C0311,P001,Recurring,115000,0,115000,115000,1380000
R008643,2025-09-01,C0311,P001,Recurring,115000,0,115000,115000,1380000
R008644,2025-10-01,C0311,P001,Recurring,115000,0,115000,115000,1380000
R008645,2025-11-01,C0311,P001,Recurring,115000,0,115000,115000,1380000
R008646,2025-12-01,C0311,P001,Recurring,115000,0,115000,115000,1380000
R008647,2024-08-01,C0312,P001,New,0,130000,130000,130000,1560000
R008648,2024-09-01,C0312,P001,Recurring,130000,0,130000,130000,1560000
R008649,2024-10-01,C0312,P001,Recurring,130000,0,130000,130000,1560000
R008650,2024-11-01,C0312,P001,Recurring,130000,0,130000,130000,1560000
R008651,2024-12-01,C0312,P001,Recurring,130000,0,130000,130000,1560000
R008652,2025-01-01,C0312,P001,Recurring,130000,0,130000,130000,1560000
R008653,2025-02-01,C0312,P001,Recurring,130000,0,130000,130000,1560000
R008654,2025-03-01,C0312,P001,Recurring,130000,0,130000,130000,1560000
R008655,2025-04-01,C0312,P001,Recurring,130000,0,130000,130000,1560000
R008656,2025-05-01,C0312,P001,Recurring,130000,0,130000,130000,1560000
R008657,2025-06-01,C0312,P001,Recurring,130000,0,130000,130000,1560000
R008658,2025-07-01,C0312,P001,Recurring,130000,0,130000,130000,1560000
R008659,2025-08-01,C0312,P001,Recurring,130000,0,130000,130000,1560000
R008660,2025-09-01,C0312,P001,Recurring,130000,0,130000,130000,1560000
R008661,2025-10-01,C0312,P001,Recurring,130000,0,130000,130000,1560000
R008662,2025-11-01,C0312,P001,Recurring,130000,0,130000,130000,1560000
R008663,2025-12-01,C0312,P001,Recurring,130000,0,130000,130000,1560000
R008664,2024-08-01,C0313,P001,New,0,105000,105000,105000,1260000
R008665,2024-09-01,C0313,P001,Recurring,105000,0,105000,105000,1260000
R008666,2024-10-01,C0313,P001,Recurring,105000,0,105000,105000,1260000
R008667,2024-11-01,C0313,P001,Recurring,105000,0,105000,105000,1260000
R008668,2024-12-01,C0313,P001,Recurring,105000,0,105000,105000,1260000
R008669,2025-01-01,C0313,P001,Recurring,105000,0,105000,105000,1260000
R008670,2025-02-01,C0313,P001,Recurring,105000,0,105000,105000,1260000
R008671,2025-03-01,C0313,P001,Recurring,105000,0,105000,105000,1260000
R008672,2025-04-01,C0313,P001,Recurring,105000,0,105000,105000,1260000
R008673,2025-05-01,C0313,P001,Recurring,105000,0,105000,105000,1260000
R008674,2025-08-01,C0313,P001,Reactivation,0,105000,105000,105000,1260000
R008675,2025-09-01,C0313,P001,Recurring,105000,0,105000,105000,1260000
R008676,2025-10-01,C0313,P001,Recurring,105000,0,105000,105000,1260000
R008677,2025-11-01,C0313,P001,Recurring,105000,0,105000,105000,1260000
R008678,2025-12-01,C0313,P001,Recurring,105000,0,105000,105000,1260000
R008679,2024-08-01,C0314,P002,New,0,320000,320000,320000,3840000
R008680,2024-09-01,C0314,P002,Recurring,320000,0,320000,320000,3840000
R008681,2024-10-01,C0314,P002,Recurring,320000,0,320000,320000,3840000
R008682,2024-11-01,C0314,P002,Recurring,320000,0,320000,320000,3840000
R008683,2024-12-01,C0314,P002,Recurring,320000,0,320000,320000,3840000
R008684,2025-01-01,C0314,P002,Recurring,320000,0,320000,320000,3840000
R008685,2025-02-01,C0314,P002,Recurring,320000,0,320000,320000,3840000
R008686,2025-03-01,C0314,P002,Recurring,320000,0,320000,320000,3840000
R008687,2025-04-01,C0314,P002,Recurring,320000,0,320000,320000,3840000
R008688,2025-05-01,C0314,P002,Recurring,320000,0,320000,320000,3840000
R008689,2025-06-01,C0314,P002,Recurring,320000,0,320000,320000,3840000
R008690,2025-07-01,C0314,P002,Expansion,320000,50000,370000,370000,4440000
R008691,2025-08-01,C0314,P002,Recurring,370000,0,370000,370000,4440000
R008692,2025-09-01,C0314,P002,Recurring,370000,0,370000,370000,4440000
R008693,2025-10-01,C0314,P002,Recurring,370000,0,370000,370000,4440000
R008694,2025-11-01,C0314,P002,Recurring,370000,0,370000,370000,4440000
R008695,2025-12-01,C0314,P002,Recurring,370000,0,370000,370000,4440000
R008696,2024-08-01,C0315,P001,New,0,120000,120000,120000,1440000
R008697,2024-09-01,C0315,P001,Recurring,120000,0,120000,120000,1440000
R008698,2024-10-01,C0315,P001,Recurring,120000,0,120000,120000,1440000
R008699,2024-11-01,C0315,P001,Recurring,120000,0,120000,120000,1440000
R008700,2024-12-01,C0315,P001,Recurring,120000,0,120000,120000,1440000
R008701,2025-01-01,C0315,P001,Recurring,120000,0,120000,120000,1440000
R008702,2025-02-01,C0315,P001,Recurring,120000,0,120000,120000,1440000
R008703,2025-03-01,C0315,P001,Recurring,120000,0,120000,120000,1440000
R008704,2025-04-01,C0315,P001,Recurring,120000,0,120000,120000,1440000
R008705,2025-05-01,C0315,P001,Recurring,120000,0,120000,120000,1440000
R008706,2025-06-01,C0315,P001,Recurring,120000,0,120000,120000,1440000
R008707,2025-07-01,C0315,P001,Recurring,120000,0,120000,120000,1440000
R008708,2025-08-01,C0315,P001,Recurring,120000,0,120000,120000,1440000
R008709,2025-09-01,C0315,P001,Recurring,120000,0,120000,120000,1440000
R008710,2025-10-01,C0315,P001,Recurring,120000,0,120000,120000,1440000
R008711,2025-11-01,C0315,P001,Recurring,120000,0,120000,120000,1440000
R008712,2025-12-01,C0315,P001,Recurring,120000,0,120000,120000,1440000
R008713,2024-08-01,C0316,P002,New,0,320000,320000,320000,3840000
R008714,2024-09-01,C0316,P002,Recurring,320000,0,320000,320000,3840000
R008715,2024-10-01,C0316,P002,Recurring,320000,0,320000,320000,3840000
R008716,2024-11-01,C0316,P002,Recurring,320000,0,320000,320000,3840000
R008717,2024-12-01,C0316,P002,Recurring,320000,0,320000,320000,3840000
R008718,2025-01-01,C0316,P002,Recurring,320000,0,320000,320000,3840000
R008719,2025-02-01,C0316,P002,Recurring,320000,0,320000,320000,3840000
R008720,2025-03-01,C0316,P002,Recurring,320000,0,320000,320000,3840000
R008721,2025-04-01,C0316,P002,Recurring,320000,0,320000,320000,3840000
R008722,2025-05-01,C0316,P002,Recurring,320000,0,320000,320000,3840000
R008723,2025-06-01,C0316,P002,Recurring,320000,0,320000,320000,3840000
R008724,2025-07-01,C0316,P002,Recurring,320000,0,320000,320000,3840000
R008725,2025-08-01,C0316,P002,Recurring,320000,0,320000,320000,3840000
R008726,2025-09-01,C0316,P002,Recurring,320000,0,320000,320000,3840000
R008727,2025-10-01,C0316,P002,Recurring,320000,0,320000,320000,3840000
R008728,2025-11-01,C0316,P002,Recurring,320000,0,320000,320000,3840000
R008729,2025-12-01,C0316,P002,Recurring,320000,0,320000,320000,3840000
R008730,2024-09-01,C0317,P002,New,0,290000,290000,290000,3480000
R008731,2024-10-01,C0317,P002,Recurring,290000,0,290000,290000,3480000
R008732,2024-11-01,C0317,P002,Recurring,290000,0,290000,290000,3480000
R008733,2024-12-01,C0317,P002,Recurring,290000,0,290000,290000,3480000
R008734,2025-01-01,C0317,P002,Recurring,290000,0,290000,290000,3480000
R008735,2025-02-01,C0317,P002,Recurring,290000,0,290000,290000,3480000
R008736,2025-03-01,C0317,P002,Recurring,290000,0,290000,290000,3480000
R008737,2025-04-01,C0317,P002,Recurring,290000,0,290000,290000,3480000
R008738,2025-05-01,C0317,P002,Recurring,290000,0,290000,290000,3480000
R008739,2025-06-01,C0317,P002,Recurring,290000,0,290000,290000,3480000
R008740,2025-07-01,C0317,P002,Recurring,290000,0,290000,290000,3480000
R008741,2025-08-01,C0317,P002,Recurring,290000,0,290000,290000,3480000
R008742,2025-09-01,C0317,P002,Recurring,290000,0,290000,290000,3480000
R008743,2025-10-01,C0317,P002,Recurring,290000,0,290000,290000,3480000
R008744,2025-11-01,C0317,P002,Recurring,290000,0,290000,290000,3480000
R008745,2025-12-01,C0317,P002,Recurring,290000,0,290000,290000,3480000
R008746,2024-09-01,C0318,P002,New,0,480000,480000,480000,5760000
R008747,2024-10-01,C0318,P002,Recurring,480000,0,480000,480000,5760000
R008748,2024-11-01,C0318,P002,Recurring,480000,0,480000,480000,5760000
R008749,2024-12-01,C0318,P002,Recurring,480000,0,480000,480000,5760000
R008750,2025-01-01,C0318,P002,Recurring,480000,0,480000,480000,5760000
R008751,2025-02-01,C0318,P002,Recurring,480000,0,480000,480000,5760000
R008752,2025-03-01,C0318,P002,Recurring,480000,0,480000,480000,5760000
R008753,2025-04-01,C0318,P002,Recurring,480000,0,480000,480000,5760000
R008754,2025-05-01,C0318,P002,Recurring,480000,0,480000,480000,5760000
R008755,2025-06-01,C0318,P002,Recurring,480000,0,480000,480000,5760000
R008756,2025-07-01,C0318,P002,Recurring,480000,0,480000,480000,5760000
R008757,2025-08-01,C0318,P002,Recurring,480000,0,480000,480000,5760000
R008758,2025-09-01,C0318,P002,Recurring,480000,0,480000,480000,5760000
R008759,2025-10-01,C0318,P002,Recurring,480000,0,480000,480000,5760000
R008760,2025-11-01,C0318,P002,Recurring,480000,0,480000,480000,5760000
R008761,2025-12-01,C0318,P002,Recurring,480000,0,480000,480000,5760000
R008762,2024-09-01,C0319,P002,New,0,290000,290000,290000,3480000
R008763,2024-10-01,C0319,P002,Recurring,290000,0,290000,290000,3480000
R008764,2024-11-01,C0319,P002,Recurring,290000,0,290000,290000,3480000
R008765,2024-12-01,C0319,P002,Recurring,290000,0,290000,290000,3480000
R008766,2025-01-01,C0319,P002,Recurring,290000,0,290000,290000,3480000
R008767,2025-02-01,C0319,P002,Recurring,290000,0,290000,290000,3480000
R008768,2025-03-01,C0319,P002,Recurring,290000,0,290000,290000,3480000
R008769,2025-04-01,C0319,P002,Recurring,290000,0,290000,290000,3480000
R008770,2025-05-01,C0319,P002,Recurring,290000,0,290000,290000,3480000
R008771,2025-06-01,C0319,P002,Recurring,290000,0,290000,290000,3480000
R008772,2025-07-01,C0319,P002,Recurring,290000,0,290000,290000,3480000
R008773,2025-08-01,C0319,P002,Recurring,290000,0,290000,290000,3480000
R008774,2025-09-01,C0319,P002,Recurring,290000,0,290000,290000,3480000
R008775,2025-10-01,C0319,P002,Recurring,290000,0,290000,290000,3480000
R008776,2025-11-01,C0319,P002,Recurring,290000,0,290000,290000,3480000
R008777,2025-12-01,C0319,P002,Recurring,290000,0,290000,290000,3480000
R008778,2024-09-01,C0320,P002,New,0,260000,260000,260000,3120000
R008779,2024-10-01,C0320,P002,Recurring,260000,0,260000,260000,3120000
R008780,2024-11-01,C0320,P002,Recurring,260000,0,260000,260000,3120000
R008781,2024-12-01,C0320,P002,Recurring,260000,0,260000,260000,3120000
R008782,2025-01-01,C0320,P002,Recurring,260000,0,260000,260000,3120000
R008783,2025-02-01,C0320,P002,Recurring,260000,0,260000,260000,3120000
R008784,2025-03-01,C0320,P002,Recurring,260000,0,260000,260000,3120000
R008785,2025-04-01,C0320,P002,Recurring,260000,0,260000,260000,3120000
R008786,2025-05-01,C0320,P002,Recurring,260000,0,260000,260000,3120000
R008787,2025-06-01,C0320,P002,Recurring,260000,0,260000,260000,3120000
R008788,2025-07-01,C0320,P002,Recurring,260000,0,260000,260000,3120000
R008789,2025-08-01,C0320,P002,Recurring,260000,0,260000,260000,3120000
R008790,2025-09-01,C0320,P002,Expansion,260000,30000,290000,290000,3480000
R008791,2025-10-01,C0320,P002,Recurring,290000,0,290000,290000,3480000
R008792,2025-11-01,C0320,P002,Recurring,290000,0,290000,290000,3480000
R008793,2025-12-01,C0320,P002,Recurring,290000,0,290000,290000,3480000
R008794,2024-09-01,C0321,P002,New,0,310000,310000,310000,3720000
R008795,2024-10-01,C0321,P002,Recurring,310000,0,310000,310000,3720000
R008796,2024-11-01,C0321,P002,Recurring,310000,0,310000,310000,3720000
R008797,2024-12-01,C0321,P002,Recurring,310000,0,310000,310000,3720000
R008798,2025-01-01,C0321,P002,Recurring,310000,0,310000,310000,3720000
R008799,2025-02-01,C0321,P002,Recurring,310000,0,310000,310000,3720000
R008800,2025-03-01,C0321,P002,Recurring,310000,0,310000,310000,3720000
R008801,2025-04-01,C0321,P002,Recurring,310000,0,310000,310000,3720000
R008802,2025-05-01,C0321,P002,Recurring,310000,0,310000,310000,3720000
R008803,2025-06-01,C0321,P002,Recurring,310000,0,310000,310000,3720000
R008804,2025-07-01,C0321,P002,Recurring,310000,0,310000,310000,3720000
R008805,2025-08-01,C0321,P002,Expansion,310000,25000,335000,335000,4020000
R008806,2025-09-01,C0321,P002,Recurring,335000,0,335000,335000,4020000
R008807,2025-10-01,C0321,P002,Recurring,335000,0,335000,335000,4020000
R008808,2025-11-01,C0321,P002,Recurring,335000,0,335000,335000,4020000
R008809,2025-12-01,C0321,P002,Recurring,335000,0,335000,335000,4020000
R008810,2024-09-01,C0322,P001,New,0,90000,90000,90000,1080000
R008811,2024-10-01,C0322,P001,Recurring,90000,0,90000,90000,1080000
R008812,2024-11-01,C0322,P001,Recurring,90000,0,90000,90000,1080000
R008813,2024-12-01,C0322,P001,Recurring,90000,0,90000,90000,1080000
R008814,2025-01-01,C0322,P001,Recurring,90000,0,90000,90000,1080000
R008815,2025-02-01,C0322,P001,Recurring,90000,0,90000,90000,1080000
R008816,2025-03-01,C0322,P001,Recurring,90000,0,90000,90000,1080000
R008817,2025-04-01,C0322,P001,Recurring,90000,0,90000,90000,1080000
R008818,2025-05-01,C0322,P001,Recurring,90000,0,90000,90000,1080000
R008819,2025-06-01,C0322,P001,Recurring,90000,0,90000,90000,1080000
R008820,2025-07-01,C0322,P001,Recurring,90000,0,90000,90000,1080000
R008821,2025-08-01,C0322,P001,Recurring,90000,0,90000,90000,1080000
R008822,2025-09-01,C0322,P001,Recurring,90000,0,90000,90000,1080000
R008823,2025-10-01,C0322,P002,Upgrade,90000,160000,250000,250000,3000000
R008824,2025-11-01,C0322,P002,Recurring,250000,0,250000,250000,3000000
R008825,2025-12-01,C0322,P002,Recurring,250000,0,250000,250000,3000000
R008826,2024-09-01,C0323,P001,New,0,165000,165000,165000,1980000
R008827,2024-10-01,C0323,P001,Recurring,165000,0,165000,165000,1980000
R008828,2024-11-01,C0323,P001,Recurring,165000,0,165000,165000,1980000
R008829,2024-12-01,C0323,P001,Recurring,165000,0,165000,165000,1980000
R008830,2025-01-01,C0323,P001,Recurring,165000,0,165000,165000,1980000
R008831,2025-02-01,C0323,P001,Recurring,165000,0,165000,165000,1980000
R008832,2025-03-01,C0323,P001,Recurring,165000,0,165000,165000,1980000
R008833,2025-04-01,C0323,P001,Recurring,165000,0,165000,165000,1980000
R008834,2025-05-01,C0323,P001,Recurring,165000,0,165000,165000,1980000
R008835,2025-10-01,C0323,P001,Reactivation,0,165000,165000,165000,1980000
R008836,2025-11-01,C0323,P001,Recurring,165000,0,165000,165000,1980000
R008837,2025-12-01,C0323,P001,Recurring,165000,0,165000,165000,1980000
R008838,2024-09-01,C0324,P001,New,0,135000,135000,135000,1620000
R008839,2024-10-01,C0324,P001,Recurring,135000,0,135000,135000,1620000
R008840,2024-11-01,C0324,P001,Recurring,135000,0,135000,135000,1620000
R008841,2024-12-01,C0324,P001,Recurring,135000,0,135000,135000,1620000
R008842,2025-01-01,C0324,P001,Recurring,135000,0,135000,135000,1620000
R008843,2025-02-01,C0324,P001,Recurring,135000,0,135000,135000,1620000
R008844,2025-03-01,C0324,P001,Recurring,135000,0,135000,135000,1620000
R008845,2025-04-01,C0324,P001,Recurring,135000,0,135000,135000,1620000
R008846,2025-05-01,C0324,P001,Recurring,135000,0,135000,135000,1620000
R008847,2025-06-01,C0324,P001,Recurring,135000,0,135000,135000,1620000
R008848,2025-07-01,C0324,P001,Recurring,135000,0,135000,135000,1620000
R008849,2025-08-01,C0324,P001,Recurring,135000,0,135000,135000,1620000
R008850,2025-09-01,C0324,P001,Recurring,135000,0,135000,135000,1620000
R008851,2025-10-01,C0324,P001,Recurring,135000,0,135000,135000,1620000
R008852,2025-11-01,C0324,P001,Expansion,135000,10000,145000,145000,1740000
R008853,2025-12-01,C0324,P001,Recurring,145000,0,145000,145000,1740000
R008854,2024-09-01,C0325,P001,New,0,150000,150000,150000,1800000
R008855,2024-10-01,C0325,P001,Recurring,150000,0,150000,150000,1800000
R008856,2024-11-01,C0325,P001,Recurring,150000,0,150000,150000,1800000
R008857,2024-12-01,C0325,P001,Recurring,150000,0,150000,150000,1800000
R008858,2025-01-01,C0325,P001,Recurring,150000,0,150000,150000,1800000
R008859,2025-02-01,C0325,P001,Recurring,150000,0,150000,150000,1800000
R008860,2025-03-01,C0325,P001,Recurring,150000,0,150000,150000,1800000
R008861,2025-04-01,C0325,P001,Recurring,150000,0,150000,150000,1800000
R008862,2025-05-01,C0325,P001,Recurring,150000,0,150000,150000,1800000
R008863,2025-06-01,C0325,P001,Recurring,150000,0,150000,150000,1800000
R008864,2025-07-01,C0325,P001,Recurring,150000,0,150000,150000,1800000
R008865,2025-08-01,C0325,P001,Recurring,150000,0,150000,150000,1800000
R008866,2025-09-01,C0325,P001,Recurring,150000,0,150000,150000,1800000
R008867,2025-10-01,C0325,P001,Recurring,150000,0,150000,150000,1800000
R008868,2025-11-01,C0325,P001,Expansion,150000,25000,175000,175000,2100000
R008869,2025-12-01,C0325,P001,Recurring,175000,0,175000,175000,2100000
R008870,2024-09-01,C0326,P001,New,0,105000,105000,105000,1260000
R008871,2024-10-01,C0326,P001,Recurring,105000,0,105000,105000,1260000
R008872,2024-11-01,C0326,P001,Recurring,105000,0,105000,105000,1260000
R008873,2024-12-01,C0326,P001,Recurring,105000,0,105000,105000,1260000
R008874,2025-01-01,C0326,P001,Recurring,105000,0,105000,105000,1260000
R008875,2025-02-01,C0326,P001,Recurring,105000,0,105000,105000,1260000
R008876,2025-03-01,C0326,P001,Recurring,105000,0,105000,105000,1260000
R008877,2025-04-01,C0326,P001,Recurring,105000,0,105000,105000,1260000
R008878,2025-05-01,C0326,P001,Recurring,105000,0,105000,105000,1260000
R008879,2025-06-01,C0326,P001,Recurring,105000,0,105000,105000,1260000
R008880,2025-07-01,C0326,P001,Recurring,105000,0,105000,105000,1260000
R008881,2025-08-01,C0326,P001,Recurring,105000,0,105000,105000,1260000
R008882,2025-09-01,C0326,P001,Recurring,105000,0,105000,105000,1260000
R008883,2025-10-01,C0326,P001,Recurring,105000,0,105000,105000,1260000
R008884,2025-11-01,C0326,P001,Recurring,105000,0,105000,105000,1260000
R008885,2025-12-01,C0326,P001,Recurring,105000,0,105000,105000,1260000
R008886,2024-09-01,C0327,P002,New,0,500000,500000,500000,6000000
R008887,2024-10-01,C0327,P002,Recurring,500000,0,500000,500000,6000000
R008888,2024-11-01,C0327,P002,Recurring,500000,0,500000,500000,6000000
R008889,2024-12-01,C0327,P002,Recurring,500000,0,500000,500000,6000000
R008890,2025-01-01,C0327,P002,Recurring,500000,0,500000,500000,6000000
R008891,2025-02-01,C0327,P002,Recurring,500000,0,500000,500000,6000000
R008892,2025-03-01,C0327,P002,Recurring,500000,0,500000,500000,6000000
R008893,2025-04-01,C0327,P002,Recurring,500000,0,500000,500000,6000000
R008894,2025-05-01,C0327,P002,Recurring,500000,0,500000,500000,6000000
R008895,2025-06-01,C0327,P002,Recurring,500000,0,500000,500000,6000000
R008896,2025-07-01,C0327,P002,Recurring,500000,0,500000,500000,6000000
R008897,2025-08-01,C0327,P002,Recurring,500000,0,500000,500000,6000000
R008898,2025-09-01,C0327,P002,Recurring,500000,0,500000,500000,6000000
R008899,2025-10-01,C0327,P002,Recurring,500000,0,500000,500000,6000000
R008900,2025-11-01,C0327,P002,Expansion,500000,45000,545000,545000,6540000
R008901,2025-12-01,C0327,P002,Recurring,545000,0,545000,545000,6540000
R008902,2024-09-01,C0328,P002,New,0,250000,250000,250000,3000000
R008903,2024-10-01,C0328,P002,Recurring,250000,0,250000,250000,3000000
R008904,2024-11-01,C0328,P002,Recurring,250000,0,250000,250000,3000000
R008905,2024-12-01,C0328,P002,Recurring,250000,0,250000,250000,3000000
R008906,2025-01-01,C0328,P002,Recurring,250000,0,250000,250000,3000000
R008907,2025-02-01,C0328,P002,Recurring,250000,0,250000,250000,3000000
R008908,2025-03-01,C0328,P002,Recurring,250000,0,250000,250000,3000000
R008909,2025-04-01,C0328,P002,Recurring,250000,0,250000,250000,3000000
R008910,2025-05-01,C0328,P002,Recurring,250000,0,250000,250000,3000000
R008911,2025-06-01,C0328,P002,Expansion,250000,20000,270000,270000,3240000
R008912,2024-09-01,C0329,P002,New,0,260000,260000,260000,3120000
R008913,2024-10-01,C0329,P002,Recurring,260000,0,260000,260000,3120000
R008914,2024-11-01,C0329,P002,Recurring,260000,0,260000,260000,3120000
R008915,2024-12-01,C0329,P002,Recurring,260000,0,260000,260000,3120000
R008916,2025-01-01,C0329,P002,Recurring,260000,0,260000,260000,3120000
R008917,2025-02-01,C0329,P002,Recurring,260000,0,260000,260000,3120000
R008918,2025-03-01,C0329,P002,Recurring,260000,0,260000,260000,3120000
R008919,2025-04-01,C0329,P002,Recurring,260000,0,260000,260000,3120000
R008920,2025-05-01,C0329,P002,Recurring,260000,0,260000,260000,3120000
R008921,2025-06-01,C0329,P002,Recurring,260000,0,260000,260000,3120000
R008922,2025-07-01,C0329,P002,Recurring,260000,0,260000,260000,3120000
R008923,2025-08-01,C0329,P002,Recurring,260000,0,260000,260000,3120000
R008924,2025-09-01,C0329,P002,Recurring,260000,0,260000,260000,3120000
R008925,2025-10-01,C0329,P002,Recurring,260000,0,260000,260000,3120000
R008926,2025-11-01,C0329,P002,Recurring,260000,0,260000,260000,3120000
R008927,2025-12-01,C0329,P002,Recurring,260000,0,260000,260000,3120000
R008928,2024-09-01,C0330,P002,New,0,400000,400000,400000,4800000
R008929,2024-10-01,C0330,P002,Recurring,400000,0,400000,400000,4800000
R008930,2024-11-01,C0330,P002,Recurring,400000,0,400000,400000,4800000
R008931,2024-12-01,C0330,P002,Recurring,400000,0,400000,400000,4800000
R008932,2025-01-01,C0330,P002,Recurring,400000,0,400000,400000,4800000
R008933,2025-02-01,C0330,P002,Recurring,400000,0,400000,400000,4800000
R008934,2025-03-01,C0330,P002,Recurring,400000,0,400000,400000,4800000
R008935,2025-04-01,C0330,P002,Recurring,400000,0,400000,400000,4800000
R008936,2025-05-01,C0330,P002,Recurring,400000,0,400000,400000,4800000
R008937,2025-10-01,C0330,P002,Reactivation,0,400000,400000,400000,4800000
R008938,2025-11-01,C0330,P002,Recurring,400000,0,400000,400000,4800000
R008939,2025-12-01,C0330,P002,Recurring,400000,0,400000,400000,4800000
R008940,2024-10-01,C0331,P001,New,0,130000,130000,130000,1560000
R008941,2024-11-01,C0331,P001,Recurring,130000,0,130000,130000,1560000
R008942,2024-12-01,C0331,P001,Recurring,130000,0,130000,130000,1560000
R008943,2025-01-01,C0331,P001,Recurring,130000,0,130000,130000,1560000
R008944,2025-02-01,C0331,P001,Recurring,130000,0,130000,130000,1560000
R008945,2025-03-01,C0331,P001,Recurring,130000,0,130000,130000,1560000
R008946,2025-04-01,C0331,P001,Recurring,130000,0,130000,130000,1560000
R008947,2025-05-01,C0331,P001,Recurring,130000,0,130000,130000,1560000
R008948,2025-06-01,C0331,P001,Recurring,130000,0,130000,130000,1560000
R008949,2025-07-01,C0331,P001,Recurring,130000,0,130000,130000,1560000
R008950,2025-08-01,C0331,P001,Recurring,130000,0,130000,130000,1560000
R008951,2025-09-01,C0331,P001,Recurring,130000,0,130000,130000,1560000
R008952,2025-10-01,C0331,P001,Recurring,130000,0,130000,130000,1560000
R008953,2025-11-01,C0331,P001,Expansion,130000,25000,155000,155000,1860000
R008954,2025-12-01,C0331,P001,Recurring,155000,0,155000,155000,1860000
R008955,2024-10-01,C0332,P001,New,0,165000,165000,165000,1980000
R008956,2024-11-01,C0332,P001,Recurring,165000,0,165000,165000,1980000
R008957,2024-12-01,C0332,P001,Recurring,165000,0,165000,165000,1980000
R008958,2025-01-01,C0332,P001,Recurring,165000,0,165000,165000,1980000
R008959,2025-02-01,C0332,P001,Recurring,165000,0,165000,165000,1980000
R008960,2025-03-01,C0332,P001,Recurring,165000,0,165000,165000,1980000
R008961,2025-04-01,C0332,P001,Recurring,165000,0,165000,165000,1980000
R008962,2025-05-01,C0332,P001,Recurring,165000,0,165000,165000,1980000
R008963,2025-06-01,C0332,P001,Recurring,165000,0,165000,165000,1980000
R008964,2025-07-01,C0332,P001,Recurring,165000,0,165000,165000,1980000
R008965,2025-12-01,C0332,P001,Reactivation,0,165000,165000,165000,1980000
R008966,2024-10-01,C0333,P001,New,0,130000,130000,130000,1560000
R008967,2024-11-01,C0333,P001,Recurring,130000,0,130000,130000,1560000
R008968,2024-12-01,C0333,P001,Recurring,130000,0,130000,130000,1560000
R008969,2025-01-01,C0333,P001,Recurring,130000,0,130000,130000,1560000
R008970,2025-02-01,C0333,P001,Recurring,130000,0,130000,130000,1560000
R008971,2025-03-01,C0333,P001,Recurring,130000,0,130000,130000,1560000
R008972,2025-04-01,C0333,P001,Recurring,130000,0,130000,130000,1560000
R008973,2025-05-01,C0333,P001,Recurring,130000,0,130000,130000,1560000
R008974,2025-06-01,C0333,P001,Recurring,130000,0,130000,130000,1560000
R008975,2025-07-01,C0333,P001,Recurring,130000,0,130000,130000,1560000
R008976,2025-08-01,C0333,P001,Recurring,130000,0,130000,130000,1560000
R008977,2025-09-01,C0333,P001,Recurring,130000,0,130000,130000,1560000
R008978,2025-10-01,C0333,P001,Recurring,130000,0,130000,130000,1560000
R008979,2025-11-01,C0333,P001,Recurring,130000,0,130000,130000,1560000
R008980,2025-12-01,C0333,P001,Recurring,130000,0,130000,130000,1560000
R008981,2024-10-01,C0334,P002,New,0,400000,400000,400000,4800000
R008982,2024-11-01,C0334,P002,Recurring,400000,0,400000,400000,4800000
R008983,2024-12-01,C0334,P002,Recurring,400000,0,400000,400000,4800000
R008984,2025-01-01,C0334,P002,Recurring,400000,0,400000,400000,4800000
R008985,2025-02-01,C0334,P002,Recurring,400000,0,400000,400000,4800000
R008986,2025-03-01,C0334,P002,Recurring,400000,0,400000,400000,4800000
R008987,2025-04-01,C0334,P002,Recurring,400000,0,400000,400000,4800000
R008988,2025-05-01,C0334,P002,Recurring,400000,0,400000,400000,4800000
R008989,2025-06-01,C0334,P002,Recurring,400000,0,400000,400000,4800000
R008990,2025-07-01,C0334,P002,Recurring,400000,0,400000,400000,4800000
R008991,2025-08-01,C0334,P002,Recurring,400000,0,400000,400000,4800000
R008992,2025-09-01,C0334,P002,Recurring,400000,0,400000,400000,4800000
R008993,2025-10-01,C0334,P002,Recurring,400000,0,400000,400000,4800000
R008994,2025-11-01,C0334,P002,Recurring,400000,0,400000,400000,4800000
R008995,2025-12-01,C0334,P002,Recurring,400000,0,400000,400000,4800000
R008996,2024-10-01,C0335,P002,New,0,250000,250000,250000,3000000
R008997,2024-11-01,C0335,P002,Recurring,250000,0,250000,250000,3000000
R008998,2024-12-01,C0335,P002,Recurring,250000,0,250000,250000,3000000
R008999,2025-01-01,C0335,P002,Recurring,250000,0,250000,250000,3000000
R009000,2025-02-01,C0335,P002,Recurring,250000,0,250000,250000,3000000
R009001,2025-03-01,C0335,P002,Recurring,250000,0,250000,250000,3000000
R009002,2025-04-01,C0335,P002,Recurring,250000,0,250000,250000,3000000
R009003,2025-05-01,C0335,P002,Recurring,250000,0,250000,250000,3000000
R009004,2025-06-01,C0335,P002,Recurring,250000,0,250000,250000,3000000
R009005,2025-07-01,C0335,P002,Recurring,250000,0,250000,250000,3000000
R009006,2025-08-01,C0335,P002,Recurring,250000,0,250000,250000,3000000
R009007,2025-09-01,C0335,P002,Recurring,250000,0,250000,250000,3000000
R009008,2025-10-01,C0335,P002,Recurring,250000,0,250000,250000,3000000
R009009,2025-11-01,C0335,P002,Recurring,250000,0,250000,250000,3000000
R009010,2025-12-01,C0335,P002,Recurring,250000,0,250000,250000,3000000
R009011,2024-10-01,C0336,P001,New,0,165000,165000,165000,1980000
R009012,2024-11-01,C0336,P001,Recurring,165000,0,165000,165000,1980000
R009013,2024-12-01,C0336,P001,Recurring,165000,0,165000,165000,1980000
R009014,2025-01-01,C0336,P001,Recurring,165000,0,165000,165000,1980000
R009015,2025-02-01,C0336,P001,Recurring,165000,0,165000,165000,1980000
R009016,2025-03-01,C0336,P001,Recurring,165000,0,165000,165000,1980000
R009017,2025-04-01,C0336,P001,Recurring,165000,0,165000,165000,1980000
R009018,2025-05-01,C0336,P001,Recurring,165000,0,165000,165000,1980000
R009019,2025-06-01,C0336,P001,Recurring,165000,0,165000,165000,1980000
R009020,2025-07-01,C0336,P001,Recurring,165000,0,165000,165000,1980000
R009021,2025-08-01,C0336,P001,Recurring,165000,0,165000,165000,1980000
R009022,2025-09-01,C0336,P001,Recurring,165000,0,165000,165000,1980000
R009023,2025-10-01,C0336,P001,Recurring,165000,0,165000,165000,1980000
R009024,2025-11-01,C0336,P001,Recurring,165000,0,165000,165000,1980000
R009025,2025-12-01,C0336,P001,Recurring,165000,0,165000,165000,1980000
R009026,2024-10-01,C0337,P001,New,0,170000,170000,170000,2040000
R009027,2024-11-01,C0337,P001,Recurring,170000,0,170000,170000,2040000
R009028,2024-12-01,C0337,P001,Recurring,170000,0,170000,170000,2040000
R009029,2025-01-01,C0337,P001,Recurring,170000,0,170000,170000,2040000
R009030,2025-02-01,C0337,P001,Recurring,170000,0,170000,170000,2040000
R009031,2025-03-01,C0337,P001,Recurring,170000,0,170000,170000,2040000
R009032,2025-04-01,C0337,P001,Recurring,170000,0,170000,170000,2040000
R009033,2025-05-01,C0337,P001,Recurring,170000,0,170000,170000,2040000
R009034,2025-06-01,C0337,P001,Recurring,170000,0,170000,170000,2040000
R009035,2025-07-01,C0337,P001,Recurring,170000,0,170000,170000,2040000
R009036,2025-08-01,C0337,P001,Recurring,170000,0,170000,170000,2040000
R009037,2025-09-01,C0337,P001,Recurring,170000,0,170000,170000,2040000
R009038,2025-10-01,C0337,P001,Recurring,170000,0,170000,170000,2040000
R009039,2025-11-01,C0337,P001,Recurring,170000,0,170000,170000,2040000
R009040,2025-12-01,C0337,P001,Recurring,170000,0,170000,170000,2040000
R009041,2024-10-01,C0338,P001,New,0,145000,145000,145000,1740000
R009042,2024-11-01,C0338,P001,Recurring,145000,0,145000,145000,1740000
R009043,2024-12-01,C0338,P001,Recurring,145000,0,145000,145000,1740000
R009044,2025-01-01,C0338,P001,Recurring,145000,0,145000,145000,1740000
R009045,2025-02-01,C0338,P001,Recurring,145000,0,145000,145000,1740000
R009046,2025-03-01,C0338,P001,Recurring,145000,0,145000,145000,1740000
R009047,2025-04-01,C0338,P001,Recurring,145000,0,145000,145000,1740000
R009048,2025-05-01,C0338,P001,Recurring,145000,0,145000,145000,1740000
R009049,2025-06-01,C0338,P001,Recurring,145000,0,145000,145000,1740000
R009050,2025-07-01,C0338,P001,Recurring,145000,0,145000,145000,1740000
R009051,2025-08-01,C0338,P001,Recurring,145000,0,145000,145000,1740000
R009052,2025-09-01,C0338,P002,Upgrade,145000,105000,250000,250000,3000000
R009053,2025-10-01,C0338,P002,Recurring,250000,0,250000,250000,3000000
R009054,2025-11-01,C0338,P002,Recurring,250000,0,250000,250000,3000000
R009055,2025-12-01,C0338,P002,Recurring,250000,0,250000,250000,3000000
R009056,2024-10-01,C0339,P001,New,0,90000,90000,90000,1080000
R009057,2024-11-01,C0339,P001,Recurring,90000,0,90000,90000,1080000
R009058,2024-12-01,C0339,P001,Recurring,90000,0,90000,90000,1080000
R009059,2025-01-01,C0339,P001,Recurring,90000,0,90000,90000,1080000
R009060,2025-02-01,C0339,P001,Recurring,90000,0,90000,90000,1080000
R009061,2025-03-01,C0339,P001,Recurring,90000,0,90000,90000,1080000
R009062,2025-04-01,C0339,P001,Recurring,90000,0,90000,90000,1080000
R009063,2025-05-01,C0339,P001,Recurring,90000,0,90000,90000,1080000
R009064,2025-06-01,C0339,P001,Recurring,90000,0,90000,90000,1080000
R009065,2025-07-01,C0339,P001,Recurring,90000,0,90000,90000,1080000
R009066,2025-08-01,C0339,P001,Recurring,90000,0,90000,90000,1080000
R009067,2025-09-01,C0339,P001,Recurring,90000,0,90000,90000,1080000
R009068,2025-10-01,C0339,P001,Recurring,90000,0,90000,90000,1080000
R009069,2025-11-01,C0339,P001,Recurring,90000,0,90000,90000,1080000
R009070,2025-12-01,C0339,P001,Recurring,90000,0,90000,90000,1080000
R009071,2024-10-01,C0340,P001,New,0,170000,170000,170000,2040000
R009072,2024-11-01,C0340,P001,Recurring,170000,0,170000,170000,2040000
R009073,2024-12-01,C0340,P001,Recurring,170000,0,170000,170000,2040000
R009074,2025-01-01,C0340,P001,Recurring,170000,0,170000,170000,2040000
R009075,2025-02-01,C0340,P001,Recurring,170000,0,170000,170000,2040000
R009076,2025-03-01,C0340,P001,Recurring,170000,0,170000,170000,2040000
R009077,2025-04-01,C0340,P001,Recurring,170000,0,170000,170000,2040000
R009078,2025-05-01,C0340,P001,Recurring,170000,0,170000,170000,2040000
R009079,2025-06-01,C0340,P001,Recurring,170000,0,170000,170000,2040000
R009080,2025-07-01,C0340,P001,Recurring,170000,0,170000,170000,2040000
R009081,2025-08-01,C0340,P001,Recurring,170000,0,170000,170000,2040000
R009082,2025-09-01,C0340,P001,Recurring,170000,0,170000,170000,2040000
R009083,2025-10-01,C0340,P001,Expansion,170000,20000,190000,190000,2280000
R009084,2025-11-01,C0340,P001,Recurring,190000,0,190000,190000,2280000
R009085,2025-12-01,C0340,P001,Recurring,190000,0,190000,190000,2280000
R009086,2024-10-01,C0341,P002,New,0,370000,370000,370000,4440000
R009087,2024-11-01,C0341,P002,Recurring,370000,0,370000,370000,4440000
R009088,2024-12-01,C0341,P002,Recurring,370000,0,370000,370000,4440000
R009089,2025-01-01,C0341,P002,Recurring,370000,0,370000,370000,4440000
R009090,2025-02-01,C0341,P002,Recurring,370000,0,370000,370000,4440000
R009091,2025-03-01,C0341,P002,Recurring,370000,0,370000,370000,4440000
R009092,2025-04-01,C0341,P002,Recurring,370000,0,370000,370000,4440000
R009093,2025-05-01,C0341,P002,Recurring,370000,0,370000,370000,4440000
R009094,2025-06-01,C0341,P002,Recurring,370000,0,370000,370000,4440000
R009095,2025-07-01,C0341,P002,Recurring,370000,0,370000,370000,4440000
R009096,2025-08-01,C0341,P002,Recurring,370000,0,370000,370000,4440000
R009097,2025-09-01,C0341,P002,Recurring,370000,0,370000,370000,4440000
R009098,2025-10-01,C0341,P002,Recurring,370000,0,370000,370000,4440000
R009099,2025-11-01,C0341,P002,Recurring,370000,0,370000,370000,4440000
R009100,2025-12-01,C0341,P002,Recurring,370000,0,370000,370000,4440000
R009101,2024-10-01,C0342,P001,New,0,160000,160000,160000,1920000
R009102,2024-11-01,C0342,P001,Recurring,160000,0,160000,160000,1920000
R009103,2024-12-01,C0342,P001,Recurring,160000,0,160000,160000,1920000
R009104,2025-01-01,C0342,P001,Recurring,160000,0,160000,160000,1920000
R009105,2025-02-01,C0342,P001,Recurring,160000,0,160000,160000,1920000
R009106,2025-03-01,C0342,P001,Recurring,160000,0,160000,160000,1920000
R009107,2025-04-01,C0342,P001,Recurring,160000,0,160000,160000,1920000
R009108,2025-05-01,C0342,P001,Recurring,160000,0,160000,160000,1920000
R009109,2025-06-01,C0342,P001,Recurring,160000,0,160000,160000,1920000
R009110,2024-10-01,C0343,P001,New,0,115000,115000,115000,1380000
R009111,2024-11-01,C0343,P001,Recurring,115000,0,115000,115000,1380000
R009112,2024-12-01,C0343,P001,Recurring,115000,0,115000,115000,1380000
R009113,2025-01-01,C0343,P001,Recurring,115000,0,115000,115000,1380000
R009114,2025-02-01,C0343,P001,Recurring,115000,0,115000,115000,1380000
R009115,2025-03-01,C0343,P001,Recurring,115000,0,115000,115000,1380000
R009116,2025-04-01,C0343,P001,Recurring,115000,0,115000,115000,1380000
R009117,2025-05-01,C0343,P001,Recurring,115000,0,115000,115000,1380000
R009118,2025-06-01,C0343,P001,Recurring,115000,0,115000,115000,1380000
R009119,2025-07-01,C0343,P001,Recurring,115000,0,115000,115000,1380000
R009120,2025-08-01,C0343,P001,Recurring,115000,0,115000,115000,1380000
R009121,2025-09-01,C0343,P001,Recurring,115000,0,115000,115000,1380000
R009122,2025-10-01,C0343,P001,Recurring,115000,0,115000,115000,1380000
R009123,2025-11-01,C0343,P001,Recurring,115000,0,115000,115000,1380000
R009124,2025-12-01,C0343,P001,Recurring,115000,0,115000,115000,1380000
R009125,2024-11-01,C0344,P001,New,0,165000,165000,165000,1980000
R009126,2024-12-01,C0344,P001,Recurring,165000,0,165000,165000,1980000
R009127,2025-01-01,C0344,P001,Recurring,165000,0,165000,165000,1980000
R009128,2025-02-01,C0344,P001,Recurring,165000,0,165000,165000,1980000
R009129,2025-03-01,C0344,P001,Recurring,165000,0,165000,165000,1980000
R009130,2025-04-01,C0344,P001,Recurring,165000,0,165000,165000,1980000
R009131,2025-05-01,C0344,P001,Recurring,165000,0,165000,165000,1980000
R009132,2025-06-01,C0344,P001,Recurring,165000,0,165000,165000,1980000
R009133,2025-07-01,C0344,P001,Recurring,165000,0,165000,165000,1980000
R009134,2025-08-01,C0344,P001,Recurring,165000,0,165000,165000,1980000
R009135,2025-09-01,C0344,P001,Recurring,165000,0,165000,165000,1980000
R009136,2025-10-01,C0344,P001,Recurring,165000,0,165000,165000,1980000
R009137,2025-11-01,C0344,P002,Upgrade,165000,160000,325000,325000,3900000
R009138,2025-12-01,C0344,P002,Recurring,325000,0,325000,325000,3900000
R009139,2024-11-01,C0345,P002,New,0,260000,260000,260000,3120000
R009140,2024-12-01,C0345,P002,Recurring,260000,0,260000,260000,3120000
R009141,2025-01-01,C0345,P002,Recurring,260000,0,260000,260000,3120000
R009142,2025-02-01,C0345,P002,Recurring,260000,0,260000,260000,3120000
R009143,2025-03-01,C0345,P002,Recurring,260000,0,260000,260000,3120000
R009144,2025-04-01,C0345,P002,Recurring,260000,0,260000,260000,3120000
R009145,2025-05-01,C0345,P002,Recurring,260000,0,260000,260000,3120000
R009146,2025-06-01,C0345,P002,Recurring,260000,0,260000,260000,3120000
R009147,2025-07-01,C0345,P002,Recurring,260000,0,260000,260000,3120000
R009148,2025-08-01,C0345,P002,Recurring,260000,0,260000,260000,3120000
R009149,2025-09-01,C0345,P002,Recurring,260000,0,260000,260000,3120000
R009150,2025-10-01,C0345,P002,Recurring,260000,0,260000,260000,3120000
R009151,2025-11-01,C0345,P002,Recurring,260000,0,260000,260000,3120000
R009152,2025-12-01,C0345,P002,Recurring,260000,0,260000,260000,3120000
R009153,2024-11-01,C0346,P002,New,0,330000,330000,330000,3960000
R009154,2024-12-01,C0346,P002,Recurring,330000,0,330000,330000,3960000
R009155,2025-01-01,C0346,P002,Recurring,330000,0,330000,330000,3960000
R009156,2025-02-01,C0346,P002,Recurring,330000,0,330000,330000,3960000
R009157,2025-03-01,C0346,P002,Recurring,330000,0,330000,330000,3960000
R009158,2025-04-01,C0346,P002,Recurring,330000,0,330000,330000,3960000
R009159,2025-05-01,C0346,P002,Recurring,330000,0,330000,330000,3960000
R009160,2025-06-01,C0346,P002,Recurring,330000,0,330000,330000,3960000
R009161,2025-07-01,C0346,P002,Expansion,330000,60000,390000,390000,4680000
R009162,2025-08-01,C0346,P002,Recurring,390000,0,390000,390000,4680000
R009163,2025-09-01,C0346,P002,Recurring,390000,0,390000,390000,4680000
R009164,2025-10-01,C0346,P002,Recurring,390000,0,390000,390000,4680000
R009165,2025-11-01,C0346,P002,Recurring,390000,0,390000,390000,4680000
R009166,2025-12-01,C0346,P002,Recurring,390000,0,390000,390000,4680000
R009167,2024-11-01,C0347,P001,New,0,105000,105000,105000,1260000
R009168,2024-12-01,C0347,P001,Recurring,105000,0,105000,105000,1260000
R009169,2025-01-01,C0347,P001,Recurring,105000,0,105000,105000,1260000
R009170,2025-02-01,C0347,P001,Recurring,105000,0,105000,105000,1260000
R009171,2025-03-01,C0347,P001,Recurring,105000,0,105000,105000,1260000
R009172,2025-04-01,C0347,P001,Recurring,105000,0,105000,105000,1260000
R009173,2025-05-01,C0347,P001,Recurring,105000,0,105000,105000,1260000
R009174,2025-06-01,C0347,P001,Recurring,105000,0,105000,105000,1260000
R009175,2025-07-01,C0347,P001,Recurring,105000,0,105000,105000,1260000
R009176,2025-08-01,C0347,P001,Recurring,105000,0,105000,105000,1260000
R009177,2025-09-01,C0347,P001,Recurring,105000,0,105000,105000,1260000
R009178,2025-10-01,C0347,P001,Recurring,105000,0,105000,105000,1260000
R009179,2025-11-01,C0347,P001,Recurring,105000,0,105000,105000,1260000
R009180,2025-12-01,C0347,P001,Recurring,105000,0,105000,105000,1260000
R009181,2024-11-01,C0348,P002,New,0,480000,480000,480000,5760000
R009182,2024-12-01,C0348,P002,Recurring,480000,0,480000,480000,5760000
R009183,2025-01-01,C0348,P002,Recurring,480000,0,480000,480000,5760000
R009184,2025-02-01,C0348,P002,Recurring,480000,0,480000,480000,5760000
R009185,2025-03-01,C0348,P002,Recurring,480000,0,480000,480000,5760000
R009186,2025-04-01,C0348,P002,Recurring,480000,0,480000,480000,5760000
R009187,2025-05-01,C0348,P002,Recurring,480000,0,480000,480000,5760000
R009188,2025-06-01,C0348,P002,Expansion,480000,80000,560000,560000,6720000
R009189,2025-07-01,C0348,P002,Recurring,560000,0,560000,560000,6720000
R009190,2025-08-01,C0348,P002,Recurring,560000,0,560000,560000,6720000
R009191,2025-09-01,C0348,P002,Recurring,560000,0,560000,560000,6720000
R009192,2025-10-01,C0348,P002,Recurring,560000,0,560000,560000,6720000
R009193,2025-11-01,C0348,P002,Recurring,560000,0,560000,560000,6720000
R009194,2025-12-01,C0348,P002,Recurring,560000,0,560000,560000,6720000
R009195,2024-11-01,C0349,P002,New,0,320000,320000,320000,3840000
R009196,2024-12-01,C0349,P002,Recurring,320000,0,320000,320000,3840000
R009197,2025-01-01,C0349,P002,Recurring,320000,0,320000,320000,3840000
R009198,2025-02-01,C0349,P002,Recurring,320000,0,320000,320000,3840000
R009199,2025-03-01,C0349,P002,Recurring,320000,0,320000,320000,3840000
R009200,2025-04-01,C0349,P002,Recurring,320000,0,320000,320000,3840000
R009201,2025-05-01,C0349,P002,Recurring,320000,0,320000,320000,3840000
R009202,2025-06-01,C0349,P002,Recurring,320000,0,320000,320000,3840000
R009203,2025-07-01,C0349,P002,Recurring,320000,0,320000,320000,3840000
R009204,2025-08-01,C0349,P002,Recurring,320000,0,320000,320000,3840000
R009205,2025-09-01,C0349,P002,Recurring,320000,0,320000,320000,3840000
R009206,2025-10-01,C0349,P002,Recurring,320000,0,320000,320000,3840000
R009207,2025-11-01,C0349,P002,Recurring,320000,0,320000,320000,3840000
R009208,2025-12-01,C0349,P002,Recurring,320000,0,320000,320000,3840000
R009209,2024-11-01,C0350,P001,New,0,110000,110000,110000,1320000
R009210,2024-12-01,C0350,P001,Recurring,110000,0,110000,110000,1320000
R009211,2025-01-01,C0350,P001,Recurring,110000,0,110000,110000,1320000
R009212,2025-02-01,C0350,P001,Recurring,110000,0,110000,110000,1320000
R009213,2025-03-01,C0350,P001,Recurring,110000,0,110000,110000,1320000
R009214,2025-04-01,C0350,P001,Recurring,110000,0,110000,110000,1320000
R009215,2025-05-01,C0350,P001,Recurring,110000,0,110000,110000,1320000
R009216,2025-06-01,C0350,P001,Recurring,110000,0,110000,110000,1320000
R009217,2025-07-01,C0350,P001,Recurring,110000,0,110000,110000,1320000
R009218,2025-08-01,C0350,P001,Recurring,110000,0,110000,110000,1320000
R009219,2025-09-01,C0350,P001,Recurring,110000,0,110000,110000,1320000
R009220,2025-10-01,C0350,P001,Recurring,110000,0,110000,110000,1320000
R009221,2025-11-01,C0350,P001,Recurring,110000,0,110000,110000,1320000
R009222,2025-12-01,C0350,P002,Upgrade,110000,140000,250000,250000,3000000
R009223,2024-11-01,C0351,P001,New,0,95000,95000,95000,1140000
R009224,2024-12-01,C0351,P001,Recurring,95000,0,95000,95000,1140000
R009225,2025-01-01,C0351,P001,Recurring,95000,0,95000,95000,1140000
R009226,2025-02-01,C0351,P001,Recurring,95000,0,95000,95000,1140000
R009227,2025-03-01,C0351,P001,Recurring,95000,0,95000,95000,1140000
R009228,2025-04-01,C0351,P001,Recurring,95000,0,95000,95000,1140000
R009229,2025-05-01,C0351,P001,Recurring,95000,0,95000,95000,1140000
R009230,2025-06-01,C0351,P001,Recurring,95000,0,95000,95000,1140000
R009231,2025-07-01,C0351,P001,Recurring,95000,0,95000,95000,1140000
R009232,2024-11-01,C0352,P001,New,0,105000,105000,105000,1260000
R009233,2024-12-01,C0352,P001,Recurring,105000,0,105000,105000,1260000
R009234,2025-01-01,C0352,P001,Recurring,105000,0,105000,105000,1260000
R009235,2025-02-01,C0352,P001,Recurring,105000,0,105000,105000,1260000
R009236,2025-03-01,C0352,P001,Recurring,105000,0,105000,105000,1260000
R009237,2025-04-01,C0352,P001,Recurring,105000,0,105000,105000,1260000
R009238,2025-05-01,C0352,P001,Recurring,105000,0,105000,105000,1260000
R009239,2025-06-01,C0352,P001,Recurring,105000,0,105000,105000,1260000
R009240,2025-07-01,C0352,P001,Recurring,105000,0,105000,105000,1260000
R009241,2025-08-01,C0352,P001,Recurring,105000,0,105000,105000,1260000
R009242,2025-09-01,C0352,P001,Recurring,105000,0,105000,105000,1260000
R009243,2025-10-01,C0352,P001,Recurring,105000,0,105000,105000,1260000
R009244,2025-11-01,C0352,P001,Recurring,105000,0,105000,105000,1260000
R009245,2025-12-01,C0352,P001,Recurring,105000,0,105000,105000,1260000
R009246,2024-11-01,C0353,P001,New,0,150000,150000,150000,1800000
R009247,2024-12-01,C0353,P001,Recurring,150000,0,150000,150000,1800000
R009248,2025-01-01,C0353,P001,Recurring,150000,0,150000,150000,1800000
R009249,2025-02-01,C0353,P001,Recurring,150000,0,150000,150000,1800000
R009250,2025-03-01,C0353,P001,Recurring,150000,0,150000,150000,1800000
R009251,2025-04-01,C0353,P001,Recurring,150000,0,150000,150000,1800000
R009252,2025-05-01,C0353,P001,Recurring,150000,0,150000,150000,1800000
R009253,2025-06-01,C0353,P001,Recurring,150000,0,150000,150000,1800000
R009254,2025-07-01,C0353,P001,Recurring,150000,0,150000,150000,1800000
R009255,2025-08-01,C0353,P001,Recurring,150000,0,150000,150000,1800000
R009256,2025-09-01,C0353,P001,Recurring,150000,0,150000,150000,1800000
R009257,2025-10-01,C0353,P001,Recurring,150000,0,150000,150000,1800000
R009258,2025-11-01,C0353,P001,Recurring,150000,0,150000,150000,1800000
R009259,2025-12-01,C0353,P001,Recurring,150000,0,150000,150000,1800000
R009260,2024-11-01,C0354,P002,New,0,490000,490000,490000,5880000
R009261,2024-12-01,C0354,P002,Recurring,490000,0,490000,490000,5880000
R009262,2025-01-01,C0354,P002,Recurring,490000,0,490000,490000,5880000
R009263,2025-02-01,C0354,P002,Recurring,490000,0,490000,490000,5880000
R009264,2025-03-01,C0354,P002,Recurring,490000,0,490000,490000,5880000
R009265,2025-04-01,C0354,P002,Recurring,490000,0,490000,490000,5880000
R009266,2025-05-01,C0354,P002,Recurring,490000,0,490000,490000,5880000
R009267,2025-06-01,C0354,P002,Recurring,490000,0,490000,490000,5880000
R009268,2025-07-01,C0354,P002,Expansion,490000,50000,540000,540000,6480000
R009269,2025-08-01,C0354,P002,Recurring,540000,0,540000,540000,6480000
R009270,2025-09-01,C0354,P002,Recurring,540000,0,540000,540000,6480000
R009271,2025-10-01,C0354,P002,Recurring,540000,0,540000,540000,6480000
R009272,2025-11-01,C0354,P002,Recurring,540000,0,540000,540000,6480000
R009273,2025-12-01,C0354,P002,Recurring,540000,0,540000,540000,6480000
R009274,2024-11-01,C0355,P002,New,0,290000,290000,290000,3480000
R009275,2024-12-01,C0355,P002,Recurring,290000,0,290000,290000,3480000
R009276,2025-01-01,C0355,P002,Recurring,290000,0,290000,290000,3480000
R009277,2025-02-01,C0355,P002,Recurring,290000,0,290000,290000,3480000
R009278,2025-03-01,C0355,P002,Recurring,290000,0,290000,290000,3480000
R009279,2025-04-01,C0355,P002,Recurring,290000,0,290000,290000,3480000
R009280,2025-05-01,C0355,P002,Recurring,290000,0,290000,290000,3480000
R009281,2025-06-01,C0355,P002,Recurring,290000,0,290000,290000,3480000
R009282,2025-07-01,C0355,P002,Recurring,290000,0,290000,290000,3480000
R009283,2025-08-01,C0355,P002,Recurring,290000,0,290000,290000,3480000
R009284,2025-09-01,C0355,P002,Recurring,290000,0,290000,290000,3480000
R009285,2025-10-01,C0355,P002,Recurring,290000,0,290000,290000,3480000
R009286,2025-11-01,C0355,P002,Recurring,290000,0,290000,290000,3480000
R009287,2025-12-01,C0355,P002,Recurring,290000,0,290000,290000,3480000
R009288,2024-12-01,C0356,P001,New,0,160000,160000,160000,1920000
R009289,2025-01-01,C0356,P001,Recurring,160000,0,160000,160000,1920000
R009290,2025-02-01,C0356,P001,Recurring,160000,0,160000,160000,1920000
R009291,2025-03-01,C0356,P001,Recurring,160000,0,160000,160000,1920000
R009292,2025-04-01,C0356,P001,Recurring,160000,0,160000,160000,1920000
R009293,2025-05-01,C0356,P001,Recurring,160000,0,160000,160000,1920000
R009294,2025-06-01,C0356,P001,Recurring,160000,0,160000,160000,1920000
R009295,2025-07-01,C0356,P001,Recurring,160000,0,160000,160000,1920000
R009296,2025-08-01,C0356,P001,Recurring,160000,0,160000,160000,1920000
R009297,2025-09-01,C0356,P001,Recurring,160000,0,160000,160000,1920000
R009298,2025-10-01,C0356,P001,Recurring,160000,0,160000,160000,1920000
R009299,2025-11-01,C0356,P001,Recurring,160000,0,160000,160000,1920000
R009300,2025-12-01,C0356,P001,Expansion,160000,25000,185000,185000,2220000
R009301,2024-12-01,C0357,P001,New,0,155000,155000,155000,1860000
R009302,2025-01-01,C0357,P001,Recurring,155000,0,155000,155000,1860000
R009303,2025-02-01,C0357,P001,Recurring,155000,0,155000,155000,1860000
R009304,2025-03-01,C0357,P001,Recurring,155000,0,155000,155000,1860000
R009305,2025-04-01,C0357,P001,Recurring,155000,0,155000,155000,1860000
R009306,2025-05-01,C0357,P001,Recurring,155000,0,155000,155000,1860000
R009307,2025-06-01,C0357,P001,Recurring,155000,0,155000,155000,1860000
R009308,2025-07-01,C0357,P001,Recurring,155000,0,155000,155000,1860000
R009309,2025-08-01,C0357,P001,Recurring,155000,0,155000,155000,1860000
R009310,2025-09-01,C0357,P001,Recurring,155000,0,155000,155000,1860000
R009311,2025-10-01,C0357,P001,Recurring,155000,0,155000,155000,1860000
R009312,2025-11-01,C0357,P001,Expansion,155000,25000,180000,180000,2160000
R009313,2025-12-01,C0357,P001,Recurring,180000,0,180000,180000,2160000
R009314,2024-12-01,C0358,P002,New,0,390000,390000,390000,4680000
R009315,2025-01-01,C0358,P002,Recurring,390000,0,390000,390000,4680000
R009316,2025-02-01,C0358,P002,Recurring,390000,0,390000,390000,4680000
R009317,2025-03-01,C0358,P002,Recurring,390000,0,390000,390000,4680000
R009318,2025-04-01,C0358,P002,Recurring,390000,0,390000,390000,4680000
R009319,2025-05-01,C0358,P002,Recurring,390000,0,390000,390000,4680000
R009320,2025-06-01,C0358,P002,Recurring,390000,0,390000,390000,4680000
R009321,2025-07-01,C0358,P002,Recurring,390000,0,390000,390000,4680000
R009322,2025-08-01,C0358,P002,Recurring,390000,0,390000,390000,4680000
R009323,2025-09-01,C0358,P002,Recurring,390000,0,390000,390000,4680000
R009324,2025-10-01,C0358,P002,Recurring,390000,0,390000,390000,4680000
R009325,2025-11-01,C0358,P002,Recurring,390000,0,390000,390000,4680000
R009326,2025-12-01,C0358,P002,Recurring,390000,0,390000,390000,4680000
R009327,2024-12-01,C0359,P001,New,0,95000,95000,95000,1140000
R009328,2025-01-01,C0359,P001,Recurring,95000,0,95000,95000,1140000
R009329,2025-02-01,C0359,P001,Recurring,95000,0,95000,95000,1140000
R009330,2025-03-01,C0359,P001,Recurring,95000,0,95000,95000,1140000
R009331,2025-04-01,C0359,P001,Recurring,95000,0,95000,95000,1140000
R009332,2025-05-01,C0359,P001,Recurring,95000,0,95000,95000,1140000
R009333,2025-06-01,C0359,P001,Recurring,95000,0,95000,95000,1140000
R009334,2025-07-01,C0359,P001,Recurring,95000,0,95000,95000,1140000
R009335,2025-08-01,C0359,P001,Recurring,95000,0,95000,95000,1140000
R009336,2025-09-01,C0359,P001,Recurring,95000,0,95000,95000,1140000
R009337,2025-10-01,C0359,P001,Recurring,95000,0,95000,95000,1140000
R009338,2025-11-01,C0359,P001,Expansion,95000,15000,110000,110000,1320000
R009339,2025-12-01,C0359,P001,Recurring,110000,0,110000,110000,1320000
R009340,2024-12-01,C0360,P001,New,0,90000,90000,90000,1080000
R009341,2025-01-01,C0360,P001,Recurring,90000,0,90000,90000,1080000
R009342,2025-02-01,C0360,P001,Recurring,90000,0,90000,90000,1080000
R009343,2025-03-01,C0360,P001,Recurring,90000,0,90000,90000,1080000
R009344,2025-04-01,C0360,P001,Recurring,90000,0,90000,90000,1080000
R009345,2025-05-01,C0360,P001,Recurring,90000,0,90000,90000,1080000
R009346,2025-06-01,C0360,P001,Recurring,90000,0,90000,90000,1080000
R009347,2025-07-01,C0360,P001,Recurring,90000,0,90000,90000,1080000
R009348,2025-08-01,C0360,P001,Recurring,90000,0,90000,90000,1080000
R009349,2025-09-01,C0360,P001,Recurring,90000,0,90000,90000,1080000
R009350,2025-10-01,C0360,P001,Recurring,90000,0,90000,90000,1080000
R009351,2025-11-01,C0360,P001,Recurring,90000,0,90000,90000,1080000
R009352,2025-12-01,C0360,P001,Recurring,90000,0,90000,90000,1080000
R009353,2024-12-01,C0361,P001,New,0,115000,115000,115000,1380000
R009354,2025-01-01,C0361,P001,Recurring,115000,0,115000,115000,1380000
R009355,2025-02-01,C0361,P001,Recurring,115000,0,115000,115000,1380000
R009356,2025-03-01,C0361,P001,Recurring,115000,0,115000,115000,1380000
R009357,2025-04-01,C0361,P001,Recurring,115000,0,115000,115000,1380000
R009358,2025-05-01,C0361,P001,Recurring,115000,0,115000,115000,1380000
R009359,2025-06-01,C0361,P001,Recurring,115000,0,115000,115000,1380000
R009360,2025-07-01,C0361,P001,Recurring,115000,0,115000,115000,1380000
R009361,2025-08-01,C0361,P001,Recurring,115000,0,115000,115000,1380000
R009362,2025-09-01,C0361,P001,Recurring,115000,0,115000,115000,1380000
R009363,2025-10-01,C0361,P001,Recurring,115000,0,115000,115000,1380000
R009364,2025-11-01,C0361,P001,Recurring,115000,0,115000,115000,1380000
R009365,2025-12-01,C0361,P001,Recurring,115000,0,115000,115000,1380000
R009366,2024-12-01,C0362,P002,New,0,390000,390000,390000,4680000
R009367,2025-01-01,C0362,P002,Recurring,390000,0,390000,390000,4680000
R009368,2025-02-01,C0362,P002,Recurring,390000,0,390000,390000,4680000
R009369,2025-03-01,C0362,P002,Recurring,390000,0,390000,390000,4680000
R009370,2025-04-01,C0362,P002,Recurring,390000,0,390000,390000,4680000
R009371,2025-05-01,C0362,P002,Recurring,390000,0,390000,390000,4680000
R009372,2025-06-01,C0362,P002,Recurring,390000,0,390000,390000,4680000
R009373,2025-07-01,C0362,P002,Recurring,390000,0,390000,390000,4680000
R009374,2025-08-01,C0362,P002,Recurring,390000,0,390000,390000,4680000
R009375,2025-09-01,C0362,P002,Recurring,390000,0,390000,390000,4680000
R009376,2025-10-01,C0362,P002,Recurring,390000,0,390000,390000,4680000
R009377,2025-11-01,C0362,P002,Recurring,390000,0,390000,390000,4680000
R009378,2025-12-01,C0362,P002,Recurring,390000,0,390000,390000,4680000
R009379,2024-12-01,C0363,P001,New,0,150000,150000,150000,1800000
R009380,2025-01-01,C0363,P001,Recurring,150000,0,150000,150000,1800000
R009381,2025-02-01,C0363,P001,Recurring,150000,0,150000,150000,1800000
R009382,2025-03-01,C0363,P001,Recurring,150000,0,150000,150000,1800000
R009383,2025-04-01,C0363,P001,Recurring,150000,0,150000,150000,1800000
R009384,2025-05-01,C0363,P001,Recurring,150000,0,150000,150000,1800000
R009385,2025-06-01,C0363,P001,Recurring,150000,0,150000,150000,1800000
R009386,2025-07-01,C0363,P001,Recurring,150000,0,150000,150000,1800000
R009387,2025-08-01,C0363,P001,Recurring,150000,0,150000,150000,1800000
R009388,2025-09-01,C0363,P001,Recurring,150000,0,150000,150000,1800000
R009389,2025-10-01,C0363,P001,Recurring,150000,0,150000,150000,1800000
R009390,2025-11-01,C0363,P001,Recurring,150000,0,150000,150000,1800000
R009391,2025-12-01,C0363,P001,Recurring,150000,0,150000,150000,1800000
R009392,2024-12-01,C0364,P002,New,0,360000,360000,360000,4320000
R009393,2025-01-01,C0364,P002,Recurring,360000,0,360000,360000,4320000
R009394,2025-02-01,C0364,P002,Recurring,360000,0,360000,360000,4320000
R009395,2025-03-01,C0364,P002,Recurring,360000,0,360000,360000,4320000
R009396,2025-04-01,C0364,P002,Recurring,360000,0,360000,360000,4320000
R009397,2025-05-01,C0364,P002,Recurring,360000,0,360000,360000,4320000
R009398,2025-06-01,C0364,P002,Recurring,360000,0,360000,360000,4320000
R009399,2025-07-01,C0364,P002,Recurring,360000,0,360000,360000,4320000
R009400,2025-08-01,C0364,P002,Recurring,360000,0,360000,360000,4320000
R009401,2025-09-01,C0364,P002,Recurring,360000,0,360000,360000,4320000
R009402,2025-10-01,C0364,P002,Recurring,360000,0,360000,360000,4320000
R009403,2025-11-01,C0364,P002,Recurring,360000,0,360000,360000,4320000
R009404,2025-12-01,C0364,P002,Recurring,360000,0,360000,360000,4320000
R009405,2024-12-01,C0365,P001,New,0,170000,170000,170000,2040000
R009406,2025-01-01,C0365,P001,Recurring,170000,0,170000,170000,2040000
R009407,2025-02-01,C0365,P001,Recurring,170000,0,170000,170000,2040000
R009408,2025-03-01,C0365,P001,Recurring,170000,0,170000,170000,2040000
R009409,2025-04-01,C0365,P001,Recurring,170000,0,170000,170000,2040000
R009410,2025-05-01,C0365,P001,Recurring,170000,0,170000,170000,2040000
R009411,2025-06-01,C0365,P001,Recurring,170000,0,170000,170000,2040000
R009412,2025-07-01,C0365,P001,Recurring,170000,0,170000,170000,2040000
R009413,2025-08-01,C0365,P001,Recurring,170000,0,170000,170000,2040000
R009414,2025-09-01,C0365,P001,Recurring,170000,0,170000,170000,2040000
R009415,2025-10-01,C0365,P001,Recurring,170000,0,170000,170000,2040000
R009416,2025-11-01,C0365,P001,Recurring,170000,0,170000,170000,2040000
R009417,2025-12-01,C0365,P001,Recurring,170000,0,170000,170000,2040000
R009418,2024-12-01,C0366,P002,New,0,410000,410000,410000,4920000
R009419,2025-01-01,C0366,P002,Recurring,410000,0,410000,410000,4920000
R009420,2025-02-01,C0366,P002,Recurring,410000,0,410000,410000,4920000
R009421,2025-03-01,C0366,P002,Recurring,410000,0,410000,410000,4920000
R009422,2025-04-01,C0366,P002,Recurring,410000,0,410000,410000,4920000
R009423,2025-05-01,C0366,P002,Recurring,410000,0,410000,410000,4920000
R009424,2025-06-01,C0366,P002,Recurring,410000,0,410000,410000,4920000
R009425,2025-07-01,C0366,P002,Recurring,410000,0,410000,410000,4920000
R009426,2025-08-01,C0366,P002,Recurring,410000,0,410000,410000,4920000
R009427,2025-01-01,C0367,P001,New,0,115000,115000,115000,1380000
R009428,2025-02-01,C0367,P001,Recurring,115000,0,115000,115000,1380000
R009429,2025-03-01,C0367,P001,Recurring,115000,0,115000,115000,1380000
R009430,2025-04-01,C0367,P001,Recurring,115000,0,115000,115000,1380000
R009431,2025-05-01,C0367,P001,Recurring,115000,0,115000,115000,1380000
R009432,2025-06-01,C0367,P001,Recurring,115000,0,115000,115000,1380000
R009433,2025-07-01,C0367,P001,Recurring,115000,0,115000,115000,1380000
R009434,2025-08-01,C0367,P001,Recurring,115000,0,115000,115000,1380000
R009435,2025-09-01,C0367,P001,Recurring,115000,0,115000,115000,1380000
R009436,2025-10-01,C0367,P001,Recurring,115000,0,115000,115000,1380000
R009437,2025-11-01,C0367,P001,Recurring,115000,0,115000,115000,1380000
R009438,2025-12-01,C0367,P001,Expansion,115000,10000,125000,125000,1500000
R009439,2025-01-01,C0368,P001,New,0,130000,130000,130000,1560000
R009440,2025-02-01,C0368,P001,Recurring,130000,0,130000,130000,1560000
R009441,2025-03-01,C0368,P001,Recurring,130000,0,130000,130000,1560000
R009442,2025-04-01,C0368,P001,Recurring,130000,0,130000,130000,1560000
R009443,2025-05-01,C0368,P001,Recurring,130000,0,130000,130000,1560000
R009444,2025-06-01,C0368,P001,Recurring,130000,0,130000,130000,1560000
R009445,2025-07-01,C0368,P001,Recurring,130000,0,130000,130000,1560000
R009446,2025-08-01,C0368,P001,Recurring,130000,0,130000,130000,1560000
R009447,2025-09-01,C0368,P001,Recurring,130000,0,130000,130000,1560000
R009448,2025-10-01,C0368,P001,Recurring,130000,0,130000,130000,1560000
R009449,2025-11-01,C0368,P001,Recurring,130000,0,130000,130000,1560000
R009450,2025-12-01,C0368,P001,Recurring,130000,0,130000,130000,1560000
R009451,2025-01-01,C0369,P001,New,0,110000,110000,110000,1320000
R009452,2025-02-01,C0369,P001,Recurring,110000,0,110000,110000,1320000
R009453,2025-03-01,C0369,P001,Recurring,110000,0,110000,110000,1320000
R009454,2025-04-01,C0369,P001,Recurring,110000,0,110000,110000,1320000
R009455,2025-05-01,C0369,P001,Recurring,110000,0,110000,110000,1320000
R009456,2025-06-01,C0369,P001,Recurring,110000,0,110000,110000,1320000
R009457,2025-07-01,C0369,P001,Recurring,110000,0,110000,110000,1320000
R009458,2025-08-01,C0369,P001,Recurring,110000,0,110000,110000,1320000
R009459,2025-09-01,C0369,P001,Recurring,110000,0,110000,110000,1320000
R009460,2025-10-01,C0369,P001,Recurring,110000,0,110000,110000,1320000
R009461,2025-11-01,C0369,P001,Recurring,110000,0,110000,110000,1320000
R009462,2025-12-01,C0369,P001,Recurring,110000,0,110000,110000,1320000
R009463,2025-01-01,C0370,P001,New,0,110000,110000,110000,1320000
R009464,2025-02-01,C0370,P001,Recurring,110000,0,110000,110000,1320000
R009465,2025-03-01,C0370,P001,Recurring,110000,0,110000,110000,1320000
R009466,2025-04-01,C0370,P001,Recurring,110000,0,110000,110000,1320000
R009467,2025-05-01,C0370,P001,Recurring,110000,0,110000,110000,1320000
R009468,2025-06-01,C0370,P001,Recurring,110000,0,110000,110000,1320000
R009469,2025-07-01,C0370,P001,Recurring,110000,0,110000,110000,1320000
R009470,2025-08-01,C0370,P001,Recurring,110000,0,110000,110000,1320000
R009471,2025-09-01,C0370,P001,Recurring,110000,0,110000,110000,1320000
R009472,2025-10-01,C0370,P001,Recurring,110000,0,110000,110000,1320000
R009473,2025-11-01,C0370,P001,Recurring,110000,0,110000,110000,1320000
R009474,2025-12-01,C0370,P001,Recurring,110000,0,110000,110000,1320000
R009475,2025-01-01,C0371,P002,New,0,400000,400000,400000,4800000
R009476,2025-02-01,C0371,P002,Recurring,400000,0,400000,400000,4800000
R009477,2025-03-01,C0371,P002,Recurring,400000,0,400000,400000,4800000
R009478,2025-04-01,C0371,P002,Recurring,400000,0,400000,400000,4800000
R009479,2025-05-01,C0371,P002,Recurring,400000,0,400000,400000,4800000
R009480,2025-06-01,C0371,P002,Recurring,400000,0,400000,400000,4800000
R009481,2025-07-01,C0371,P002,Recurring,400000,0,400000,400000,4800000
R009482,2025-08-01,C0371,P002,Recurring,400000,0,400000,400000,4800000
R009483,2025-09-01,C0371,P002,Recurring,400000,0,400000,400000,4800000
R009484,2025-10-01,C0371,P002,Recurring,400000,0,400000,400000,4800000
R009485,2025-11-01,C0371,P002,Recurring,400000,0,400000,400000,4800000
R009486,2025-12-01,C0371,P002,Recurring,400000,0,400000,400000,4800000
R009487,2025-01-01,C0372,P002,New,0,460000,460000,460000,5520000
R009488,2025-02-01,C0372,P002,Recurring,460000,0,460000,460000,5520000
R009489,2025-03-01,C0372,P002,Recurring,460000,0,460000,460000,5520000
R009490,2025-04-01,C0372,P002,Recurring,460000,0,460000,460000,5520000
R009491,2025-05-01,C0372,P002,Recurring,460000,0,460000,460000,5520000
R009492,2025-06-01,C0372,P002,Recurring,460000,0,460000,460000,5520000
R009493,2025-07-01,C0372,P002,Recurring,460000,0,460000,460000,5520000
R009494,2025-08-01,C0372,P002,Recurring,460000,0,460000,460000,5520000
R009495,2025-09-01,C0372,P002,Recurring,460000,0,460000,460000,5520000
R009496,2025-10-01,C0372,P002,Recurring,460000,0,460000,460000,5520000
R009497,2025-11-01,C0372,P002,Recurring,460000,0,460000,460000,5520000
R009498,2025-12-01,C0372,P002,Recurring,460000,0,460000,460000,5520000
R009499,2025-01-01,C0373,P002,New,0,430000,430000,430000,5160000
R009500,2025-02-01,C0373,P002,Recurring,430000,0,430000,430000,5160000
R009501,2025-03-01,C0373,P002,Recurring,430000,0,430000,430000,5160000
R009502,2025-04-01,C0373,P002,Recurring,430000,0,430000,430000,5160000
R009503,2025-05-01,C0373,P002,Recurring,430000,0,430000,430000,5160000
R009504,2025-06-01,C0373,P002,Recurring,430000,0,430000,430000,5160000
R009505,2025-07-01,C0373,P002,Recurring,430000,0,430000,430000,5160000
R009506,2025-08-01,C0373,P002,Recurring,430000,0,430000,430000,5160000
R009507,2025-09-01,C0373,P002,Recurring,430000,0,430000,430000,5160000
R009508,2025-10-01,C0373,P002,Recurring,430000,0,430000,430000,5160000
R009509,2025-11-01,C0373,P002,Recurring,430000,0,430000,430000,5160000
R009510,2025-12-01,C0373,P002,Recurring,430000,0,430000,430000,5160000
R009511,2025-01-01,C0374,P002,New,0,270000,270000,270000,3240000
R009512,2025-02-01,C0374,P002,Recurring,270000,0,270000,270000,3240000
R009513,2025-03-01,C0374,P002,Recurring,270000,0,270000,270000,3240000
R009514,2025-04-01,C0374,P002,Recurring,270000,0,270000,270000,3240000
R009515,2025-05-01,C0374,P002,Recurring,270000,0,270000,270000,3240000
R009516,2025-06-01,C0374,P002,Recurring,270000,0,270000,270000,3240000
R009517,2025-07-01,C0374,P002,Recurring,270000,0,270000,270000,3240000
R009518,2025-08-01,C0374,P002,Recurring,270000,0,270000,270000,3240000
R009519,2025-09-01,C0374,P002,Recurring,270000,0,270000,270000,3240000
R009520,2025-10-01,C0374,P002,Recurring,270000,0,270000,270000,3240000
R009521,2025-11-01,C0374,P002,Expansion,270000,45000,315000,315000,3780000
R009522,2025-12-01,C0374,P002,Recurring,315000,0,315000,315000,3780000
R009523,2025-01-01,C0375,P001,New,0,165000,165000,165000,1980000
R009524,2025-02-01,C0375,P001,Recurring,165000,0,165000,165000,1980000
R009525,2025-03-01,C0375,P001,Recurring,165000,0,165000,165000,1980000
R009526,2025-04-01,C0375,P001,Recurring,165000,0,165000,165000,1980000
R009527,2025-05-01,C0375,P001,Recurring,165000,0,165000,165000,1980000
R009528,2025-06-01,C0375,P001,Recurring,165000,0,165000,165000,1980000
R009529,2025-07-01,C0375,P001,Recurring,165000,0,165000,165000,1980000
R009530,2025-08-01,C0375,P001,Recurring,165000,0,165000,165000,1980000
R009531,2025-09-01,C0375,P001,Recurring,165000,0,165000,165000,1980000
R009532,2025-10-01,C0375,P001,Recurring,165000,0,165000,165000,1980000
R009533,2025-11-01,C0375,P001,Recurring,165000,0,165000,165000,1980000
R009534,2025-01-01,C0376,P002,New,0,260000,260000,260000,3120000
R009535,2025-02-01,C0376,P002,Recurring,260000,0,260000,260000,3120000
R009536,2025-03-01,C0376,P002,Recurring,260000,0,260000,260000,3120000
R009537,2025-04-01,C0376,P002,Recurring,260000,0,260000,260000,3120000
R009538,2025-05-01,C0376,P002,Recurring,260000,0,260000,260000,3120000
R009539,2025-06-01,C0376,P002,Recurring,260000,0,260000,260000,3120000
R009540,2025-07-01,C0376,P002,Recurring,260000,0,260000,260000,3120000
R009541,2025-08-01,C0376,P002,Recurring,260000,0,260000,260000,3120000
R009542,2025-09-01,C0376,P002,Recurring,260000,0,260000,260000,3120000
R009543,2025-10-01,C0376,P002,Expansion,260000,25000,285000,285000,3420000
R009544,2025-11-01,C0376,P002,Recurring,285000,0,285000,285000,3420000
R009545,2025-12-01,C0376,P002,Recurring,285000,0,285000,285000,3420000
R009546,2025-01-01,C0377,P001,New,0,160000,160000,160000,1920000
R009547,2025-02-01,C0377,P001,Recurring,160000,0,160000,160000,1920000
R009548,2025-03-01,C0377,P001,Recurring,160000,0,160000,160000,1920000
R009549,2025-04-01,C0377,P001,Recurring,160000,0,160000,160000,1920000
R009550,2025-05-01,C0377,P001,Recurring,160000,0,160000,160000,1920000
R009551,2025-06-01,C0377,P001,Recurring,160000,0,160000,160000,1920000
R009552,2025-07-01,C0377,P001,Recurring,160000,0,160000,160000,1920000
R009553,2025-08-01,C0377,P001,Recurring,160000,0,160000,160000,1920000
R009554,2025-09-01,C0377,P001,Recurring,160000,0,160000,160000,1920000
R009555,2025-02-01,C0378,P001,New,0,100000,100000,100000,1200000
R009556,2025-03-01,C0378,P001,Recurring,100000,0,100000,100000,1200000
R009557,2025-04-01,C0378,P001,Recurring,100000,0,100000,100000,1200000
R009558,2025-05-01,C0378,P001,Recurring,100000,0,100000,100000,1200000
R009559,2025-06-01,C0378,P001,Recurring,100000,0,100000,100000,1200000
R009560,2025-07-01,C0378,P001,Recurring,100000,0,100000,100000,1200000
R009561,2025-08-01,C0378,P001,Recurring,100000,0,100000,100000,1200000
R009562,2025-09-01,C0378,P001,Recurring,100000,0,100000,100000,1200000
R009563,2025-10-01,C0378,P001,Recurring,100000,0,100000,100000,1200000
R009564,2025-11-01,C0378,P001,Recurring,100000,0,100000,100000,1200000
R009565,2025-12-01,C0378,P001,Recurring,100000,0,100000,100000,1200000
R009566,2025-02-01,C0379,P002,New,0,400000,400000,400000,4800000
R009567,2025-03-01,C0379,P002,Recurring,400000,0,400000,400000,4800000
R009568,2025-04-01,C0379,P002,Recurring,400000,0,400000,400000,4800000
R009569,2025-05-01,C0379,P002,Recurring,400000,0,400000,400000,4800000
R009570,2025-06-01,C0379,P002,Recurring,400000,0,400000,400000,4800000
R009571,2025-07-01,C0379,P002,Recurring,400000,0,400000,400000,4800000
R009572,2025-08-01,C0379,P002,Recurring,400000,0,400000,400000,4800000
R009573,2025-09-01,C0379,P002,Recurring,400000,0,400000,400000,4800000
R009574,2025-10-01,C0379,P002,Recurring,400000,0,400000,400000,4800000
R009575,2025-02-01,C0380,P002,New,0,370000,370000,370000,4440000
R009576,2025-03-01,C0380,P002,Recurring,370000,0,370000,370000,4440000
R009577,2025-04-01,C0380,P002,Recurring,370000,0,370000,370000,4440000
R009578,2025-05-01,C0380,P002,Recurring,370000,0,370000,370000,4440000
R009579,2025-06-01,C0380,P002,Recurring,370000,0,370000,370000,4440000
R009580,2025-07-01,C0380,P002,Recurring,370000,0,370000,370000,4440000
R009581,2025-08-01,C0380,P002,Recurring,370000,0,370000,370000,4440000
R009582,2025-09-01,C0380,P002,Recurring,370000,0,370000,370000,4440000
R009583,2025-10-01,C0380,P002,Expansion,370000,45000,415000,415000,4980000
R009584,2025-11-01,C0380,P002,Recurring,415000,0,415000,415000,4980000
R009585,2025-12-01,C0380,P002,Recurring,415000,0,415000,415000,4980000
R009586,2025-02-01,C0381,P001,New,0,95000,95000,95000,1140000
R009587,2025-03-01,C0381,P001,Recurring,95000,0,95000,95000,1140000
R009588,2025-04-01,C0381,P001,Recurring,95000,0,95000,95000,1140000
R009589,2025-05-01,C0381,P001,Recurring,95000,0,95000,95000,1140000
R009590,2025-06-01,C0381,P001,Recurring,95000,0,95000,95000,1140000
R009591,2025-07-01,C0381,P001,Recurring,95000,0,95000,95000,1140000
R009592,2025-08-01,C0381,P001,Recurring,95000,0,95000,95000,1140000
R009593,2025-09-01,C0381,P001,Recurring,95000,0,95000,95000,1140000
R009594,2025-10-01,C0381,P001,Recurring,95000,0,95000,95000,1140000
R009595,2025-11-01,C0381,P001,Recurring,95000,0,95000,95000,1140000
R009596,2025-12-01,C0381,P001,Recurring,95000,0,95000,95000,1140000
R009597,2025-02-01,C0382,P001,New,0,120000,120000,120000,1440000
R009598,2025-03-01,C0382,P001,Recurring,120000,0,120000,120000,1440000
R009599,2025-04-01,C0382,P001,Recurring,120000,0,120000,120000,1440000
R009600,2025-05-01,C0382,P001,Recurring,120000,0,120000,120000,1440000
R009601,2025-06-01,C0382,P001,Recurring,120000,0,120000,120000,1440000
R009602,2025-07-01,C0382,P001,Recurring,120000,0,120000,120000,1440000
R009603,2025-08-01,C0382,P001,Recurring,120000,0,120000,120000,1440000
R009604,2025-09-01,C0382,P001,Recurring,120000,0,120000,120000,1440000
R009605,2025-10-01,C0382,P001,Recurring,120000,0,120000,120000,1440000
R009606,2025-11-01,C0382,P001,Recurring,120000,0,120000,120000,1440000
R009607,2025-12-01,C0382,P001,Expansion,120000,20000,140000,140000,1680000
R009608,2025-02-01,C0383,P001,New,0,130000,130000,130000,1560000
R009609,2025-03-01,C0383,P001,Recurring,130000,0,130000,130000,1560000
R009610,2025-04-01,C0383,P001,Recurring,130000,0,130000,130000,1560000
R009611,2025-05-01,C0383,P001,Recurring,130000,0,130000,130000,1560000
R009612,2025-06-01,C0383,P001,Recurring,130000,0,130000,130000,1560000
R009613,2025-07-01,C0383,P001,Recurring,130000,0,130000,130000,1560000
R009614,2025-08-01,C0383,P001,Recurring,130000,0,130000,130000,1560000
R009615,2025-09-01,C0383,P001,Recurring,130000,0,130000,130000,1560000
R009616,2025-10-01,C0383,P001,Recurring,130000,0,130000,130000,1560000
R009617,2025-11-01,C0383,P001,Recurring,130000,0,130000,130000,1560000
R009618,2025-12-01,C0383,P001,Recurring,130000,0,130000,130000,1560000
R009619,2025-02-01,C0384,P002,New,0,300000,300000,300000,3600000
R009620,2025-03-01,C0384,P002,Recurring,300000,0,300000,300000,3600000
R009621,2025-04-01,C0384,P002,Recurring,300000,0,300000,300000,3600000
R009622,2025-05-01,C0384,P002,Recurring,300000,0,300000,300000,3600000
R009623,2025-06-01,C0384,P002,Recurring,300000,0,300000,300000,3600000
R009624,2025-07-01,C0384,P002,Recurring,300000,0,300000,300000,3600000
R009625,2025-08-01,C0384,P002,Recurring,300000,0,300000,300000,3600000
R009626,2025-09-01,C0384,P002,Recurring,300000,0,300000,300000,3600000
R009627,2025-10-01,C0384,P002,Expansion,300000,50000,350000,350000,4200000
R009628,2025-11-01,C0384,P002,Recurring,350000,0,350000,350000,4200000
R009629,2025-12-01,C0384,P002,Recurring,350000,0,350000,350000,4200000
R009630,2025-02-01,C0385,P001,New,0,160000,160000,160000,1920000
R009631,2025-03-01,C0385,P001,Recurring,160000,0,160000,160000,1920000
R009632,2025-04-01,C0385,P001,Recurring,160000,0,160000,160000,1920000
R009633,2025-05-01,C0385,P001,Recurring,160000,0,160000,160000,1920000
R009634,2025-06-01,C0385,P001,Recurring,160000,0,160000,160000,1920000
R009635,2025-07-01,C0385,P001,Recurring,160000,0,160000,160000,1920000
R009636,2025-08-01,C0385,P001,Recurring,160000,0,160000,160000,1920000
R009637,2025-09-01,C0385,P001,Recurring,160000,0,160000,160000,1920000
R009638,2025-10-01,C0385,P001,Recurring,160000,0,160000,160000,1920000
R009639,2025-11-01,C0385,P001,Recurring,160000,0,160000,160000,1920000
R009640,2025-12-01,C0385,P001,Recurring,160000,0,160000,160000,1920000
R009641,2025-02-01,C0386,P002,New,0,320000,320000,320000,3840000
R009642,2025-03-01,C0386,P002,Recurring,320000,0,320000,320000,3840000
R009643,2025-04-01,C0386,P002,Recurring,320000,0,320000,320000,3840000
R009644,2025-05-01,C0386,P002,Recurring,320000,0,320000,320000,3840000
R009645,2025-06-01,C0386,P002,Recurring,320000,0,320000,320000,3840000
R009646,2025-07-01,C0386,P002,Recurring,320000,0,320000,320000,3840000
R009647,2025-08-01,C0386,P002,Recurring,320000,0,320000,320000,3840000
R009648,2025-09-01,C0386,P002,Recurring,320000,0,320000,320000,3840000
R009649,2025-10-01,C0386,P002,Recurring,320000,0,320000,320000,3840000
R009650,2025-11-01,C0386,P002,Recurring,320000,0,320000,320000,3840000
R009651,2025-12-01,C0386,P002,Recurring,320000,0,320000,320000,3840000
R009652,2025-02-01,C0387,P001,New,0,115000,115000,115000,1380000
R009653,2025-03-01,C0387,P001,Recurring,115000,0,115000,115000,1380000
R009654,2025-04-01,C0387,P001,Recurring,115000,0,115000,115000,1380000
R009655,2025-05-01,C0387,P001,Recurring,115000,0,115000,115000,1380000
R009656,2025-06-01,C0387,P001,Recurring,115000,0,115000,115000,1380000
R009657,2025-07-01,C0387,P001,Recurring,115000,0,115000,115000,1380000
R009658,2025-08-01,C0387,P001,Recurring,115000,0,115000,115000,1380000
R009659,2025-09-01,C0387,P001,Recurring,115000,0,115000,115000,1380000
R009660,2025-10-01,C0387,P001,Recurring,115000,0,115000,115000,1380000
R009661,2025-02-01,C0388,P001,New,0,90000,90000,90000,1080000
R009662,2025-03-01,C0388,P001,Recurring,90000,0,90000,90000,1080000
R009663,2025-04-01,C0388,P001,Recurring,90000,0,90000,90000,1080000
R009664,2025-05-01,C0388,P001,Recurring,90000,0,90000,90000,1080000
R009665,2025-06-01,C0388,P001,Recurring,90000,0,90000,90000,1080000
R009666,2025-07-01,C0388,P001,Recurring,90000,0,90000,90000,1080000
R009667,2025-08-01,C0388,P001,Recurring,90000,0,90000,90000,1080000
R009668,2025-09-01,C0388,P001,Recurring,90000,0,90000,90000,1080000
R009669,2025-10-01,C0388,P001,Recurring,90000,0,90000,90000,1080000
R009670,2025-11-01,C0388,P001,Expansion,90000,15000,105000,105000,1260000
R009671,2025-12-01,C0388,P001,Recurring,105000,0,105000,105000,1260000
R009672,2025-02-01,C0389,P002,New,0,360000,360000,360000,4320000
R009673,2025-03-01,C0389,P002,Recurring,360000,0,360000,360000,4320000
R009674,2025-04-01,C0389,P002,Recurring,360000,0,360000,360000,4320000
R009675,2025-05-01,C0389,P002,Recurring,360000,0,360000,360000,4320000
R009676,2025-06-01,C0389,P002,Recurring,360000,0,360000,360000,4320000
R009677,2025-07-01,C0389,P002,Recurring,360000,0,360000,360000,4320000
R009678,2025-08-01,C0389,P002,Recurring,360000,0,360000,360000,4320000
R009679,2025-09-01,C0389,P002,Recurring,360000,0,360000,360000,4320000
R009680,2025-10-01,C0389,P002,Recurring,360000,0,360000,360000,4320000
R009681,2025-02-01,C0390,P002,New,0,270000,270000,270000,3240000
R009682,2025-03-01,C0390,P002,Recurring,270000,0,270000,270000,3240000
R009683,2025-04-01,C0390,P002,Recurring,270000,0,270000,270000,3240000
R009684,2025-05-01,C0390,P002,Recurring,270000,0,270000,270000,3240000
R009685,2025-06-01,C0390,P002,Recurring,270000,0,270000,270000,3240000
R009686,2025-07-01,C0390,P002,Recurring,270000,0,270000,270000,3240000
R009687,2025-08-01,C0390,P002,Recurring,270000,0,270000,270000,3240000
R009688,2025-09-01,C0390,P002,Recurring,270000,0,270000,270000,3240000
R009689,2025-10-01,C0390,P002,Recurring,270000,0,270000,270000,3240000
R009690,2025-11-01,C0390,P002,Recurring,270000,0,270000,270000,3240000
R009691,2025-12-01,C0390,P002,Expansion,270000,35000,305000,305000,3660000
R009692,2025-03-01,C0391,P002,New,0,430000,430000,430000,5160000
R009693,2025-04-01,C0391,P002,Recurring,430000,0,430000,430000,5160000
R009694,2025-05-01,C0391,P002,Recurring,430000,0,430000,430000,5160000
R009695,2025-06-01,C0391,P002,Recurring,430000,0,430000,430000,5160000
R009696,2025-07-01,C0391,P002,Recurring,430000,0,430000,430000,5160000
R009697,2025-08-01,C0391,P002,Recurring,430000,0,430000,430000,5160000
R009698,2025-09-01,C0391,P002,Recurring,430000,0,430000,430000,5160000
R009699,2025-10-01,C0391,P002,Recurring,430000,0,430000,430000,5160000
R009700,2025-11-01,C0391,P002,Recurring,430000,0,430000,430000,5160000
R009701,2025-12-01,C0391,P002,Recurring,430000,0,430000,430000,5160000
R009702,2025-03-01,C0392,P001,New,0,135000,135000,135000,1620000
R009703,2025-04-01,C0392,P001,Recurring,135000,0,135000,135000,1620000
R009704,2025-05-01,C0392,P001,Recurring,135000,0,135000,135000,1620000
R009705,2025-06-01,C0392,P001,Recurring,135000,0,135000,135000,1620000
R009706,2025-07-01,C0392,P001,Recurring,135000,0,135000,135000,1620000
R009707,2025-08-01,C0392,P001,Recurring,135000,0,135000,135000,1620000
R009708,2025-09-01,C0392,P001,Recurring,135000,0,135000,135000,1620000
R009709,2025-10-01,C0392,P001,Recurring,135000,0,135000,135000,1620000
R009710,2025-11-01,C0392,P001,Recurring,135000,0,135000,135000,1620000
R009711,2025-12-01,C0392,P001,Recurring,135000,0,135000,135000,1620000
R009712,2025-03-01,C0393,P001,New,0,100000,100000,100000,1200000
R009713,2025-04-01,C0393,P001,Recurring,100000,0,100000,100000,1200000
R009714,2025-05-01,C0393,P001,Recurring,100000,0,100000,100000,1200000
R009715,2025-06-01,C0393,P001,Recurring,100000,0,100000,100000,1200000
R009716,2025-07-01,C0393,P001,Recurring,100000,0,100000,100000,1200000
R009717,2025-08-01,C0393,P001,Recurring,100000,0,100000,100000,1200000
R009718,2025-09-01,C0393,P001,Recurring,100000,0,100000,100000,1200000
R009719,2025-10-01,C0393,P001,Recurring,100000,0,100000,100000,1200000
R009720,2025-11-01,C0393,P001,Recurring,100000,0,100000,100000,1200000
R009721,2025-12-01,C0393,P001,Recurring,100000,0,100000,100000,1200000
R009722,2025-03-01,C0394,P002,New,0,420000,420000,420000,5040000
R009723,2025-04-01,C0394,P002,Recurring,420000,0,420000,420000,5040000
R009724,2025-05-01,C0394,P002,Recurring,420000,0,420000,420000,5040000
R009725,2025-06-01,C0394,P002,Recurring,420000,0,420000,420000,5040000
R009726,2025-07-01,C0394,P002,Recurring,420000,0,420000,420000,5040000
R009727,2025-08-01,C0394,P002,Recurring,420000,0,420000,420000,5040000
R009728,2025-09-01,C0394,P002,Recurring,420000,0,420000,420000,5040000
R009729,2025-10-01,C0394,P002,Recurring,420000,0,420000,420000,5040000
R009730,2025-11-01,C0394,P002,Recurring,420000,0,420000,420000,5040000
R009731,2025-12-01,C0394,P002,Recurring,420000,0,420000,420000,5040000
R009732,2025-03-01,C0395,P001,New,0,165000,165000,165000,1980000
R009733,2025-04-01,C0395,P001,Recurring,165000,0,165000,165000,1980000
R009734,2025-05-01,C0395,P001,Recurring,165000,0,165000,165000,1980000
R009735,2025-06-01,C0395,P001,Recurring,165000,0,165000,165000,1980000
R009736,2025-07-01,C0395,P001,Recurring,165000,0,165000,165000,1980000
R009737,2025-08-01,C0395,P001,Recurring,165000,0,165000,165000,1980000
R009738,2025-09-01,C0395,P001,Recurring,165000,0,165000,165000,1980000
R009739,2025-10-01,C0395,P001,Recurring,165000,0,165000,165000,1980000
R009740,2025-11-01,C0395,P001,Recurring,165000,0,165000,165000,1980000
R009741,2025-12-01,C0395,P001,Recurring,165000,0,165000,165000,1980000
R009742,2025-03-01,C0396,P002,New,0,420000,420000,420000,5040000
R009743,2025-04-01,C0396,P002,Recurring,420000,0,420000,420000,5040000
R009744,2025-05-01,C0396,P002,Recurring,420000,0,420000,420000,5040000
R009745,2025-06-01,C0396,P002,Recurring,420000,0,420000,420000,5040000
R009746,2025-07-01,C0396,P002,Recurring,420000,0,420000,420000,5040000
R009747,2025-08-01,C0396,P002,Recurring,420000,0,420000,420000,5040000
R009748,2025-09-01,C0396,P002,Recurring,420000,0,420000,420000,5040000
R009749,2025-10-01,C0396,P002,Recurring,420000,0,420000,420000,5040000
R009750,2025-11-01,C0396,P002,Recurring,420000,0,420000,420000,5040000
R009751,2025-12-01,C0396,P002,Recurring,420000,0,420000,420000,5040000
R009752,2025-03-01,C0397,P001,New,0,115000,115000,115000,1380000
R009753,2025-04-01,C0397,P001,Recurring,115000,0,115000,115000,1380000
R009754,2025-05-01,C0397,P001,Recurring,115000,0,115000,115000,1380000
R009755,2025-06-01,C0397,P001,Recurring,115000,0,115000,115000,1380000
R009756,2025-07-01,C0397,P001,Recurring,115000,0,115000,115000,1380000
R009757,2025-08-01,C0397,P001,Recurring,115000,0,115000,115000,1380000
R009758,2025-09-01,C0397,P001,Recurring,115000,0,115000,115000,1380000
R009759,2025-10-01,C0397,P001,Recurring,115000,0,115000,115000,1380000
R009760,2025-11-01,C0397,P001,Recurring,115000,0,115000,115000,1380000
R009761,2025-12-01,C0397,P001,Recurring,115000,0,115000,115000,1380000
R009762,2025-03-01,C0398,P002,New,0,440000,440000,440000,5280000
R009763,2025-04-01,C0398,P002,Recurring,440000,0,440000,440000,5280000
R009764,2025-05-01,C0398,P002,Recurring,440000,0,440000,440000,5280000
R009765,2025-06-01,C0398,P002,Recurring,440000,0,440000,440000,5280000
R009766,2025-07-01,C0398,P002,Recurring,440000,0,440000,440000,5280000
R009767,2025-08-01,C0398,P002,Recurring,440000,0,440000,440000,5280000
R009768,2025-09-01,C0398,P002,Recurring,440000,0,440000,440000,5280000
R009769,2025-10-01,C0398,P002,Recurring,440000,0,440000,440000,5280000
R009770,2025-11-01,C0398,P002,Recurring,440000,0,440000,440000,5280000
R009771,2025-12-01,C0398,P002,Recurring,440000,0,440000,440000,5280000
R009772,2025-03-01,C0399,P002,New,0,250000,250000,250000,3000000
R009773,2025-04-01,C0399,P002,Recurring,250000,0,250000,250000,3000000
R009774,2025-05-01,C0399,P002,Recurring,250000,0,250000,250000,3000000
R009775,2025-06-01,C0399,P002,Recurring,250000,0,250000,250000,3000000
R009776,2025-07-01,C0399,P002,Recurring,250000,0,250000,250000,3000000
R009777,2025-08-01,C0399,P002,Recurring,250000,0,250000,250000,3000000
R009778,2025-09-01,C0399,P002,Recurring,250000,0,250000,250000,3000000
R009779,2025-10-01,C0399,P002,Recurring,250000,0,250000,250000,3000000
R009780,2025-11-01,C0399,P002,Expansion,250000,40000,290000,290000,3480000
R009781,2025-12-01,C0399,P002,Recurring,290000,0,290000,290000,3480000
R009782,2025-03-01,C0400,P001,New,0,105000,105000,105000,1260000
R009783,2025-04-01,C0400,P001,Recurring,105000,0,105000,105000,1260000
R009784,2025-05-01,C0400,P001,Recurring,105000,0,105000,105000,1260000
R009785,2025-06-01,C0400,P001,Recurring,105000,0,105000,105000,1260000
R009786,2025-07-01,C0400,P001,Recurring,105000,0,105000,105000,1260000
R009787,2025-08-01,C0400,P001,Recurring,105000,0,105000,105000,1260000
R009788,2025-09-01,C0400,P001,Recurring,105000,0,105000,105000,1260000
R009789,2025-10-01,C0400,P001,Recurring,105000,0,105000,105000,1260000
R009790,2025-11-01,C0400,P001,Expansion,105000,20000,125000,125000,1500000
R009791,2025-12-01,C0400,P001,Recurring,125000,0,125000,125000,1500000
R009792,2025-03-01,C0401,P002,New,0,400000,400000,400000,4800000
R009793,2025-04-01,C0401,P002,Recurring,400000,0,400000,400000,4800000
R009794,2025-05-01,C0401,P002,Recurring,400000,0,400000,400000,4800000
R009795,2025-06-01,C0401,P002,Recurring,400000,0,400000,400000,4800000
R009796,2025-07-01,C0401,P002,Recurring,400000,0,400000,400000,4800000
R009797,2025-08-01,C0401,P002,Recurring,400000,0,400000,400000,4800000
R009798,2025-09-01,C0401,P002,Recurring,400000,0,400000,400000,4800000
R009799,2025-10-01,C0401,P002,Recurring,400000,0,400000,400000,4800000
R009800,2025-11-01,C0401,P002,Recurring,400000,0,400000,400000,4800000
R009801,2025-12-01,C0401,P002,Recurring,400000,0,400000,400000,4800000
R009802,2025-03-01,C0402,P001,New,0,125000,125000,125000,1500000
R009803,2025-04-01,C0402,P001,Recurring,125000,0,125000,125000,1500000
R009804,2025-05-01,C0402,P001,Recurring,125000,0,125000,125000,1500000
R009805,2025-06-01,C0402,P001,Recurring,125000,0,125000,125000,1500000
R009806,2025-07-01,C0402,P001,Recurring,125000,0,125000,125000,1500000
R009807,2025-08-01,C0402,P001,Recurring,125000,0,125000,125000,1500000
R009808,2025-09-01,C0402,P001,Recurring,125000,0,125000,125000,1500000
R009809,2025-10-01,C0402,P001,Recurring,125000,0,125000,125000,1500000
R009810,2025-11-01,C0402,P001,Recurring,125000,0,125000,125000,1500000
R009811,2025-12-01,C0402,P001,Recurring,125000,0,125000,125000,1500000
R009812,2025-03-01,C0403,P001,New,0,105000,105000,105000,1260000
R009813,2025-04-01,C0403,P001,Recurring,105000,0,105000,105000,1260000
R009814,2025-05-01,C0403,P001,Recurring,105000,0,105000,105000,1260000
R009815,2025-06-01,C0403,P001,Recurring,105000,0,105000,105000,1260000
R009816,2025-07-01,C0403,P001,Recurring,105000,0,105000,105000,1260000
R009817,2025-08-01,C0403,P001,Recurring,105000,0,105000,105000,1260000
R009818,2025-09-01,C0403,P001,Recurring,105000,0,105000,105000,1260000
R009819,2025-10-01,C0403,P001,Recurring,105000,0,105000,105000,1260000
R009820,2025-11-01,C0403,P001,Recurring,105000,0,105000,105000,1260000
R009821,2025-12-01,C0403,P001,Recurring,105000,0,105000,105000,1260000
R009822,2025-03-01,C0404,P001,New,0,105000,105000,105000,1260000
R009823,2025-04-01,C0404,P001,Recurring,105000,0,105000,105000,1260000
R009824,2025-05-01,C0404,P001,Recurring,105000,0,105000,105000,1260000
R009825,2025-06-01,C0404,P001,Recurring,105000,0,105000,105000,1260000
R009826,2025-07-01,C0404,P001,Recurring,105000,0,105000,105000,1260000
R009827,2025-08-01,C0404,P001,Recurring,105000,0,105000,105000,1260000
R009828,2025-09-01,C0404,P001,Recurring,105000,0,105000,105000,1260000
R009829,2025-10-01,C0404,P001,Recurring,105000,0,105000,105000,1260000
R009830,2025-11-01,C0404,P001,Recurring,105000,0,105000,105000,1260000
R009831,2025-12-01,C0404,P001,Recurring,105000,0,105000,105000,1260000
R009832,2025-03-01,C0405,P001,New,0,140000,140000,140000,1680000
R009833,2025-04-01,C0405,P001,Recurring,140000,0,140000,140000,1680000
R009834,2025-05-01,C0405,P001,Recurring,140000,0,140000,140000,1680000
R009835,2025-06-01,C0405,P001,Recurring,140000,0,140000,140000,1680000
R009836,2025-07-01,C0405,P001,Recurring,140000,0,140000,140000,1680000
R009837,2025-08-01,C0405,P001,Recurring,140000,0,140000,140000,1680000
R009838,2025-09-01,C0405,P001,Recurring,140000,0,140000,140000,1680000
R009839,2025-10-01,C0405,P001,Recurring,140000,0,140000,140000,1680000
R009840,2025-11-01,C0405,P001,Recurring,140000,0,140000,140000,1680000
R009841,2025-12-01,C0405,P001,Recurring,140000,0,140000,140000,1680000
R009842,2025-04-01,C0406,P001,New,0,165000,165000,165000,1980000
R009843,2025-05-01,C0406,P001,Recurring,165000,0,165000,165000,1980000
R009844,2025-06-01,C0406,P001,Recurring,165000,0,165000,165000,1980000
R009845,2025-07-01,C0406,P001,Recurring,165000,0,165000,165000,1980000
R009846,2025-08-01,C0406,P001,Recurring,165000,0,165000,165000,1980000
R009847,2025-09-01,C0406,P001,Recurring,165000,0,165000,165000,1980000
R009848,2025-10-01,C0406,P001,Recurring,165000,0,165000,165000,1980000
R009849,2025-11-01,C0406,P001,Recurring,165000,0,165000,165000,1980000
R009850,2025-12-01,C0406,P001,Recurring,165000,0,165000,165000,1980000
R009851,2025-04-01,C0407,P001,New,0,140000,140000,140000,1680000
R009852,2025-05-01,C0407,P001,Recurring,140000,0,140000,140000,1680000
R009853,2025-06-01,C0407,P001,Recurring,140000,0,140000,140000,1680000
R009854,2025-07-01,C0407,P001,Recurring,140000,0,140000,140000,1680000
R009855,2025-08-01,C0407,P001,Recurring,140000,0,140000,140000,1680000
R009856,2025-09-01,C0407,P001,Recurring,140000,0,140000,140000,1680000
R009857,2025-10-01,C0407,P001,Recurring,140000,0,140000,140000,1680000
R009858,2025-11-01,C0407,P001,Recurring,140000,0,140000,140000,1680000
R009859,2025-12-01,C0407,P001,Recurring,140000,0,140000,140000,1680000
R009860,2025-04-01,C0408,P001,New,0,140000,140000,140000,1680000
R009861,2025-05-01,C0408,P001,Recurring,140000,0,140000,140000,1680000
R009862,2025-06-01,C0408,P001,Recurring,140000,0,140000,140000,1680000
R009863,2025-07-01,C0408,P001,Recurring,140000,0,140000,140000,1680000
R009864,2025-08-01,C0408,P001,Recurring,140000,0,140000,140000,1680000
R009865,2025-09-01,C0408,P001,Recurring,140000,0,140000,140000,1680000
R009866,2025-10-01,C0408,P001,Recurring,140000,0,140000,140000,1680000
R009867,2025-11-01,C0408,P001,Recurring,140000,0,140000,140000,1680000
R009868,2025-12-01,C0408,P001,Recurring,140000,0,140000,140000,1680000
R009869,2025-04-01,C0409,P001,New,0,165000,165000,165000,1980000
R009870,2025-05-01,C0409,P001,Recurring,165000,0,165000,165000,1980000
R009871,2025-06-01,C0409,P001,Recurring,165000,0,165000,165000,1980000
R009872,2025-07-01,C0409,P001,Recurring,165000,0,165000,165000,1980000
R009873,2025-08-01,C0409,P001,Recurring,165000,0,165000,165000,1980000
R009874,2025-09-01,C0409,P001,Recurring,165000,0,165000,165000,1980000
R009875,2025-10-01,C0409,P001,Recurring,165000,0,165000,165000,1980000
R009876,2025-11-01,C0409,P001,Recurring,165000,0,165000,165000,1980000
R009877,2025-12-01,C0409,P001,Recurring,165000,0,165000,165000,1980000
R009878,2025-04-01,C0410,P001,New,0,110000,110000,110000,1320000
R009879,2025-05-01,C0410,P001,Recurring,110000,0,110000,110000,1320000
R009880,2025-06-01,C0410,P001,Recurring,110000,0,110000,110000,1320000
R009881,2025-07-01,C0410,P001,Recurring,110000,0,110000,110000,1320000
R009882,2025-08-01,C0410,P001,Recurring,110000,0,110000,110000,1320000
R009883,2025-09-01,C0410,P001,Recurring,110000,0,110000,110000,1320000
R009884,2025-10-01,C0410,P001,Recurring,110000,0,110000,110000,1320000
R009885,2025-11-01,C0410,P001,Recurring,110000,0,110000,110000,1320000
R009886,2025-12-01,C0410,P001,Recurring,110000,0,110000,110000,1320000
R009887,2025-04-01,C0411,P001,New,0,110000,110000,110000,1320000
R009888,2025-05-01,C0411,P001,Recurring,110000,0,110000,110000,1320000
R009889,2025-06-01,C0411,P001,Recurring,110000,0,110000,110000,1320000
R009890,2025-07-01,C0411,P001,Recurring,110000,0,110000,110000,1320000
R009891,2025-08-01,C0411,P001,Recurring,110000,0,110000,110000,1320000
R009892,2025-09-01,C0411,P001,Recurring,110000,0,110000,110000,1320000
R009893,2025-10-01,C0411,P001,Recurring,110000,0,110000,110000,1320000
R009894,2025-11-01,C0411,P001,Recurring,110000,0,110000,110000,1320000
R009895,2025-12-01,C0411,P001,Recurring,110000,0,110000,110000,1320000
R009896,2025-04-01,C0412,P001,New,0,90000,90000,90000,1080000
R009897,2025-05-01,C0412,P001,Recurring,90000,0,90000,90000,1080000
R009898,2025-06-01,C0412,P001,Recurring,90000,0,90000,90000,1080000
R009899,2025-07-01,C0412,P001,Recurring,90000,0,90000,90000,1080000
R009900,2025-08-01,C0412,P001,Recurring,90000,0,90000,90000,1080000
R009901,2025-09-01,C0412,P001,Recurring,90000,0,90000,90000,1080000
R009902,2025-10-01,C0412,P001,Recurring,90000,0,90000,90000,1080000
R009903,2025-11-01,C0412,P001,Recurring,90000,0,90000,90000,1080000
R009904,2025-12-01,C0412,P001,Recurring,90000,0,90000,90000,1080000
R009905,2025-04-01,C0413,P001,New,0,135000,135000,135000,1620000
R009906,2025-05-01,C0413,P001,Recurring,135000,0,135000,135000,1620000
R009907,2025-06-01,C0413,P001,Recurring,135000,0,135000,135000,1620000
R009908,2025-07-01,C0413,P001,Recurring,135000,0,135000,135000,1620000
R009909,2025-08-01,C0413,P001,Recurring,135000,0,135000,135000,1620000
R009910,2025-09-01,C0413,P001,Recurring,135000,0,135000,135000,1620000
R009911,2025-10-01,C0413,P001,Recurring,135000,0,135000,135000,1620000
R009912,2025-11-01,C0413,P001,Recurring,135000,0,135000,135000,1620000
R009913,2025-12-01,C0413,P001,Recurring,135000,0,135000,135000,1620000
R009914,2025-04-01,C0414,P002,New,0,290000,290000,290000,3480000
R009915,2025-05-01,C0414,P002,Recurring,290000,0,290000,290000,3480000
R009916,2025-06-01,C0414,P002,Recurring,290000,0,290000,290000,3480000
R009917,2025-07-01,C0414,P002,Recurring,290000,0,290000,290000,3480000
R009918,2025-08-01,C0414,P002,Recurring,290000,0,290000,290000,3480000
R009919,2025-09-01,C0414,P002,Recurring,290000,0,290000,290000,3480000
R009920,2025-10-01,C0414,P002,Recurring,290000,0,290000,290000,3480000
R009921,2025-11-01,C0414,P002,Recurring,290000,0,290000,290000,3480000
R009922,2025-12-01,C0414,P002,Recurring,290000,0,290000,290000,3480000
R009923,2025-04-01,C0415,P001,New,0,105000,105000,105000,1260000
R009924,2025-05-01,C0415,P001,Recurring,105000,0,105000,105000,1260000
R009925,2025-06-01,C0415,P001,Recurring,105000,0,105000,105000,1260000
R009926,2025-07-01,C0415,P001,Recurring,105000,0,105000,105000,1260000
R009927,2025-08-01,C0415,P001,Recurring,105000,0,105000,105000,1260000
R009928,2025-09-01,C0415,P001,Recurring,105000,0,105000,105000,1260000
R009929,2025-10-01,C0415,P001,Recurring,105000,0,105000,105000,1260000
R009930,2025-11-01,C0415,P001,Recurring,105000,0,105000,105000,1260000
R009931,2025-12-01,C0415,P001,Recurring,105000,0,105000,105000,1260000
R009932,2025-04-01,C0416,P001,New,0,105000,105000,105000,1260000
R009933,2025-05-01,C0416,P001,Recurring,105000,0,105000,105000,1260000
R009934,2025-06-01,C0416,P001,Recurring,105000,0,105000,105000,1260000
R009935,2025-07-01,C0416,P001,Recurring,105000,0,105000,105000,1260000
R009936,2025-08-01,C0416,P001,Recurring,105000,0,105000,105000,1260000
R009937,2025-09-01,C0416,P001,Recurring,105000,0,105000,105000,1260000
R009938,2025-10-01,C0416,P001,Recurring,105000,0,105000,105000,1260000
R009939,2025-11-01,C0416,P001,Recurring,105000,0,105000,105000,1260000
R009940,2025-12-01,C0416,P001,Recurring,105000,0,105000,105000,1260000
R009941,2025-04-01,C0417,P002,New,0,500000,500000,500000,6000000
R009942,2025-05-01,C0417,P002,Recurring,500000,0,500000,500000,6000000
R009943,2025-06-01,C0417,P002,Recurring,500000,0,500000,500000,6000000
R009944,2025-07-01,C0417,P002,Recurring,500000,0,500000,500000,6000000
R009945,2025-08-01,C0417,P002,Recurring,500000,0,500000,500000,6000000
R009946,2025-09-01,C0417,P002,Recurring,500000,0,500000,500000,6000000
R009947,2025-10-01,C0417,P002,Recurring,500000,0,500000,500000,6000000
R009948,2025-11-01,C0417,P002,Recurring,500000,0,500000,500000,6000000
R009949,2025-12-01,C0417,P002,Recurring,500000,0,500000,500000,6000000
R009950,2025-04-01,C0418,P002,New,0,370000,370000,370000,4440000
R009951,2025-05-01,C0418,P002,Recurring,370000,0,370000,370000,4440000
R009952,2025-06-01,C0418,P002,Recurring,370000,0,370000,370000,4440000
R009953,2025-07-01,C0418,P002,Recurring,370000,0,370000,370000,4440000
R009954,2025-08-01,C0418,P002,Recurring,370000,0,370000,370000,4440000
R009955,2025-09-01,C0418,P002,Recurring,370000,0,370000,370000,4440000
R009956,2025-10-01,C0418,P002,Recurring,370000,0,370000,370000,4440000
R009957,2025-11-01,C0418,P002,Recurring,370000,0,370000,370000,4440000
R009958,2025-12-01,C0418,P002,Recurring,370000,0,370000,370000,4440000
R009959,2025-05-01,C0419,P002,New,0,490000,490000,490000,5880000
R009960,2025-06-01,C0419,P002,Recurring,490000,0,490000,490000,5880000
R009961,2025-07-01,C0419,P002,Recurring,490000,0,490000,490000,5880000
R009962,2025-08-01,C0419,P002,Recurring,490000,0,490000,490000,5880000
R009963,2025-09-01,C0419,P002,Recurring,490000,0,490000,490000,5880000
R009964,2025-10-01,C0419,P002,Recurring,490000,0,490000,490000,5880000
R009965,2025-11-01,C0419,P002,Recurring,490000,0,490000,490000,5880000
R009966,2025-12-01,C0419,P002,Recurring,490000,0,490000,490000,5880000
R009967,2025-05-01,C0420,P001,New,0,145000,145000,145000,1740000
R009968,2025-06-01,C0420,P001,Recurring,145000,0,145000,145000,1740000
R009969,2025-07-01,C0420,P001,Recurring,145000,0,145000,145000,1740000
R009970,2025-08-01,C0420,P001,Recurring,145000,0,145000,145000,1740000
R009971,2025-09-01,C0420,P001,Recurring,145000,0,145000,145000,1740000
R009972,2025-10-01,C0420,P001,Recurring,145000,0,145000,145000,1740000
R009973,2025-11-01,C0420,P001,Recurring,145000,0,145000,145000,1740000
R009974,2025-12-01,C0420,P001,Recurring,145000,0,145000,145000,1740000
R009975,2025-05-01,C0421,P002,New,0,410000,410000,410000,4920000
R009976,2025-06-01,C0421,P002,Recurring,410000,0,410000,410000,4920000
R009977,2025-07-01,C0421,P002,Recurring,410000,0,410000,410000,4920000
R009978,2025-08-01,C0421,P002,Recurring,410000,0,410000,410000,4920000
R009979,2025-09-01,C0421,P002,Recurring,410000,0,410000,410000,4920000
R009980,2025-10-01,C0421,P002,Recurring,410000,0,410000,410000,4920000
R009981,2025-11-01,C0421,P002,Recurring,410000,0,410000,410000,4920000
R009982,2025-12-01,C0421,P002,Recurring,410000,0,410000,410000,4920000
R009983,2025-05-01,C0422,P001,New,0,95000,95000,95000,1140000
R009984,2025-06-01,C0422,P001,Recurring,95000,0,95000,95000,1140000
R009985,2025-07-01,C0422,P001,Recurring,95000,0,95000,95000,1140000
R009986,2025-08-01,C0422,P001,Recurring,95000,0,95000,95000,1140000
R009987,2025-09-01,C0422,P001,Recurring,95000,0,95000,95000,1140000
R009988,2025-10-01,C0422,P001,Recurring,95000,0,95000,95000,1140000
R009989,2025-11-01,C0422,P001,Recurring,95000,0,95000,95000,1140000
R009990,2025-12-01,C0422,P001,Recurring,95000,0,95000,95000,1140000
R009991,2025-05-01,C0423,P001,New,0,140000,140000,140000,1680000
R009992,2025-06-01,C0423,P001,Recurring,140000,0,140000,140000,1680000
R009993,2025-07-01,C0423,P001,Recurring,140000,0,140000,140000,1680000
R009994,2025-08-01,C0423,P001,Recurring,140000,0,140000,140000,1680000
R009995,2025-09-01,C0423,P001,Recurring,140000,0,140000,140000,1680000
R009996,2025-10-01,C0423,P001,Recurring,140000,0,140000,140000,1680000
R009997,2025-11-01,C0423,P001,Recurring,140000,0,140000,140000,1680000
R009998,2025-12-01,C0423,P001,Recurring,140000,0,140000,140000,1680000
R009999,2025-05-01,C0424,P001,New,0,120000,120000,120000,1440000
R010000,2025-06-01,C0424,P001,Recurring,120000,0,120000,120000,1440000
R010001,2025-07-01,C0424,P001,Recurring,120000,0,120000,120000,1440000
R010002,2025-08-01,C0424,P001,Recurring,120000,0,120000,120000,1440000
R010003,2025-09-01,C0424,P001,Recurring,120000,0,120000,120000,1440000
R010004,2025-10-01,C0424,P001,Recurring,120000,0,120000,120000,1440000
R010005,2025-11-01,C0424,P001,Recurring,120000,0,120000,120000,1440000
R010006,2025-12-01,C0424,P001,Recurring,120000,0,120000,120000,1440000
R010007,2025-05-01,C0425,P001,New,0,135000,135000,135000,1620000
R010008,2025-06-01,C0425,P001,Recurring,135000,0,135000,135000,1620000
R010009,2025-07-01,C0425,P001,Recurring,135000,0,135000,135000,1620000
R010010,2025-08-01,C0425,P001,Recurring,135000,0,135000,135000,1620000
R010011,2025-09-01,C0425,P001,Recurring,135000,0,135000,135000,1620000
R010012,2025-10-01,C0425,P001,Recurring,135000,0,135000,135000,1620000
R010013,2025-11-01,C0425,P001,Recurring,135000,0,135000,135000,1620000
R010014,2025-12-01,C0425,P001,Recurring,135000,0,135000,135000,1620000
R010015,2025-05-01,C0426,P002,New,0,250000,250000,250000,3000000
R010016,2025-06-01,C0426,P002,Recurring,250000,0,250000,250000,3000000
R010017,2025-07-01,C0426,P002,Recurring,250000,0,250000,250000,3000000
R010018,2025-08-01,C0426,P002,Recurring,250000,0,250000,250000,3000000
R010019,2025-09-01,C0426,P002,Recurring,250000,0,250000,250000,3000000
R010020,2025-10-01,C0426,P002,Recurring,250000,0,250000,250000,3000000
R010021,2025-11-01,C0426,P002,Recurring,250000,0,250000,250000,3000000
R010022,2025-12-01,C0426,P002,Recurring,250000,0,250000,250000,3000000
R010023,2025-05-01,C0427,P002,New,0,330000,330000,330000,3960000
R010024,2025-06-01,C0427,P002,Recurring,330000,0,330000,330000,3960000
R010025,2025-07-01,C0427,P002,Recurring,330000,0,330000,330000,3960000
R010026,2025-08-01,C0427,P002,Recurring,330000,0,330000,330000,3960000
R010027,2025-09-01,C0427,P002,Recurring,330000,0,330000,330000,3960000
R010028,2025-10-01,C0427,P002,Recurring,330000,0,330000,330000,3960000
R010029,2025-11-01,C0427,P002,Recurring,330000,0,330000,330000,3960000
R010030,2025-12-01,C0427,P002,Recurring,330000,0,330000,330000,3960000
R010031,2025-05-01,C0428,P002,New,0,440000,440000,440000,5280000
R010032,2025-06-01,C0428,P002,Recurring,440000,0,440000,440000,5280000
R010033,2025-07-01,C0428,P002,Recurring,440000,0,440000,440000,5280000
R010034,2025-08-01,C0428,P002,Recurring,440000,0,440000,440000,5280000
R010035,2025-09-01,C0428,P002,Recurring,440000,0,440000,440000,5280000
R010036,2025-10-01,C0428,P002,Recurring,440000,0,440000,440000,5280000
R010037,2025-11-01,C0428,P002,Recurring,440000,0,440000,440000,5280000
R010038,2025-12-01,C0428,P002,Recurring,440000,0,440000,440000,5280000
R010039,2025-05-01,C0429,P002,New,0,480000,480000,480000,5760000
R010040,2025-06-01,C0429,P002,Recurring,480000,0,480000,480000,5760000
R010041,2025-07-01,C0429,P002,Recurring,480000,0,480000,480000,5760000
R010042,2025-08-01,C0429,P002,Recurring,480000,0,480000,480000,5760000
R010043,2025-09-01,C0429,P002,Recurring,480000,0,480000,480000,5760000
R010044,2025-10-01,C0429,P002,Recurring,480000,0,480000,480000,5760000
R010045,2025-11-01,C0429,P002,Recurring,480000,0,480000,480000,5760000
R010046,2025-12-01,C0429,P002,Recurring,480000,0,480000,480000,5760000
R010047,2025-05-01,C0430,P002,New,0,430000,430000,430000,5160000
R010048,2025-06-01,C0430,P002,Recurring,430000,0,430000,430000,5160000
R010049,2025-07-01,C0430,P002,Recurring,430000,0,430000,430000,5160000
R010050,2025-08-01,C0430,P002,Recurring,430000,0,430000,430000,5160000
R010051,2025-09-01,C0430,P002,Recurring,430000,0,430000,430000,5160000
R010052,2025-10-01,C0430,P002,Recurring,430000,0,430000,430000,5160000
R010053,2025-11-01,C0430,P002,Recurring,430000,0,430000,430000,5160000
R010054,2025-12-01,C0430,P002,Recurring,430000,0,430000,430000,5160000
R010055,2025-05-01,C0431,P002,New,0,350000,350000,350000,4200000
R010056,2025-06-01,C0431,P002,Recurring,350000,0,350000,350000,4200000
R010057,2025-07-01,C0431,P002,Recurring,350000,0,350000,350000,4200000
R010058,2025-08-01,C0431,P002,Recurring,350000,0,350000,350000,4200000
R010059,2025-09-01,C0431,P002,Recurring,350000,0,350000,350000,4200000
R010060,2025-10-01,C0431,P002,Recurring,350000,0,350000,350000,4200000
R010061,2025-11-01,C0431,P002,Recurring,350000,0,350000,350000,4200000
R010062,2025-12-01,C0431,P002,Recurring,350000,0,350000,350000,4200000
R010063,2025-06-01,C0432,P001,New,0,160000,160000,160000,1920000
R010064,2025-07-01,C0432,P001,Recurring,160000,0,160000,160000,1920000
R010065,2025-08-01,C0432,P001,Recurring,160000,0,160000,160000,1920000
R010066,2025-09-01,C0432,P001,Recurring,160000,0,160000,160000,1920000
R010067,2025-10-01,C0432,P001,Recurring,160000,0,160000,160000,1920000
R010068,2025-11-01,C0432,P001,Recurring,160000,0,160000,160000,1920000
R010069,2025-12-01,C0432,P001,Recurring,160000,0,160000,160000,1920000
R010070,2025-06-01,C0433,P001,New,0,130000,130000,130000,1560000
R010071,2025-07-01,C0433,P001,Recurring,130000,0,130000,130000,1560000
R010072,2025-08-01,C0433,P001,Recurring,130000,0,130000,130000,1560000
R010073,2025-09-01,C0433,P001,Recurring,130000,0,130000,130000,1560000
R010074,2025-10-01,C0433,P001,Recurring,130000,0,130000,130000,1560000
R010075,2025-11-01,C0433,P001,Recurring,130000,0,130000,130000,1560000
R010076,2025-12-01,C0433,P001,Recurring,130000,0,130000,130000,1560000
R010077,2025-06-01,C0434,P002,New,0,280000,280000,280000,3360000
R010078,2025-07-01,C0434,P002,Recurring,280000,0,280000,280000,3360000
R010079,2025-08-01,C0434,P002,Recurring,280000,0,280000,280000,3360000
R010080,2025-09-01,C0434,P002,Recurring,280000,0,280000,280000,3360000
R010081,2025-10-01,C0434,P002,Recurring,280000,0,280000,280000,3360000
R010082,2025-11-01,C0434,P002,Recurring,280000,0,280000,280000,3360000
R010083,2025-12-01,C0434,P002,Recurring,280000,0,280000,280000,3360000
R010084,2025-06-01,C0435,P001,New,0,150000,150000,150000,1800000
R010085,2025-07-01,C0435,P001,Recurring,150000,0,150000,150000,1800000
R010086,2025-08-01,C0435,P001,Recurring,150000,0,150000,150000,1800000
R010087,2025-09-01,C0435,P001,Recurring,150000,0,150000,150000,1800000
R010088,2025-10-01,C0435,P001,Recurring,150000,0,150000,150000,1800000
R010089,2025-11-01,C0435,P001,Recurring,150000,0,150000,150000,1800000
R010090,2025-12-01,C0435,P001,Recurring,150000,0,150000,150000,1800000
R010091,2025-06-01,C0436,P001,New,0,90000,90000,90000,1080000
R010092,2025-07-01,C0436,P001,Recurring,90000,0,90000,90000,1080000
R010093,2025-08-01,C0436,P001,Recurring,90000,0,90000,90000,1080000
R010094,2025-09-01,C0436,P001,Recurring,90000,0,90000,90000,1080000
R010095,2025-10-01,C0436,P001,Recurring,90000,0,90000,90000,1080000
R010096,2025-11-01,C0436,P001,Recurring,90000,0,90000,90000,1080000
R010097,2025-12-01,C0436,P001,Recurring,90000,0,90000,90000,1080000
R010098,2025-06-01,C0437,P001,New,0,95000,95000,95000,1140000
R010099,2025-07-01,C0437,P001,Recurring,95000,0,95000,95000,1140000
R010100,2025-08-01,C0437,P001,Recurring,95000,0,95000,95000,1140000
R010101,2025-09-01,C0437,P001,Recurring,95000,0,95000,95000,1140000
R010102,2025-10-01,C0437,P001,Recurring,95000,0,95000,95000,1140000
R010103,2025-11-01,C0437,P001,Recurring,95000,0,95000,95000,1140000
R010104,2025-12-01,C0437,P001,Recurring,95000,0,95000,95000,1140000
R010105,2025-06-01,C0438,P002,New,0,310000,310000,310000,3720000
R010106,2025-07-01,C0438,P002,Recurring,310000,0,310000,310000,3720000
R010107,2025-08-01,C0438,P002,Recurring,310000,0,310000,310000,3720000
R010108,2025-09-01,C0438,P002,Recurring,310000,0,310000,310000,3720000
R010109,2025-10-01,C0438,P002,Recurring,310000,0,310000,310000,3720000
R010110,2025-11-01,C0438,P002,Recurring,310000,0,310000,310000,3720000
R010111,2025-12-01,C0438,P002,Recurring,310000,0,310000,310000,3720000
R010112,2025-06-01,C0439,P001,New,0,155000,155000,155000,1860000
R010113,2025-07-01,C0439,P001,Recurring,155000,0,155000,155000,1860000
R010114,2025-08-01,C0439,P001,Recurring,155000,0,155000,155000,1860000
R010115,2025-09-01,C0439,P001,Recurring,155000,0,155000,155000,1860000
R010116,2025-10-01,C0439,P001,Recurring,155000,0,155000,155000,1860000
R010117,2025-11-01,C0439,P001,Recurring,155000,0,155000,155000,1860000
R010118,2025-12-01,C0439,P001,Recurring,155000,0,155000,155000,1860000
R010119,2025-06-01,C0440,P001,New,0,110000,110000,110000,1320000
R010120,2025-07-01,C0440,P001,Recurring,110000,0,110000,110000,1320000
R010121,2025-08-01,C0440,P001,Recurring,110000,0,110000,110000,1320000
R010122,2025-09-01,C0440,P001,Recurring,110000,0,110000,110000,1320000
R010123,2025-10-01,C0440,P001,Recurring,110000,0,110000,110000,1320000
R010124,2025-11-01,C0440,P001,Recurring,110000,0,110000,110000,1320000
R010125,2025-12-01,C0440,P001,Recurring,110000,0,110000,110000,1320000
R010126,2025-06-01,C0441,P001,New,0,140000,140000,140000,1680000
R010127,2025-07-01,C0441,P001,Recurring,140000,0,140000,140000,1680000
R010128,2025-08-01,C0441,P001,Recurring,140000,0,140000,140000,1680000
R010129,2025-09-01,C0441,P001,Recurring,140000,0,140000,140000,1680000
R010130,2025-10-01,C0441,P001,Recurring,140000,0,140000,140000,1680000
R010131,2025-11-01,C0441,P001,Recurring,140000,0,140000,140000,1680000
R010132,2025-12-01,C0441,P001,Recurring,140000,0,140000,140000,1680000
R010133,2025-06-01,C0442,P002,New,0,400000,400000,400000,4800000
R010134,2025-07-01,C0442,P002,Recurring,400000,0,400000,400000,4800000
R010135,2025-08-01,C0442,P002,Recurring,400000,0,400000,400000,4800000
R010136,2025-09-01,C0442,P002,Recurring,400000,0,400000,400000,4800000
R010137,2025-10-01,C0442,P002,Recurring,400000,0,400000,400000,4800000
R010138,2025-11-01,C0442,P002,Recurring,400000,0,400000,400000,4800000
R010139,2025-12-01,C0442,P002,Recurring,400000,0,400000,400000,4800000
R010140,2025-06-01,C0443,P002,New,0,250000,250000,250000,3000000
R010141,2025-07-01,C0443,P002,Recurring,250000,0,250000,250000,3000000
R010142,2025-08-01,C0443,P002,Recurring,250000,0,250000,250000,3000000
R010143,2025-09-01,C0443,P002,Recurring,250000,0,250000,250000,3000000
R010144,2025-10-01,C0443,P002,Recurring,250000,0,250000,250000,3000000
R010145,2025-11-01,C0443,P002,Recurring,250000,0,250000,250000,3000000
R010146,2025-12-01,C0443,P002,Recurring,250000,0,250000,250000,3000000
R010147,2025-06-01,C0444,P001,New,0,115000,115000,115000,1380000
R010148,2025-07-01,C0444,P001,Recurring,115000,0,115000,115000,1380000
R010149,2025-08-01,C0444,P001,Recurring,115000,0,115000,115000,1380000
R010150,2025-09-01,C0444,P001,Recurring,115000,0,115000,115000,1380000
R010151,2025-10-01,C0444,P001,Recurring,115000,0,115000,115000,1380000
R010152,2025-11-01,C0444,P001,Recurring,115000,0,115000,115000,1380000
R010153,2025-12-01,C0444,P001,Recurring,115000,0,115000,115000,1380000
R010154,2025-06-01,C0445,P002,New,0,370000,370000,370000,4440000
R010155,2025-07-01,C0445,P002,Recurring,370000,0,370000,370000,4440000
R010156,2025-08-01,C0445,P002,Recurring,370000,0,370000,370000,4440000
R010157,2025-09-01,C0445,P002,Recurring,370000,0,370000,370000,4440000
R010158,2025-10-01,C0445,P002,Recurring,370000,0,370000,370000,4440000
R010159,2025-11-01,C0445,P002,Recurring,370000,0,370000,370000,4440000
R010160,2025-12-01,C0445,P002,Recurring,370000,0,370000,370000,4440000
R010161,2025-07-01,C0446,P001,New,0,125000,125000,125000,1500000
R010162,2025-08-01,C0446,P001,Recurring,125000,0,125000,125000,1500000
R010163,2025-09-01,C0446,P001,Recurring,125000,0,125000,125000,1500000
R010164,2025-10-01,C0446,P001,Recurring,125000,0,125000,125000,1500000
R010165,2025-11-01,C0446,P001,Recurring,125000,0,125000,125000,1500000
R010166,2025-12-01,C0446,P001,Recurring,125000,0,125000,125000,1500000
R010167,2025-07-01,C0447,P001,New,0,155000,155000,155000,1860000
R010168,2025-08-01,C0447,P001,Recurring,155000,0,155000,155000,1860000
R010169,2025-09-01,C0447,P001,Recurring,155000,0,155000,155000,1860000
R010170,2025-10-01,C0447,P001,Recurring,155000,0,155000,155000,1860000
R010171,2025-11-01,C0447,P001,Recurring,155000,0,155000,155000,1860000
R010172,2025-12-01,C0447,P001,Recurring,155000,0,155000,155000,1860000
R010173,2025-07-01,C0448,P001,New,0,125000,125000,125000,1500000
R010174,2025-08-01,C0448,P001,Recurring,125000,0,125000,125000,1500000
R010175,2025-09-01,C0448,P001,Recurring,125000,0,125000,125000,1500000
R010176,2025-10-01,C0448,P001,Recurring,125000,0,125000,125000,1500000
R010177,2025-11-01,C0448,P001,Recurring,125000,0,125000,125000,1500000
R010178,2025-12-01,C0448,P001,Recurring,125000,0,125000,125000,1500000
R010179,2025-07-01,C0449,P001,New,0,120000,120000,120000,1440000
R010180,2025-08-01,C0449,P001,Recurring,120000,0,120000,120000,1440000
R010181,2025-09-01,C0449,P001,Recurring,120000,0,120000,120000,1440000
R010182,2025-10-01,C0449,P001,Recurring,120000,0,120000,120000,1440000
R010183,2025-11-01,C0449,P001,Recurring,120000,0,120000,120000,1440000
R010184,2025-12-01,C0449,P001,Recurring,120000,0,120000,120000,1440000
R010185,2025-07-01,C0450,P002,New,0,250000,250000,250000,3000000
R010186,2025-08-01,C0450,P002,Recurring,250000,0,250000,250000,3000000
R010187,2025-09-01,C0450,P002,Recurring,250000,0,250000,250000,3000000
R010188,2025-10-01,C0450,P002,Recurring,250000,0,250000,250000,3000000
R010189,2025-11-01,C0450,P002,Recurring,250000,0,250000,250000,3000000
R010190,2025-12-01,C0450,P002,Recurring,250000,0,250000,250000,3000000
R010191,2025-07-01,C0451,P001,New,0,170000,170000,170000,2040000
R010192,2025-08-01,C0451,P001,Recurring,170000,0,170000,170000,2040000
R010193,2025-09-01,C0451,P001,Recurring,170000,0,170000,170000,2040000
R010194,2025-10-01,C0451,P001,Recurring,170000,0,170000,170000,2040000
R010195,2025-11-01,C0451,P001,Recurring,170000,0,170000,170000,2040000
R010196,2025-12-01,C0451,P001,Recurring,170000,0,170000,170000,2040000
R010197,2025-07-01,C0452,P001,New,0,120000,120000,120000,1440000
R010198,2025-08-01,C0452,P001,Recurring,120000,0,120000,120000,1440000
R010199,2025-09-01,C0452,P001,Recurring,120000,0,120000,120000,1440000
R010200,2025-10-01,C0452,P001,Recurring,120000,0,120000,120000,1440000
R010201,2025-11-01,C0452,P001,Recurring,120000,0,120000,120000,1440000
R010202,2025-12-01,C0452,P001,Recurring,120000,0,120000,120000,1440000
R010203,2025-07-01,C0453,P002,New,0,360000,360000,360000,4320000
R010204,2025-08-01,C0453,P002,Recurring,360000,0,360000,360000,4320000
R010205,2025-09-01,C0453,P002,Recurring,360000,0,360000,360000,4320000
R010206,2025-10-01,C0453,P002,Recurring,360000,0,360000,360000,4320000
R010207,2025-11-01,C0453,P002,Recurring,360000,0,360000,360000,4320000
R010208,2025-12-01,C0453,P002,Recurring,360000,0,360000,360000,4320000
R010209,2025-07-01,C0454,P002,New,0,480000,480000,480000,5760000
R010210,2025-08-01,C0454,P002,Recurring,480000,0,480000,480000,5760000
R010211,2025-09-01,C0454,P002,Recurring,480000,0,480000,480000,5760000
R010212,2025-10-01,C0454,P002,Recurring,480000,0,480000,480000,5760000
R010213,2025-11-01,C0454,P002,Recurring,480000,0,480000,480000,5760000
R010214,2025-12-01,C0454,P002,Recurring,480000,0,480000,480000,5760000
R010215,2025-07-01,C0455,P001,New,0,170000,170000,170000,2040000
R010216,2025-08-01,C0455,P001,Recurring,170000,0,170000,170000,2040000
R010217,2025-09-01,C0455,P001,Recurring,170000,0,170000,170000,2040000
R010218,2025-10-01,C0455,P001,Recurring,170000,0,170000,170000,2040000
R010219,2025-11-01,C0455,P001,Recurring,170000,0,170000,170000,2040000
R010220,2025-12-01,C0455,P001,Recurring,170000,0,170000,170000,2040000
R010221,2025-07-01,C0456,P002,New,0,280000,280000,280000,3360000
R010222,2025-08-01,C0456,P002,Recurring,280000,0,280000,280000,3360000
R010223,2025-09-01,C0456,P002,Recurring,280000,0,280000,280000,3360000
R010224,2025-10-01,C0456,P002,Recurring,280000,0,280000,280000,3360000
R010225,2025-11-01,C0456,P002,Recurring,280000,0,280000,280000,3360000
R010226,2025-12-01,C0456,P002,Recurring,280000,0,280000,280000,3360000
R010227,2025-07-01,C0457,P002,New,0,370000,370000,370000,4440000
R010228,2025-08-01,C0457,P002,Recurring,370000,0,370000,370000,4440000
R010229,2025-09-01,C0457,P002,Recurring,370000,0,370000,370000,4440000
R010230,2025-10-01,C0457,P002,Recurring,370000,0,370000,370000,4440000
R010231,2025-11-01,C0457,P002,Recurring,370000,0,370000,370000,4440000
R010232,2025-12-01,C0457,P002,Recurring,370000,0,370000,370000,4440000
R010233,2025-07-01,C0458,P001,New,0,95000,95000,95000,1140000
R010234,2025-08-01,C0458,P001,Recurring,95000,0,95000,95000,1140000
R010235,2025-09-01,C0458,P001,Recurring,95000,0,95000,95000,1140000
R010236,2025-10-01,C0458,P001,Recurring,95000,0,95000,95000,1140000
R010237,2025-11-01,C0458,P001,Recurring,95000,0,95000,95000,1140000
R010238,2025-12-01,C0458,P001,Recurring,95000,0,95000,95000,1140000
R010239,2025-08-01,C0459,P002,New,0,350000,350000,350000,4200000
R010240,2025-09-01,C0459,P002,Recurring,350000,0,350000,350000,4200000
R010241,2025-10-01,C0459,P002,Recurring,350000,0,350000,350000,4200000
R010242,2025-11-01,C0459,P002,Recurring,350000,0,350000,350000,4200000
R010243,2025-12-01,C0459,P002,Recurring,350000,0,350000,350000,4200000
R010244,2025-08-01,C0460,P002,New,0,390000,390000,390000,4680000
R010245,2025-09-01,C0460,P002,Recurring,390000,0,390000,390000,4680000
R010246,2025-10-01,C0460,P002,Recurring,390000,0,390000,390000,4680000
R010247,2025-11-01,C0460,P002,Recurring,390000,0,390000,390000,4680000
R010248,2025-12-01,C0460,P002,Recurring,390000,0,390000,390000,4680000
R010249,2025-08-01,C0461,P001,New,0,160000,160000,160000,1920000
R010250,2025-09-01,C0461,P001,Recurring,160000,0,160000,160000,1920000
R010251,2025-10-01,C0461,P001,Recurring,160000,0,160000,160000,1920000
R010252,2025-11-01,C0461,P001,Recurring,160000,0,160000,160000,1920000
R010253,2025-12-01,C0461,P001,Recurring,160000,0,160000,160000,1920000
R010254,2025-08-01,C0462,P001,New,0,95000,95000,95000,1140000
R010255,2025-09-01,C0462,P001,Recurring,95000,0,95000,95000,1140000
R010256,2025-10-01,C0462,P001,Recurring,95000,0,95000,95000,1140000
R010257,2025-11-01,C0462,P001,Recurring,95000,0,95000,95000,1140000
R010258,2025-12-01,C0462,P001,Recurring,95000,0,95000,95000,1140000
R010259,2025-08-01,C0463,P002,New,0,300000,300000,300000,3600000
R010260,2025-09-01,C0463,P002,Recurring,300000,0,300000,300000,3600000
R010261,2025-10-01,C0463,P002,Recurring,300000,0,300000,300000,3600000
R010262,2025-11-01,C0463,P002,Recurring,300000,0,300000,300000,3600000
R010263,2025-12-01,C0463,P002,Recurring,300000,0,300000,300000,3600000
R010264,2025-08-01,C0464,P002,New,0,360000,360000,360000,4320000
R010265,2025-09-01,C0464,P002,Recurring,360000,0,360000,360000,4320000
R010266,2025-10-01,C0464,P002,Recurring,360000,0,360000,360000,4320000
R010267,2025-11-01,C0464,P002,Recurring,360000,0,360000,360000,4320000
R010268,2025-12-01,C0464,P002,Recurring,360000,0,360000,360000,4320000
R010269,2025-08-01,C0465,P001,New,0,140000,140000,140000,1680000
R010270,2025-09-01,C0465,P001,Recurring,140000,0,140000,140000,1680000
R010271,2025-10-01,C0465,P001,Recurring,140000,0,140000,140000,1680000
R010272,2025-11-01,C0465,P001,Recurring,140000,0,140000,140000,1680000
R010273,2025-12-01,C0465,P001,Recurring,140000,0,140000,140000,1680000
R010274,2025-08-01,C0466,P001,New,0,140000,140000,140000,1680000
R010275,2025-09-01,C0466,P001,Recurring,140000,0,140000,140000,1680000
R010276,2025-10-01,C0466,P001,Recurring,140000,0,140000,140000,1680000
R010277,2025-11-01,C0466,P001,Recurring,140000,0,140000,140000,1680000
R010278,2025-12-01,C0466,P001,Recurring,140000,0,140000,140000,1680000
R010279,2025-08-01,C0467,P001,New,0,105000,105000,105000,1260000
R010280,2025-09-01,C0467,P001,Recurring,105000,0,105000,105000,1260000
R010281,2025-10-01,C0467,P001,Recurring,105000,0,105000,105000,1260000
R010282,2025-11-01,C0467,P001,Recurring,105000,0,105000,105000,1260000
R010283,2025-12-01,C0467,P001,Recurring,105000,0,105000,105000,1260000
R010284,2025-08-01,C0468,P002,New,0,470000,470000,470000,5640000
R010285,2025-09-01,C0468,P002,Recurring,470000,0,470000,470000,5640000
R010286,2025-10-01,C0468,P002,Recurring,470000,0,470000,470000,5640000
R010287,2025-11-01,C0468,P002,Recurring,470000,0,470000,470000,5640000
R010288,2025-12-01,C0468,P002,Recurring,470000,0,470000,470000,5640000
R010289,2025-08-01,C0469,P002,New,0,470000,470000,470000,5640000
R010290,2025-09-01,C0469,P002,Recurring,470000,0,470000,470000,5640000
R010291,2025-10-01,C0469,P002,Recurring,470000,0,470000,470000,5640000
R010292,2025-11-01,C0469,P002,Recurring,470000,0,470000,470000,5640000
R010293,2025-12-01,C0469,P002,Recurring,470000,0,470000,470000,5640000
R010294,2025-08-01,C0470,P002,New,0,310000,310000,310000,3720000
R010295,2025-09-01,C0470,P002,Recurring,310000,0,310000,310000,3720000
R010296,2025-10-01,C0470,P002,Recurring,310000,0,310000,310000,3720000
R010297,2025-11-01,C0470,P002,Recurring,310000,0,310000,310000,3720000
R010298,2025-12-01,C0470,P002,Recurring,310000,0,310000,310000,3720000
R010299,2025-08-01,C0471,P001,New,0,100000,100000,100000,1200000
R010300,2025-09-01,C0471,P001,Recurring,100000,0,100000,100000,1200000
R010301,2025-10-01,C0471,P001,Recurring,100000,0,100000,100000,1200000
R010302,2025-11-01,C0471,P001,Recurring,100000,0,100000,100000,1200000
R010303,2025-12-01,C0471,P001,Recurring,100000,0,100000,100000,1200000
R010304,2025-09-01,C0472,P002,New,0,350000,350000,350000,4200000
R010305,2025-10-01,C0472,P002,Recurring,350000,0,350000,350000,4200000
R010306,2025-11-01,C0472,P002,Recurring,350000,0,350000,350000,4200000
R010307,2025-12-01,C0472,P002,Recurring,350000,0,350000,350000,4200000
R010308,2025-09-01,C0473,P001,New,0,125000,125000,125000,1500000
R010309,2025-10-01,C0473,P001,Recurring,125000,0,125000,125000,1500000
R010310,2025-11-01,C0473,P001,Recurring,125000,0,125000,125000,1500000
R010311,2025-12-01,C0473,P001,Recurring,125000,0,125000,125000,1500000
R010312,2025-09-01,C0474,P002,New,0,370000,370000,370000,4440000
R010313,2025-10-01,C0474,P002,Recurring,370000,0,370000,370000,4440000
R010314,2025-11-01,C0474,P002,Recurring,370000,0,370000,370000,4440000
R010315,2025-12-01,C0474,P002,Recurring,370000,0,370000,370000,4440000
R010316,2025-09-01,C0475,P001,New,0,165000,165000,165000,1980000
R010317,2025-10-01,C0475,P001,Recurring,165000,0,165000,165000,1980000
R010318,2025-11-01,C0475,P001,Recurring,165000,0,165000,165000,1980000
R010319,2025-12-01,C0475,P001,Recurring,165000,0,165000,165000,1980000
R010320,2025-09-01,C0476,P001,New,0,110000,110000,110000,1320000
R010321,2025-10-01,C0476,P001,Recurring,110000,0,110000,110000,1320000
R010322,2025-11-01,C0476,P001,Recurring,110000,0,110000,110000,1320000
R010323,2025-12-01,C0476,P001,Recurring,110000,0,110000,110000,1320000
R010324,2025-09-01,C0477,P001,New,0,95000,95000,95000,1140000
R010325,2025-10-01,C0477,P001,Recurring,95000,0,95000,95000,1140000
R010326,2025-11-01,C0477,P001,Recurring,95000,0,95000,95000,1140000
R010327,2025-12-01,C0477,P001,Recurring,95000,0,95000,95000,1140000
R010328,2025-09-01,C0478,P001,New,0,95000,95000,95000,1140000
R010329,2025-10-01,C0478,P001,Recurring,95000,0,95000,95000,1140000
R010330,2025-11-01,C0478,P001,Recurring,95000,0,95000,95000,1140000
R010331,2025-12-01,C0478,P001,Recurring,95000,0,95000,95000,1140000
R010332,2025-09-01,C0479,P001,New,0,105000,105000,105000,1260000
R010333,2025-10-01,C0479,P001,Recurring,105000,0,105000,105000,1260000
R010334,2025-11-01,C0479,P001,Recurring,105000,0,105000,105000,1260000
R010335,2025-12-01,C0479,P001,Recurring,105000,0,105000,105000,1260000
R010336,2025-09-01,C0480,P002,New,0,310000,310000,310000,3720000
R010337,2025-10-01,C0480,P002,Recurring,310000,0,310000,310000,3720000
R010338,2025-11-01,C0480,P002,Recurring,310000,0,310000,310000,3720000
R010339,2025-12-01,C0480,P002,Recurring,310000,0,310000,310000,3720000
R010340,2025-09-01,C0481,P001,New,0,105000,105000,105000,1260000
R010341,2025-10-01,C0481,P001,Recurring,105000,0,105000,105000,1260000
R010342,2025-11-01,C0481,P001,Recurring,105000,0,105000,105000,1260000
R010343,2025-12-01,C0481,P001,Recurring,105000,0,105000,105000,1260000
R010344,2025-09-01,C0482,P002,New,0,290000,290000,290000,3480000
R010345,2025-10-01,C0482,P002,Recurring,290000,0,290000,290000,3480000
R010346,2025-11-01,C0482,P002,Recurring,290000,0,290000,290000,3480000
R010347,2025-12-01,C0482,P002,Recurring,290000,0,290000,290000,3480000
R010348,2025-09-01,C0483,P002,New,0,300000,300000,300000,3600000
R010349,2025-10-01,C0483,P002,Recurring,300000,0,300000,300000,3600000
R010350,2025-11-01,C0483,P002,Recurring,300000,0,300000,300000,3600000
R010351,2025-12-01,C0483,P002,Recurring,300000,0,300000,300000,3600000
R010352,2025-09-01,C0484,P002,New,0,340000,340000,340000,4080000
R010353,2025-10-01,C0484,P002,Recurring,340000,0,340000,340000,4080000
R010354,2025-11-01,C0484,P002,Recurring,340000,0,340000,340000,4080000
R010355,2025-12-01,C0484,P002,Recurring,340000,0,340000,340000,4080000
R010356,2025-09-01,C0485,P002,New,0,450000,450000,450000,5400000
R010357,2025-10-01,C0485,P002,Recurring,450000,0,450000,450000,5400000
R010358,2025-11-01,C0485,P002,Recurring,450000,0,450000,450000,5400000
R010359,2025-12-01,C0485,P002,Recurring,450000,0,450000,450000,5400000
R010360,2025-09-01,C0486,P002,New,0,320000,320000,320000,3840000
R010361,2025-10-01,C0486,P002,Recurring,320000,0,320000,320000,3840000
R010362,2025-11-01,C0486,P002,Recurring,320000,0,320000,320000,3840000
R010363,2025-12-01,C0486,P002,Recurring,320000,0,320000,320000,3840000
R010364,2025-09-01,C0487,P002,New,0,300000,300000,300000,3600000
R010365,2025-10-01,C0487,P002,Recurring,300000,0,300000,300000,3600000
R010366,2025-11-01,C0487,P002,Recurring,300000,0,300000,300000,3600000
R010367,2025-12-01,C0487,P002,Recurring,300000,0,300000,300000,3600000
R010368,2025-10-01,C0488,P001,New,0,90000,90000,90000,1080000
R010369,2025-11-01,C0488,P001,Recurring,90000,0,90000,90000,1080000
R010370,2025-12-01,C0488,P001,Recurring,90000,0,90000,90000,1080000
R010371,2025-10-01,C0489,P001,New,0,170000,170000,170000,2040000
R010372,2025-11-01,C0489,P001,Recurring,170000,0,170000,170000,2040000
R010373,2025-12-01,C0489,P001,Recurring,170000,0,170000,170000,2040000
R010374,2025-10-01,C0490,P001,New,0,90000,90000,90000,1080000
R010375,2025-11-01,C0490,P001,Recurring,90000,0,90000,90000,1080000
R010376,2025-12-01,C0490,P001,Recurring,90000,0,90000,90000,1080000
R010377,2025-10-01,C0491,P001,New,0,145000,145000,145000,1740000
R010378,2025-11-01,C0491,P001,Recurring,145000,0,145000,145000,1740000
R010379,2025-12-01,C0491,P001,Recurring,145000,0,145000,145000,1740000
R010380,2025-10-01,C0492,P001,New,0,110000,110000,110000,1320000
R010381,2025-11-01,C0492,P001,Recurring,110000,0,110000,110000,1320000
R010382,2025-12-01,C0492,P001,Recurring,110000,0,110000,110000,1320000
R010383,2025-10-01,C0493,P002,New,0,330000,330000,330000,3960000
R010384,2025-11-01,C0493,P002,Recurring,330000,0,330000,330000,3960000
R010385,2025-12-01,C0493,P002,Recurring,330000,0,330000,330000,3960000
R010386,2025-10-01,C0494,P002,New,0,500000,500000,500000,6000000
R010387,2025-11-01,C0494,P002,Recurring,500000,0,500000,500000,6000000
R010388,2025-12-01,C0494,P002,Recurring,500000,0,500000,500000,6000000
R010389,2025-10-01,C0495,P001,New,0,130000,130000,130000,1560000
R010390,2025-11-01,C0495,P001,Recurring,130000,0,130000,130000,1560000
R010391,2025-12-01,C0495,P001,Recurring,130000,0,130000,130000,1560000
R010392,2025-10-01,C0496,P001,New,0,95000,95000,95000,1140000
R010393,2025-11-01,C0496,P001,Recurring,95000,0,95000,95000,1140000
R010394,2025-12-01,C0496,P001,Recurring,95000,0,95000,95000,1140000
R010395,2025-10-01,C0497,P002,New,0,490000,490000,490000,5880000
R010396,2025-11-01,C0497,P002,Recurring,490000,0,490000,490000,5880000
R010397,2025-12-01,C0497,P002,Recurring,490000,0,490000,490000,5880000
R010398,2025-10-01,C0498,P001,New,0,90000,90000,90000,1080000
R010399,2025-11-01,C0498,P001,Recurring,90000,0,90000,90000,1080000
R010400,2025-12-01,C0498,P001,Recurring,90000,0,90000,90000,1080000
R010401,2025-10-01,C0499,P001,New,0,160000,160000,160000,1920000
R010402,2025-11-01,C0499,P001,Recurring,160000,0,160000,160000,1920000
R010403,2025-12-01,C0499,P001,Recurring,160000,0,160000,160000,1920000
R010404,2025-10-01,C0500,P002,New,0,400000,400000,400000,4800000
R010405,2025-11-01,C0500,P002,Recurring,400000,0,400000,400000,4800000
R010406,2025-12-01,C0500,P002,Recurring,400000,0,400000,400000,4800000
R010407,2025-10-01,C0501,P002,New,0,350000,350000,350000,4200000
R010408,2025-11-01,C0501,P002,Recurring,350000,0,350000,350000,4200000
R010409,2025-12-01,C0501,P002,Recurring,350000,0,350000,350000,4200000
R010410,2025-10-01,C0502,P001,New,0,125000,125000,125000,1500000
R010411,2025-11-01,C0502,P001,Recurring,125000,0,125000,125000,1500000
R010412,2025-12-01,C0502,P001,Recurring,125000,0,125000,125000,1500000
R010413,2025-11-01,C0503,P002,New,0,350000,350000,350000,4200000
R010414,2025-12-01,C0503,P002,Recurring,350000,0,350000,350000,4200000
R010415,2025-11-01,C0504,P002,New,0,270000,270000,270000,3240000
R010416,2025-12-01,C0504,P002,Recurring,270000,0,270000,270000,3240000
R010417,2025-11-01,C0505,P002,New,0,280000,280000,280000,3360000
R010418,2025-12-01,C0505,P002,Recurring,280000,0,280000,280000,3360000
R010419,2025-11-01,C0506,P002,New,0,480000,480000,480000,5760000
R010420,2025-12-01,C0506,P002,Recurring,480000,0,480000,480000,5760000
R010421,2025-11-01,C0507,P001,New,0,140000,140000,140000,1680000
R010422,2025-12-01,C0507,P001,Recurring,140000,0,140000,140000,1680000
R010423,2025-11-01,C0508,P002,New,0,250000,250000,250000,3000000
R010424,2025-12-01,C0508,P002,Recurring,250000,0,250000,250000,3000000
R010425,2025-11-01,C0509,P001,New,0,160000,160000,160000,1920000
R010426,2025-12-01,C0509,P001,Recurring,160000,0,160000,160000,1920000
R010427,2025-11-01,C0510,P002,New,0,320000,320000,320000,3840000
R010428,2025-12-01,C0510,P002,Recurring,320000,0,320000,320000,3840000
R010429,2025-11-01,C0511,P002,New,0,390000,390000,390000,4680000
R010430,2025-12-01,C0511,P002,Recurring,390000,0,390000,390000,4680000
R010431,2025-11-01,C0512,P001,New,0,120000,120000,120000,1440000
R010432,2025-12-01,C0512,P001,Recurring,120000,0,120000,120000,1440000
R010433,2025-11-01,C0513,P002,New,0,280000,280000,280000,3360000
R010434,2025-12-01,C0513,P002,Recurring,280000,0,280000,280000,3360000
R010435,2025-11-01,C0514,P002,New,0,410000,410000,410000,4920000
R010436,2025-12-01,C0514,P002,Recurring,410000,0,410000,410000,4920000
R010437,2025-11-01,C0515,P002,New,0,310000,310000,310000,3720000
R010438,2025-12-01,C0515,P002,Recurring,310000,0,310000,310000,3720000
R010439,2025-11-01,C0516,P002,New,0,370000,370000,370000,4440000
R010440,2025-12-01,C0516,P002,Recurring,370000,0,370000,370000,4440000
R010441,2025-12-01,C0517,P001,New,0,160000,160000,160000,1920000
R010442,2025-12-01,C0518,P002,New,0,300000,300000,300000,3600000
R010443,2025-12-01,C0519,P001,New,0,145000,145000,145000,1740000
R010444,2025-12-01,C0520,P002,New,0,390000,390000,390000,4680000
R010445,2025-12-01,C0521,P002,New,0,330000,330000,330000,3960000
R010446,2025-12-01,C0522,P002,New,0,410000,410000,410000,4920000
R010447,2025-12-01,C0523,P001,New,0,140000,140000,140000,1680000
R010448,2025-12-01,C0524,P002,New,0,370000,370000,370000,4440000
R010449,2025-12-01,C0525,P002,New,0,290000,290000,290000,3480000
R010450,2025-12-01,C0526,P001,New,0,165000,165000,165000,1980000
R010451,2025-12-01,C0527,P001,New,0,125000,125000,125000,1500000
R010452,2025-12-01,C0528,P002,New,0,400000,400000,400000,4800000
R010453,2025-12-01,C0529,P002,New,0,250000,250000,250000,3000000
